사업장명,시도명,시군구명,소재지도로명주소,소재지지번주소,위도,경도,위반내용,전화번호,대표자명,환경오염위반유형구분명,데이터기준일자,제공기관코드,제공기관명
대경사료(주),대구광역시,달성군,대구광역시 달성군 구지면 국가산단동로42길 2-29,대구광역시 달성군 구지면 예현리 430,35.644547,128.433354,대기환경보전법 제39조제1항에 따른 자가측정을 위반한 다음과 같은 경우-자가측정을 하지 아니하거나 자가측정 횟수가 적정하지 아니한 경우,053-616-2080,,대기,2026-06-24,3480000,대구광역시 달성군
(주)와이엠피라이팅,대구광역시,달성군,대구광역시 달성군 구지면 달성2차동1로 10,대구광역시 달성군 구지면 내리 852-12,35.632003,128.420718,대기환경보전법 제31조제1항을 위반하여 다음과 같은 행위를 하는 경우-방지시설에 딸린 기계·기구류(예비용을 포함한다)의 고장 또는 훼손을 정당한 사유 없이 방치하는 행위,053-352-3523,,대기,2026-06-24,3480000,대구광역시 달성군
한국에스케이에프씰(주) 3공장,대구광역시,달성군,대구광역시 달성군 논공읍 논공중앙로45길 33,대구광역시 달성군 논공읍 북리 1-156,35.73499,128.456554,대기환경보전법 제23조에 따라 배출시설설치허가(변경허가를 포함한다)를 받지 아니하거나 신고를 하지 아니하고 배출시설을 설치한 경우-해당지역이 배출시설의 설치가 가능한 지역인 경우,053-719-2481,,대기,2026-06-24,3480000,대구광역시 달성군
우주산업,대구광역시,달성군,대구광역시 달성군 하빈면 하빈남로 350-8,대구광역시 달성군 하빈면 봉촌리 844,35.861341,128.398868,대기환경보전법 제31조제2항에 따른 배출시설 및 방지시설의 운영에 관한 관리기록을 거짓으로 기재하였거나 보존·비치하지 아니한 경우,053-584-3472,,대기,2026-06-24,3480000,대구광역시 달성군
민영산업,대구광역시,달성군,대구광역시 달성군 하빈면 하산2길 76 맥도건설㈜,대구광역시 달성군 하빈면 하산리 636-1 맥도건설㈜,35.88564,128.408465,대기환경보전법 제31조제1항을 위반하여 다음과 같은 행위를 하는 경우-배출시설 가동 시에 방지시설을 가동하지 아니하거나 오염도를 낮추기 위하여 배출시설에서 배출되는 대기오염물질에,053-584-9516,,대기,2026-06-24,3480000,대구광역시 달성군
(주)청안이엔지,대구광역시,달성군,대구광역시 달성군 구지면 달성2차동3로 5 B동,대구광역시 달성군 구지면 예현리 768-16 B동,35.631639,128.427209,대기환경보전법 제39조제1항에 따른 자가측정을 위반한 다음과 같은 경우-자가측정을 하지 아니하거나 자가측정 횟수가 적정하지 아니한 경우,053-616-2630,,대기,2026-06-24,3480000,대구광역시 달성군
한국비철(주),대구광역시,달성군,대구광역시 달성군 논공읍 비슬로264길 23,대구광역시 달성군 논공읍 상리 783,35.746974,128.410302,대기환경보전법 제30조에 따른 가동개시신고를 하고 가동 중인 배출시설에서 배출되는 대기오염물질의 정도가 배출시설 또는 방지시설의 결함·고장 또는 운전미숙 등으로 인하여 대기환경보전,053-617-6300,,대기,2026-06-24,3480000,대구광역시 달성군
한국비철(주),대구광역시,달성군,대구광역시 달성군 논공읍 비슬로264길 23,대구광역시 달성군 논공읍 상리 783,35.746974,128.410302,대기환경보전법 제23조제2항 또는 대기환경보전법 제23조제3항을 위반하여 변경신고를 하지 아니한 경우,053-617-6300,,대기,2026-06-24,3480000,대구광역시 달성군
한유산업,대구광역시,달성군,대구광역시 달성군 하빈면 묘동1길 59,대구광역시 달성군 하빈면 묘리 1025-29,35.891888,128.420586,대기환경보전법 제23조에 따라 배출시설설치허가(변경허가를 포함한다)를 받지 아니하거나 신고를 하지 아니하고 배출시설을 설치한 경우-해당지역이 배출시설의 설치가 가능한 지역인 경우,053-000-0000,,대기,2026-06-24,3480000,대구광역시 달성군
(주)그린에너지환경,대구광역시,달성군,대구광역시 달성군 하빈면 묘동3길 122-57,대구광역시 달성군 하빈면 묘리 600-4,35.91562,128.420108,대기환경보전법 제31조제2항에 따른 배출시설 및 방지시설의 운영에 관한 관리기록을 거짓으로 기재하였거나 보존·비치하지 아니한 경우,053-000-0000,,대기,2026-06-24,3480000,대구광역시 달성군
피에이치지주식회사,대구광역시,달성군,대구광역시 달성군 논공읍 논공중앙로51길 11,대구광역시 달성군 논공읍 북리 1-35,35.734099,128.460345,대기환경보전법 제39조제1항에 따른 자가측정을 위반한 다음과 같은 경우-자가측정을 하지 아니하거나 자가측정 횟수가 적정하지 아니한 경우,053-610-8813,,대기,2026-06-24,3480000,대구광역시 달성군
일신프라스틱(주),대구광역시,달성군,대구광역시 달성군 구지면 국가산단북로 80,대구광역시 달성군 구지면 화산리 1097-3,35.662823,128.399652,대기환경보전법 제31조제1항을 위반하여 다음과 같은 행위를 하는 경우-배출시설 가동 시에 방지시설을 가동하지 아니하거나 오염도를 낮추기 위하여 배출시설에서 배출되는 대기오염물질에,053-615-5111,,대기,2026-06-24,3480000,대구광역시 달성군
대동금속(주),대구광역시,달성군,대구광역시 달성군 논공읍 논공로 602,대구광역시 달성군 논공읍 본리리 29-18,35.738131,128.457543,대기환경보전법 제23조제2항 또는 대기환경보전법 제23조제3항을 위반하여 변경신고를 하지 아니한 경우,053-610-5072,,대기,2026-06-24,3480000,대구광역시 달성군
우창산업,대구광역시,달성군,대구광역시 달성군 논공읍 비슬로264길 90,대구광역시 달성군 논공읍 상리 745-7,35.752718,128.410017,대기환경보전법 제31조제2항에 따른 배출시설 및 방지시설의 운영에 관한 관리기록을 거짓으로 기재하였거나 보존·비치하지 아니한 경우,053-617-9588,,대기,2026-06-24,3480000,대구광역시 달성군
한미수지,대구광역시,달성군,대구광역시 달성군 하빈면 묘동1길 59,대구광역시 달성군 하빈면 묘리 1025-29,35.891888,128.420586,대기환경보전법 제30조에 따른 가동개시신고를 하지 아니하고 조업하는 경우,053-000-0000,,대기,2026-06-24,3480000,대구광역시 달성군
한미ADM(주),대구광역시,달성군,대구광역시 달성군 논공읍 논공로69길 80,대구광역시 달성군 논공읍 본리리 29-71,35.740604,128.471741,대기환경보전법 제23조제2항 또는 대기환경보전법 제23조제3항을 위반하여 변경신고를 하지 아니한 경우,053-615-0050,,대기,2026-06-24,3480000,대구광역시 달성군
한국수지,대구광역시,달성군,대구광역시 달성군 옥포읍 비슬로387길 26,대구광역시 달성군 옥포읍 강림리 471-6,35.782989,128.432803,대기환경보전법 제31조제2항에 따른 배출시설 및 방지시설의 운영에 관한 관리기록을 거짓으로 기재하였거나 보존·비치하지 아니한 경우,053-631-0898,,대기,2026-06-24,3480000,대구광역시 달성군
(주)상아뉴매틱,대구광역시,달성군,대구광역시 달성군 다사읍 세천로3길 36,대구광역시 달성군 다사읍 세천리 1674-12,35.874246,128.46716,대기환경보전법 제39조제1항에 따른 자가측정을 위반한 다음과 같은 경우-자가측정을 하지 아니하거나 자가측정 횟수가 적정하지 아니한 경우,053-583-5200,,대기,2026-06-24,3480000,대구광역시 달성군
에스에스엘엠(주),대구광역시,달성군,대구광역시 달성군 다사읍 세천로2길 1,,35.868444,128.471854,폐수배출시설 변경신고 미이행,053-607-8460,,수질,2026-06-24,3480000,대구광역시 달성군
(주)미주테크,대구광역시,달성군,대구광역시 달성군 다사읍 세천로3길 57,,35.875652,128.465648,폐수배출시설 변경신고 미이행,053-582-3097,,수질,2026-06-24,3480000,대구광역시 달성군
(주)신도,대구광역시,달성군,대구광역시 달성군 구지면 국가산단대로39길 164,,35.655158,128.405212,폐수배출시설 변경신고 미이행,053-582-6350,,수질,2026-06-24,3480000,대구광역시 달성군
한국에스케이에프씰(주),대구광역시,달성군,대구광역시 달성군 논공읍 논공중앙로45길 40,,35.736158,128.458466,폐수배출시설 변경신고 미이행,053-615-1001,,수질,2026-06-24,3480000,대구광역시 달성군
우성정공,대구광역시,달성군,대구광역시 달성군 논공읍 비슬로262길 35-10,,35.747545,128.412834,폐수배출시설 변경신고 미이행,053-615-7206,,수질,2026-06-24,3480000,대구광역시 달성군
(주)진양오일씰,대구광역시,달성군,대구광역시 달성군 다사읍 세천로7길 17-24,,35.874578,128.468026,배출시설 및 방지시설 부적정 운영,053-585-9834,,수질,2026-06-24,3480000,대구광역시 달성군
우강정밀(주),대구광역시,달성군,대구광역시 달성군 구지면 달성2차서로 84-25,,35.640639,128.410667,폐수배출시설 변경신고 미이행,053-615-3080,,수질,2026-06-24,3480000,대구광역시 달성군
한들식품,대구광역시,달성군,대구광역시 달성군 논공읍 비슬로262길 91-18,,35.751647,128.417496,배출허용기준 초과,053-312-7626,,수질,2026-06-24,3480000,대구광역시 달성군
상은섬유,대구광역시,달성군,대구광역시 달성군 논공읍 논공중앙로 232,,35.732192,128.460119,폐수배출시설 운영일지 미기록,053-616-4096,,수질,2026-06-24,3480000,대구광역시 달성군
합자회사 명신,대구광역시,달성군,대구광역시 달성군 논공읍 논공중앙로52길 40,,35.730453,128.462989,폐수배출시설 변경신고 미이행,053-614-1819,,수질,2026-06-24,3480000,대구광역시 달성군
평화산업(주),대구광역시,달성군,대구광역시 달성군 논공읍 논공로 597,,35.7382,128.460183,폐수배출시설 변경신고 미이행,053-610-7000,,수질,2026-06-24,3480000,대구광역시 달성군
합자회사 명신,대구광역시,달성군,대구광역시 달성군 논공읍 논공중앙로52길 40,,35.730453,128.462989,방지시설 설치면제자 준수사항 위반,053-614-1819,,수질,2026-06-24,3480000,대구광역시 달성군
(주)오토크로바,대구광역시,달성군,대구광역시 달성군 논공읍 논공로 334,,35.729309,128.461841,폐수배출시설 변경신고 미이행,053-614-0090,,수질,2026-06-24,3480000,대구광역시 달성군
대성모터스,대구광역시,달성군,대구광역시 달성군 논공읍 논공로23길 14-20,,35.730941,128.446979,폐수배출시설 변경신고 미이행,053-000-0000,,수질,2026-06-24,3480000,대구광역시 달성군
엠에스금속,대구광역시,달성군,대구광역시 달성군 논공읍 논공로87길 76,,35.731024,128.471789,폐수배출시설 운영일지 미기록,070-8977-6612,,수질,2026-06-24,3480000,대구광역시 달성군
(주)푸름원,대구광역시,달성군,대구광역시 달성군 구지면 달성2차로 27,,35.640185,128.409593,폐수배출시설 운영일지 미기록,053-611-9611,,수질,2026-06-24,3480000,대구광역시 달성군
(주)오토크로바,대구광역시,달성군,대구광역시 달성군 논공읍 논공로 334,,35.729309,128.461841,배출허용기준 초과,053-614-0090,,수질,2026-06-24,3480000,대구광역시 달성군
(주)아진피앤피,대구광역시,달성군,대구광역시 달성군 현풍읍 국가산단북로100길 40,,35.668116,128.443185,환경기술인 교육 미이수,053-611-1121,,수질,2026-06-24,3480000,대구광역시 달성군
금강금속,대구광역시,달성군,대구광역시 달성군 논공읍 논공중앙로52길 29,,35.73146,128.46427,폐수배출시설 변경신고 미이행,053-614-1592,,수질,2026-06-24,3480000,대구광역시 달성군
환희기업(주) 달성지점,대구광역시,달성군,대구광역시 달성군 하빈면 하빈남로 372-14,대구광역시 달성군 하빈면 봉촌리 925,35.862326,128.395903,대기환경보전법 제23조에 따라 배출시설설치허가(변경허가를 포함한다)를 받지 아니하거나 신고를 하지 아니하고 배출시설을 설치한 경우-해당지역이 배출시설의 설치가 가능한 지역인 경우,053-593-3990,,대기,2026-06-24,3480000,대구광역시 달성군
한미ADM(주),대구광역시,달성군,대구광역시 달성군 논공읍 논공로69길 80,대구광역시 달성군 논공읍 본리리 29-71,35.740604,128.471741,대기환경보전법 제31조제2항에 따른 배출시설 및 방지시설의 운영에 관한 관리기록을 거짓으로 기재하였거나 보존·비치하지 아니한 경우,053-615-0050,,대기,2026-06-24,3480000,대구광역시 달성군
상신브레이크(주),대구광역시,달성군,대구광역시 달성군 논공읍 논공중앙로33길 10,대구광역시 달성군 논공읍 북리 1-37,35.731309,128.453945,대기환경보전법 제31조제1항을 위반하여 다음과 같은 행위를 하는 경우-방지시설에 딸린 기계·기구류(예비용을 포함한다)의 고장 또는 훼손을 정당한 사유 없이 방치하는 행위,053-000-0000,,대기,2026-06-24,3480000,대구광역시 달성군
케이비아이메탈(주),대구광역시,달성군,대구광역시 달성군 논공읍 논공로87길 88,대구광역시 달성군 논공읍 본리리 103-31,35.730587,128.469675,대기환경보전법 제31조제1항을 위반하여 다음과 같은 행위를 하는 경우-방지시설에 딸린 기계·기구류(예비용을 포함한다)의 고장 또는 훼손을 정당한 사유 없이 방치하는 행위,053-610-5600,,대기,2026-06-24,3480000,대구광역시 달성군
비슬산참숯굴찜질방,대구광역시,달성군,대구광역시 달성군 옥포읍 반송길 195,대구광역시 달성군 옥포읍 반송리 830,35.742351,128.50567,대기환경보전법 제23조에 따라 배출시설설치허가(변경허가를 포함한다)를 받지 아니하거나 신고를 하지 아니하고 배출시설을 설치한 경우-해당지역이 배출시설의 설치가 가능한 지역인 경우,053-000-0000,,대기,2026-06-24,3480000,대구광역시 달성군
평화산업(주),대구광역시,달성군,대구광역시 달성군 논공읍 논공로 597,대구광역시 달성군 논공읍 본리리 29-17,35.7382,128.460183,대기환경보전법 제23조제2항 또는 대기환경보전법 제23조제3항을 위반하여 변경신고를 하지 아니한 경우,053-610-7000,,대기,2026-06-24,3480000,대구광역시 달성군
세천정비모터스,대구광역시,달성군,대구광역시 달성군 다사읍 세천로21길 3,대구광역시 달성군 다사읍 세천리 1679-4,35.874127,128.47275,대기환경보전법 제39조제1항에 따른 자가측정을 위반한 다음과 같은 경우-자가측정을 하지 아니하거나 자가측정 횟수가 적정하지 아니한 경우,053-592-7788,,대기,2026-06-24,3480000,대구광역시 달성군
오성그라비아,대구광역시,달성군,대구광역시 달성군 옥포읍 비슬로 2309-6 한도피엠피,대구광역시 달성군 옥포읍 간경리 640 한도피엠피,35.791701,128.47348,대기환경보전법 제23조에 따라 배출시설설치허가(변경허가를 포함한다)를 받지 아니하거나 신고를 하지 아니하고 배출시설을 설치한 경우-해당지역이 배출시설의 설치가 가능한 지역인 경우,053-000-0000,,대기,2026-06-24,3480000,대구광역시 달성군
㈜유진,전라남도,여수시,전라남도 여수시 망양로 514-16,전라남도 여수시 오천동 176-2,34.7911848454,127.754089,대기환경보전법 제31조(배출시설과 방지시설의 운영) 의 2항,061-651-9211,,대기,2026-06-19,5785000,전남광주통합특별시 여수시
이일산업㈜,전라남도,여수시,전라남도 여수시 삼동로 27-9,전라남도 여수시 주삼동 637,34.8001441269,127.653371,대기환경보전법 제16조(배출허용기준),061-808-2161,,대기,2026-06-19,5785000,전남광주통합특별시 여수시
㈜이서에너지,전라남도,여수시,,전라남도 여수시 낙포동 863-1,34.842392431,127.7464962427,대기환경보전법 제31조(배출시설과 방지시설의 운영) 의 1항,061-000-0000,,대기,2026-06-19,5785000,전남광주통합특별시 여수시
㈜하이텍컴,전라남도,여수시,전라남도 여수시 산단중앙로 109-13,전라남도 여수시 화치동 1442,34.8290353266,127.647977248,대기환경보전법 제23조(배출시설의 허가 및 신고)의 2항,061-692-2355,,대기,2026-06-19,5785000,전남광주통합특별시 여수시
(재)한국건설생활환경시험연구원,전라남도,여수시,전라남도 여수시 여수산단로 137,전라남도 여수시 주삼동 1031-2,34.796421,127.661425,대기환경보전법 제39조(자가측정) 의 1항,061-807-6213,,대기,2026-06-19,5785000,전남광주통합특별시 여수시
여수자원순환협동조합,전라남도,여수시,전라남도 여수시 여수산단1로 176,전라남도 여수시 화치동 1163-32,34.819233,127.640673,대기환경보전법 제39조(자가측정) 의 1항,061-684-3722,,대기,2026-06-19,5785000,전남광주통합특별시 여수시
삼양화학실업㈜,전라남도,여수시,전라남도 여수시 산단중앙로 20,전라남도 여수시 화치동 1319,34.8220243931,127.6424396,대기환경보전법 제39조(자가측정) 의 1항,061-686-7307,,대기,2026-06-19,5785000,전남광주통합특별시 여수시
에스엠테크㈜,전라남도,여수시,,전라남도 여수시 중흥동 1055,34.835419,127.697846,대기환경보전법 제16조(배출허용기준),061-807-2288,,대기,2026-06-19,5785000,전남광주통합특별시 여수시
용진공업,대구광역시,달성군,대구광역시 달성군 하빈면 하빈남로 372-7,,35.861941,128.394719,배출시설 설치 제한지역 내 폐수배출시설 설치·조업,053-581-8424,,수질,2026-06-24,3480000,대구광역시 달성군
금화섬유,대구광역시,달성군,대구광역시 달성군 논공읍 논공로87길 58,,35.731977,128.471324,환경기술인 교육 미이수,053-611-6100,,수질,2026-06-24,3480000,대구광역시 달성군
(주)가온아이비,대구광역시,달성군,대구광역시 달성군 구지면 달성2차서로 84-13,,35.640564,128.41183,폐수배출시설 운영일지 미기록,053-716-1030,,수질,2026-06-24,3480000,대구광역시 달성군
일광수지,대구광역시,달성군,대구광역시 달성군 논공읍 비슬로331길 27,,35.770191,128.406279,폐수배출시설 운영일지 미기록,053-616-0850,,수질,2026-06-24,3480000,대구광역시 달성군
(주)마이폴리머,대구광역시,달성군,대구광역시 달성군 구지면 달성2차동1로 183,,35.642371,128.426156,폐수배출시설 변경신고 미이행,053-617-1688,,수질,2026-06-24,3480000,대구광역시 달성군
대한소결금속(주) 가공2공장,대구광역시,달성군,대구광역시 달성군 논공읍 논공로87길 34,,35.733167,128.471659,폐수배출시설 변경신고 미이행,053-610-0781,,수질,2026-06-24,3480000,대구광역시 달성군
대한소결금속(주),대구광역시,달성군,대구광역시 달성군 논공읍 논공로87길 43,,35.734612,128.473735,폐수배출시설 변경신고 미이행,053-610-0700,,수질,2026-06-24,3480000,대구광역시 달성군
주식회사 유림테크 구지2공장,대구광역시,달성군,대구광역시 달성군 구지면 달성2차1로 79,,35.631666,128.427008,폐수배출시설 변경신고 미이행,000-000-0000,,수질,2026-06-24,3480000,대구광역시 달성군
(주)유림테크 구지공장,대구광역시,달성군,대구광역시 달성군 구지면 달성2차2로 91,,35.634444,128.427486,폐수배출시설 변경신고 미이행,070-4457-8383,,수질,2026-06-24,3480000,대구광역시 달성군
평화산업(주),대구광역시,달성군,대구광역시 달성군 논공읍 논공로 597,,35.7382,128.460183,미신고 폐수배출시설 설치 및 운영,053-610-7000,,수질,2026-06-24,3480000,대구광역시 달성군
(주)디에이치지,대구광역시,달성군,대구광역시 달성군 구지면 달성2차4로 42,,35.637018,128.422285,폐수배출시설 변경신고 미이행,053-263-0002,,수질,2026-06-24,3480000,대구광역시 달성군
상신브레이크(주),대구광역시,달성군,대구광역시 달성군 논공읍 논공중앙로33길 10,,35.731309,128.453945,폐수배출시설 변경신고 미이행,053-610-8214,,수질,2026-06-24,3480000,대구광역시 달성군
(주)엔엘테크,대구광역시,달성군,대구광역시 달성군 논공읍 논공로91길 71-31,,35.734015,128.475472,폐수배출시설 운영일지 미기록,053-614-0560,,수질,2026-06-24,3480000,대구광역시 달성군
한유산업,대구광역시,달성군,대구광역시 달성군 하빈면 묘동1길 59,,35.891888,128.420586,미신고 폐수배출시설 설치 및 운영,000-000-0000,,수질,2026-06-24,3480000,대구광역시 달성군
주식회사 브이제이케미칼,대구광역시,달성군,대구광역시 달성군 논공읍 논공로87길 110,,35.730509,128.467265,방지시설 설치면제자 준수사항 위반,000-000-0000,,수질,2026-06-24,3480000,대구광역시 달성군
주식회사 브이제이케미칼,대구광역시,달성군,대구광역시 달성군 논공읍 논공로87길 110,,35.730509,128.467265,폐수배출시설 변경신고 미이행,000-000-0000,,수질,2026-06-24,3480000,대구광역시 달성군
(주)푸르밀,대구광역시,달성군,대구광역시 달성군 논공읍 논공중앙로 350,,35.738903,128.46964,폐수배출시설 변경신고 미이행,053-614-8488,,수질,2026-06-24,3480000,대구광역시 달성군
삼화테크,대구광역시,달성군,대구광역시 달성군 논공읍 비슬로262길 59-22,,35.750061,128.413872,폐수배출시설 운영일지 미기록,053-582-0791,,수질,2026-06-24,3480000,대구광역시 달성군
아이에스테크,대구광역시,달성군,대구광역시 달성군 논공읍 비슬로264길 37,,35.7477,128.410292,미신고 폐수배출시설 설치 및 운영,053-615-9117,,수질,2026-06-24,3480000,대구광역시 달성군
태광제과,대구광역시,달성군,대구광역시 달성군 논공읍 비슬로262길 83,,35.749797,128.416564,폐수배출시설 운영일지 미기록,053-615-7308,,수질,2026-06-24,3480000,대구광역시 달성군
성만산업,대구광역시,달성군,대구광역시 달성군 논공읍 비슬로262길 33-12,,35.747061,128.411699,폐수배출시설 운영일지 미기록,053-615-9633,,수질,2026-06-24,3480000,대구광역시 달성군
성만산업,대구광역시,달성군,대구광역시 달성군 논공읍 비슬로262길 33-12,,35.747061,128.411699,폐수배출시설 변경신고 미이행,053-615-9633,,수질,2026-06-24,3480000,대구광역시 달성군
(주)평화이엔지,대구광역시,달성군,대구광역시 달성군 논공읍 논공로 511,,35.740726,128.466528,폐수배출시설 변경신고 미이행,053-610-6200,,수질,2026-06-24,3480000,대구광역시 달성군
우주정밀,경상남도,진주시,경상남도 진주시 정촌면 연꽃로145번길 24,경상남도 진주시 정촌면 예하리 1246-8,35.11706325,128.1048214,변경사항 미이행,055-754-9860,강대석,수질,2026-05-28,5310000,경상남도 진주시
동이정공,경상남도,진주시,경상남도 진주시 정촌면 연꽃로145번길 25,경상남도 진주시 정촌면 예하리 1247-5,35.11636207,128.105578,변경사항 미이행,055-758-0356,정대환,수질,2026-05-28,5310000,경상남도 진주시
광내는엉클,경상남도,진주시,경상남도 진주시 석갑로125번길 6-11,경상남도 진주시 신안동 392-17,35.1820279,128.0623416,배출허용기준 초과(TOC),055-000-0000,양범규,수질,2026-05-28,5310000,경상남도 진주시
㈜신용에너지,경상남도,진주시,경상남도 진주시 문산읍 동부로 334,경상남도 진주시 문산읍 옥산리 952-8,35.16066291,128.139891,배출허용기준 초과(SS),055-761-2501,조재훈,수질,2026-05-28,5310000,경상남도 진주시
㈜알지환경기술,경상남도,진주시,경상남도 진주시 진성면 진마대로 1277,경상남도 진주시 진성면 상촌리 576,35.17676762,128.2175648,자가측정 미이행,055-000-0000,,대기,2026-05-28,5310000,경상남도 진주시
정기산업,경상남도,진주시,경상남도 진주시 남강로 1183,경상남도 진주시 상평동 302-15,35.16952084,128.1212971,환경기술인 교육 미이수,055-000-0000,오보성,수질,2026-05-28,5310000,경상남도 진주시
주현공업,경상남도,진주시,경상남도 진주시 이반성면 진마대로2498번길 9-27,경상남도 진주시 이반성면 길성리 941,35.14616201,128.3248814,환경기술인 교육 미이수,055-759-6328,이동석,대기,2026-05-28,5310000,경상남도 진주시
금광정밀,경상남도,진주시,경상남도 진주시 도동로88번길 17,경상남도 진주시 상대동 33-71,35.17825933,128.1246957,환경기술인 교육 미이수,055-755-5625,김한중,수질,2026-05-28,5310000,경상남도 진주시
현대이엔지,경상남도,진주시,경상남도 진주시 사봉면 산업단지로 71,경상남도 진주시 사봉면 사곡리 1806-6,35.18941309,128.2780659,환경기술인 교육 미이수,055-755-7301,,수질,2026-05-28,5310000,경상남도 진주시
대림산업,경상남도,진주시,경상남도 진주시 사봉면 산업단지로 142,경상남도 진주시 사봉면 사곡리 1850-6,35.18634258,128.2840668,배출허용기준 초과(THC),055-763-7842,정성기,대기,2026-05-28,5310000,경상남도 진주시
㈜대신하우징,부산광역시,부산진구,,부산광역시 부산진구 전포동 903,35.1581055,129.0689433,비산먼지 발생 억제조치(저감설비 미부착) 미이행,055-313-0488,강미진,대기,2026-06-18,3290000,부산광역시 부산진구
광신석유㈜ 양정주유소,부산광역시,부산진구,,부산광역시 부산진구 양정동 508-6,35.1751045,129.0645228,유증기회수설비 정기검사 부적합,000-0000-0000,대표이사,대기,2026-06-18,3290000,부산광역시 부산진구
㈜아이에스피케미칼(남부산고속주유소),부산광역시,부산진구,,부산광역시 부산진구 양정동 281,35.1760653,129.0680004,유증기회수설비 정기검사 부적합,000-0000-0000,조영준,대기,2026-06-18,3290000,부산광역시 부산진구
㈜OS에너지 가야주유소,부산광역시,부산진구,,부산광역시 부산진구 가야동 200-1,35.1522897,129.0329398,유증기회수설비 정기검사 부적합,051-896-6300,대표이사,대기,2026-06-18,3290000,부산광역시 부산진구
㈜우양 네트웍스 하마정주유소,부산광역시,부산진구,,부산광역시 부산진구 양정동 386-8,35.1740914,129.0683879,유증기회수설비 정기검사 부적합,051-861-5104,조영준,대기,2026-06-18,3290000,부산광역시 부산진구
희민건설㈜,부산광역시,부산진구,,부산광역시 부산진구 개금동 1-7,35.1628045,129.0259623,비산먼지 신고 미이행,051-627-5233,"정재도, 김원식",대기,2026-06-18,3290000,부산광역시 부산진구
대흥주유소,부산광역시,부산진구,,부산광역시 부산진구 당감동 613-8,35.1647618,129.0317616,유증기회수설비 정기검사 부적합,000-0000-0000,임훈희,대기,2026-06-18,3290000,부산광역시 부산진구
㈜우창 아이앤디 서면점,부산광역시,부산진구,,부산광역시 부산진구 부전동 155-1,35.1574974,129.0604573,"대기배출시설 변경신고 미이행(사업장 명칭, 대표자)",000-0000-0000,김재엽,대기,2026-06-18,3290000,부산광역시 부산진구
부산기연 유한회사,부산광역시,부산진구,,부산광역시 부산진구 부암동 610-88,35.1736478,129.0343211,비산먼지 변경신고 미이행비산먼지 발생 억제조치(세륜) 미이행,051-531-1782,윤상원,대기,2026-06-18,3290000,부산광역시 부산진구
서울척병원,서울특별시,성북구,서울특별시 성북구 동소문로47길 8,서울특별시 성북구 길음동 21-72,37.60886057,127.02927,폐수배출시설 변경신고 미이행,02-940-2188,,수질,2026-06-24,3070000,서울특별시 성북구
㈜케이엔글로벌,전라남도,여수시,,전라남도 여수시 묘도동 2016,34.879391,127.740989,물환경보전법 제32조(배출허옹기준),061-000-0000,,수질,2026-06-19,5785000,전남광주통합특별시 여수시
남도꼬막㈜어업회사법인,전라남도,여수시,전라남도 여수시 율촌면 모래목길 90-44,전라남도 여수시 율촌면 조화리 786-1,34.8775722486,127.5881067547,물환경보전법 제38조(배출시설 및 방지시설의 운영)의 1항,061-685-0305,,수질,2026-06-19,5785000,전남광주통합특별시 여수시
㈜엠에스,전라남도,여수시,전라남도 여수시 화양면 화양로 1121-19,전라남도 여수시 화양면 화동리 2137,34.6906499276,127.6038425694,물환경보전법 제38조(배출시설 및 방지시설의 운영)의 3항,061-692-3565,,수질,2026-06-19,5785000,전남광주통합특별시 여수시
디아이지에어가스㈜,전라남도,여수시,,전라남도 여수시 중흥동 1445-1,34.8482458904,127.6992820254,물환경보전법 제32조(배출허옹기준),061-680-0032,,수질,2026-06-19,5785000,전남광주통합특별시 여수시
닛소남해아그로㈜,전라남도,여수시,전라남도 여수시 여수산단로 1384,전라남도 여수시 낙포동 323,34.8486219217,127.7482620129,대기환경보전법 제23조(배출시설의 허가 및 신고)의 2항,061-900-3530,,대기,2026-06-19,5785000,전남광주통합특별시 여수시
피케이씨㈜여수공장,전라남도,여수시,전라남도 여수시 산단중앙로 176,전라남도 여수시 화치동 1345,34.8265069853,127.6533099427,대기환경보전법 제23조(배출시설의 허가 및 신고)의 2항,061-680-0600,,대기,2026-06-19,5785000,전남광주통합특별시 여수시
해동이앤티,전라남도,여수시,전라남도 여수시 여수산단1로 306,전라남도 여수시 화치동 1377,34.8291654538,127.6434491667,대기환경보전법 제23조(배출시설의 허가 및 신고)의 2항,061-685-1525,,대기,2026-06-19,5785000,전남광주통합특별시 여수시
퓨리오젠 주식회사,전라남도,여수시,전라남도 여수시 여수산단로 223,,34.8031949489,127.6641205274,대기환경보전법 제23조(배출시설의 허가 및 신고)의 2항,061-685-5550,,대기,2026-06-19,5785000,전남광주통합특별시 여수시
아이씨케미칼,전라남도,여수시,전라남도 여수시 여수산단4로 80,전라남도 여수시 중흥동 904-12,34.831293,127.6771517252,대기환경보전법 제23조(배출시설의 허가 및 신고)의 2항,061-685-6717,,대기,2026-06-19,5785000,전남광주통합특별시 여수시
㈜와이티씨,전라남도,여수시,전라남도 여수시 여수산단로 292-20,전라남도 여수시 월하동 815-3,34.8061617484,127.672806,대기환경보전법 제23조(배출시설의 허가 및 신고)의 2항,061-684-7077,,대기,2026-06-19,5785000,전남광주통합특별시 여수시
킹콩샤워 노원점,서울특별시,노원구,서울특별시 노원구 한글비석로47길53,,37.66160434,127.0670187,배출허용기준 초과(TOC),070-4148-1000,양은정,수질,2026-06-02,3100000,서울특별시 노원구
남광토건㈜,서울특별시,노원구,서울특별시 노원구 광운로121,서울특별시 노원구 월계동 산108-13외 1,37.62805148,127.0588242,"배출허용기준 초과(pH, SS)",02-997-8118,,수질,2026-06-02,3100000,서울특별시 노원구
거인병원,부산광역시,동래구,부산광역시 동래구 여고로 12,부산광역시 동래구 사직동 102-14,35.19940178,129.0766595,폐수 변경신고 미이행,051-996-7000,이승준 외 1명,수질,2026-04-29,3300000,부산광역시 동래구
사직24시셀프세차타운,부산광역시,동래구,부산광역시 동래구 여고로 129,부산광역시 동래구 사직동 159-8,35.19940178,129.0766595,폐수 운영일지 미작성,051-000-0000,손민기,수질,2026-04-29,3300000,부산광역시 동래구
새봄병원,부산광역시,동래구,부산광역시 동래구 충렬대로 152,부산광역시 동래구 온천동 1441-13,35.20445671,129.0766067,폐수 변경신고 미이행,051-503-8288,김성배 외 1인,수질,2026-04-29,3300000,부산광역시 동래구
동래구청(국민체육센터),부산광역시,동래구,부산광역시 동래구 미남로 110,부산광역시 동래구 온천동 1448-2,35.20359834,129.0698369,대기 변경신고 미이행,051-550-1074,장준용,대기,2026-04-29,3300000,부산광역시 동래구
강화엘피지,인천광역시,강화군,,인천광역시 강화군 강화읍 남산리 262,37.73746563,126.4887648,변경신고 미이행,000-000-0000,,수질,2026-04-30,3570000,인천광역시 강화군
(주)푸른식품,인천광역시,강화군,,인천광역시 강화군 불은면 고능리 1033-3,37.68763538,126.4943911,운영일지 미작성,032-881-5104,,수질,2026-04-30,3570000,인천광역시 강화군
(주)에스엠씨코리아,인천광역시,강화군,,인천광역시 강화군 불은면 두운리 1050-1,37.67017441,126.4887904,환경기술인 교육 미수료,000-000-0000,,대기,2026-04-30,3570000,인천광역시 강화군
대산기계공업,인천광역시,강화군,,인천광역시 강화군 강화읍 용정리 947,37.74319318,126.5228587,환경기술인 교육 미수료,032-934-6500,,대기,2026-04-30,3570000,인천광역시 강화군
강화해수랜드,인천광역시,강화군,,인천광역시 강화군 길상면 초지리 1251-433,37.62603298,126.5337088,운영일지 미작성,032-937-9721,,대기,2026-04-30,3570000,인천광역시 강화군
류.씨.은,인천광역시,강화군,,인천광역시 강화군 불은면 신현리 186-8,37.65413755,126.5000228,환경기술인 교육 미수료,032-864-0400,,대기,2026-04-30,3570000,인천광역시 강화군
(주)참푸드,인천광역시,강화군,,인천광역시 강화군 선원면 신정리 208-1,37.72747995,126.5057155,배출허용기준 초과,032-565-5760,,수질,2026-04-30,3570000,인천광역시 강화군
농업회사법인(주)콩세알,인천광역시,강화군,,인천광역시 강화군 양사면 교산리 1327,37.78888054,126.3907345,배출허용기준 초과,032-932-5591,,수질,2026-04-30,3570000,인천광역시 강화군
국제콘크리트,인천광역시,강화군,,인천광역시 강화군 길상면 장흥리 353-13,37.6347602,126.5088998,환경기술인 교육 미수료,032-937-7753,,수질,2026-04-30,3570000,인천광역시 강화군
대호산업,경상남도,진주시,경상남도 진주시 정촌면 뿌리산단로50번길 117-10,경상남도 진주시 정촌면 예하리 1411-5,35.11094263,128.1090853,변경신고 미이행,055-755-6234,김현조,수질,2026-05-28,5310000,경상남도 진주시
대신정비,경상남도,진주시,경상남도 진주시 큰들로126번길 10,경상남도 진주시 상평동 169-1,35.17037147,128.116567,자가측정 미이행,055-759-1410,조한길,대기,2026-05-28,5310000,경상남도 진주시
도울테크,경상남도,진주시,경상남도 진주시 상대로120번길 17,경상남도 진주시 상대동 33-9,35.18324104,128.1252519,변경신고 미이행,055-000-0000,손동수,수질,2026-05-28,5310000,경상남도 진주시
케이엔테크,경상남도,진주시,경상남도 진주시 정촌면 연꽃로 128,경상남도 진주시 정촌면 예하리 1401-1,35.11495802,128.1052058,변경신고 미이행,055-762-9331,최원민,수질,2026-05-28,5310000,경상남도 진주시
민성정밀,경상남도,진주시,경상남도 진주시 큰들로 31,경상남도 진주시 상평동 234-10,35.17134611,128.1061675,변경신고 미이행,055-752-2842,박소연,수질,2026-05-28,5310000,경상남도 진주시
신성메탈㈜,경상남도,진주시,경상남도 진주시 정촌면 뿌리산단로 83,경상남도 진주시 정촌면 예하리 1407-11,35.1132244,128.1060844,변경신고 미이행,055-755-1280,변효연,수질,2026-05-28,5310000,경상남도 진주시
신창정밀,경상남도,진주시,경상남도 진주시 정촌면 뿌리산단로 57,경상남도 진주시 정촌면 예하리 1393-8,35.11327238,128.1035149,변경신고 미이행,055-763-4182,전상배,수질,2026-05-28,5310000,경상남도 진주시
한국실크연구원,경상남도,진주시,경상남도 진주시 문산읍 월아산로996번길 5,경상남도 진주시 문산읍 삼곡리 1661-2,35.16043671,128.1650226,변경신고 미이행,055-761-0212,,수질,2026-05-28,5310000,경상남도 진주시
가람산업,경상남도,진주시,경상남도 진주시 돗골로25번길 15,경상남도 진주시 상평동 210-10,35.17012075,128.1112428,변경신고 미이행배출허용기준 초과(pH),055-000-0000,백종훈 외 1,수질,2026-05-28,5310000,경상남도 진주시
동이메탈㈜,경상남도,진주시,경상남도 진주시 남강로 1353,경상남도 진주시 상대동 33-94,35.18162504,128.1290649,운영일지 허위작성,055-759-7225,구창식,대기,2026-05-28,5310000,경상남도 진주시
태산특수분체도장,경상남도,진주시,경상남도 진주시 대신로106번길 16,경상남도 진주시 상평동 301-24,35.16950944,128.119919,배출시설가동시방지시설 미가동,055-762-6376,정호석,대기,2026-05-28,5310000,경상남도 진주시
일광금속제2공장 사봉공장,경상남도,진주시,경상남도 진주시 사봉면 산업단지로 49,경상남도 진주시 사봉면 사곡리 1845-7,35.19007436,128.2764773,폐수 외부 유출,055-744-2155,김말철,수질,2026-05-28,5310000,경상남도 진주시
상무대LPG충전소,전라남도,장성군,,전라남도 장성군 삼서면 두월리 872-5,35.23705776,126.6846065,제60조제2항 및 제3항에 따른 오염물질의 배출을 방지.억제하기 위한 조치를 하지 아니한 경우 또는 그 조치가 부적합한 경우,061-394-1482,,수질,2026-02-20,5895000,전남광주통합특별시 장성군
보철산업개발(주),전라남도,장성군,,전라남도 장성군 장성읍 성산리 750-5,35.3214056,126.803587,법 제23조에 따라 배출시설설치허가(변경허가를 포함한다)를 받지 아니하거나 신고를 하지 아니하고 배출시설을 설치한 경우-해당지역이 배출시설의 설치가 불가능한 지역인 경우,000-0000-0000,,대기,2026-02-20,5895000,전남광주통합특별시 장성군
백양실업(주),전라남도,장성군,,전라남도 장성군 황룡면 월평리 305-1,35.28550062,126.7727224,법 제33조제2항 또는 제3항에 따른 폐수배출시설 변경신고를 하지 아니한 경우,061-392-7900,,수질,2026-02-20,5895000,전남광주통합특별시 장성군
백양사농협버섯사업소,전라남도,장성군,전라남도 장성군 북이면 만골로 326,,35.41641589,126.7821447,법 제23조제2항 또는 법 제23조제3항을 위반하여 변경신고를 하지 아니한 경우,000-0000-0000,,대기,2026-02-20,5895000,전남광주통합특별시 장성군
믿음카세차장,전라남도,장성군,전라남도 장성군 장성읍 역전로 135,전라남도 장성군 장성읍 영천리 1668-74,35.304448,126.780842,법 제38조제3항에 따른 폐수배출시설 및 방지시설의 운영에 관한 관리기록을 거짓으로 기록하거나 보존ㆍ비치하지 아니한 경우,000-0000-0000,,수질,2026-02-20,5895000,전남광주통합특별시 장성군
문암골영농조합법인,전라남도,장성군,전라남도 장성군 북일면 신흥로 913-26,전라남도 장성군 북일면 문암리 9-3,35.39631377,126.7590962,법 제38조제3항에 따른 폐수배출시설 및 방지시설의 운영에 관한 관리기록을 거짓으로 기록하거나 보존ㆍ비치하지 아니한 경우,000-0000-0000,,수질,2026-02-20,5895000,전남광주통합특별시 장성군
무등화성(주),전라남도,장성군,,전라남도 장성군 동화면 용정리 83-16,35.29318811,126.7445296,악취방지법 제14조,061-394-4343,,대기,2026-02-20,5895000,전남광주통합특별시 장성군
완도종합식품,전라남도,장성군,,전라남도 장성군 장성읍 안평리 30,35.33239036,126.7844568,수질환경보전법 제15조제2항,000-0000-0000,,수질,2026-02-20,5895000,전남광주통합특별시 장성군
예술자연농식품,전라남도,장성군,,전라남도 장성군 남면 마령리 553-1,35.24203734,126.7718826,법 제38조제3항에 따른 폐수배출시설 및 방지시설의 운영에 관한 관리기록을 거짓으로 기록하거나 보존ㆍ비치하지 아니한 경우,061-394-1925,,수질,2026-02-20,5895000,전남광주통합특별시 장성군
영진수지 주식회사,전라남도,장성군,전라남도 장성군 황룡면 황룡로 204-15,전라남도 장성군 황룡면 황룡리 4-22,35.28018385,126.7528885,법 제23조제2항 또는 법 제23조제3항을 위반하여 변경신고를 하지 아니한 경우,000-0000-0000,,대기,2026-02-20,5895000,전남광주통합특별시 장성군
열린스틸(주),전라남도,장성군,전라남도 장성군 삼서면 영장로 1930-33,전라남도 장성군 삼서면 두월리 837-3,35.23382429,126.6828861,법 제31조제2항에 따른 배출시설 및 방지시설의 운영에 관한 관리기록을 거짓으로 기재하였거나 보존·비치하지 아니한 경우,000-0000-0000,,대기,2026-02-20,5895000,전남광주통합특별시 장성군
열린스틸(주),전라남도,장성군,전라남도 장성군 삼서면 영장로 1930-33,전라남도 장성군 삼서면 두월리 837-3,35.23382429,126.6828861,법 제40조에 따른 환경기술인 임명 등을 위반한 다음과 같은 경우-환경관리인을 임명하지 아니한 경우,000-0000-0000,,대기,2026-02-20,5895000,전남광주통합특별시 장성군
엠디티이엔엠(주),전라남도,장성군,,전라남도 장성군 동화면 구림리 740,35.27714095,126.723268,법 제23조제2항 또는 법 제23조제3항을 위반하여 변경신고를 하지 아니한 경우,000-0000-0000,,대기,2026-02-20,5895000,전남광주통합특별시 장성군
에이테크솔루션(주),전라남도,장성군,전라남도 장성군 삼서면 해삼로 1272,전라남도 장성군 삼서면 대곡리 524,35.241589,126.654887,법 제33조제2항 또는 제3항에 따른 폐수배출시설 변경신고를 하지 아니한 경우,062-959-6034,,수질,2026-02-20,5895000,전남광주통합특별시 장성군
에이스텍,전라남도,장성군,,전라남도 장성군 동화면 용정리 88,35.29192138,126.7441927,악취방지법 제14조,000-0000-0000,,대기,2026-02-20,5895000,전남광주통합특별시 장성군
양영플랜트,전라남도,장성군,전라남도 장성군 북일면 신흥로 514 ((420)),전라남도 장성군 북일면 박산리 421-2,35.38312411,126.8003397,법 제31조제2항에 따른 배출시설 및 방지시설의 운영에 관한 관리기록을 거짓으로 기재하였거나 보존·비치하지 아니한 경우,000-0000-0000,,대기,2026-02-20,5895000,전남광주통합특별시 장성군
애니젠(주),전라남도,장성군,,전라남도 장성군 남면 삼태리 산163-1,35.23726836,126.8277232,법 제38조제3항에 따른 폐수배출시설 및 방지시설의 운영에 관한 관리기록을 거짓으로 기록하거나 보존ㆍ비치하지 아니한 경우,070-4613-9404,,수질,2026-02-20,5895000,전남광주통합특별시 장성군
아이비씨영농조합법인,전라남도,장성군,전라남도 장성군 북이면 돗재로 277,,35.437553,126.784896,법 제38조제1항 각 호의 어느 하나에 해당하는 행위를 한 경우-방지시설에 유입되는 수질오염물질을 최종방류구를 거치지 아니하고 배출하거나 최종방류구를 거치지 아니하고 배출할 수 있,061-394-5508,,수질,2026-02-20,5895000,전남광주통합특별시 장성군
수성자동차공업사,전라남도,장성군,,전라남도 장성군 황룡면 월평리 617-1,35.28037771,126.764588,(대기환경보전법 제8조위반),000-0000-0000,,대기,2026-02-20,5895000,전남광주통합특별시 장성군
송산제약(주),전라남도,장성군,전라남도 장성군 삼계면 번창길 42,전라남도 장성군 삼계면 부성리 788-3,35.29902,126.6352678,법 제33조제2항 또는 제3항에 따른 폐수배출시설 변경신고를 하지 아니한 경우,061-394-0116,,수질,2026-02-20,5895000,전남광주통합특별시 장성군
세정산업(주),전라남도,장성군,,전라남도 장성군 황룡면 월평리 464,35.28406111,126.7731179,법 제31조제1항을 위반하여 다음과 같은 행위를 하는 경우-방지시설에 딸린 기계·기구류(예비용을 포함한다)의 고장 또는 훼손을 정당한 사유 없이 방치하는 행위,000-0000-0000,,대기,2026-02-20,5895000,전남광주통합특별시 장성군
세정산업(주),전라남도,장성군,전라남도 장성군 황룡면 신기길 97-8 (459-3),전라남도 장성군 황룡면 월평리 464,35.28406111,126.7731179,법 제38조제3항에 따른 폐수배출시설 및 방지시설의 운영에 관한 관리기록을 거짓으로 기록하거나 보존ㆍ비치하지 아니한 경우,000-0000-0000,,수질,2026-02-20,5895000,전남광주통합특별시 장성군
세온엔텍(주),전라남도,장성군,,전라남도 장성군 삼서면 두월리 산23-4,35.22084578,126.6903324,법 제31조제2항에 따른 배출시설 및 방지시설의 운영에 관한 관리기록을 거짓으로 기재하였거나 보존·비치하지 아니한 경우,000-0000-0000,,대기,2026-02-20,5895000,전남광주통합특별시 장성군
세연필텍(주),전라남도,장성군,전라남도 장성군 황룡면 강변로 451-25,전라남도 장성군 황룡면 월평리 610-1,35.28507596,126.7642755,법 제77조를 위반하여 환경기술인 등의 교육을 받게 하지 아니하였을 경우,000-0000-0000,,대기,2026-02-20,5895000,전남광주통합특별시 장성군
세신전자(주)장성공장,전라남도,장성군,,전라남도 장성군 삼계면 부성리 790-1,35.29887359,126.6366873,법 제23조제2항 또는 법 제23조제3항을 위반하여 변경신고를 하지 아니한 경우,000-0000-0000,,대기,2026-02-20,5895000,전남광주통합특별시 장성군
서진산업(주),전라남도,장성군,전라남도 장성군 황룡면 요월정로 143-11,전라남도 장성군 황룡면 황룡리 608-16,35.27702036,126.7520208,법 제23조에 따라 배출시설설치허가(변경허가를 포함한다)를 받지 아니하거나 신고를 하지 아니하고 배출시설을 설치한 경우-해당지역이 배출시설의 설치가 불가능한 지역인 경우,061-395-1491,,대기,2026-02-20,5895000,전남광주통합특별시 장성군
새천년 1급 자동차정비,전라남도,장성군,전라남도 장성군 황룡면 외장산길 3-37,전라남도 장성군 황룡면 장산리 337,35.29441607,126.7580661,법 제77조를 위반하여 환경기술인 등의 교육을 받게 하지 아니하였을 경우,000-0000-0000,,대기,2026-02-20,5895000,전남광주통합특별시 장성군
새천년 1급 자동차정비,전라남도,장성군,전라남도 장성군 황룡면 외장산길 3-37,전라남도 장성군 황룡면 장산리 337,35.29441607,126.7580661,법 제39조제1항에 따른 자가측정을 위반한 다음과 같은 경우-자가측정을 하지 아니하거나 자가측정 횟수가 적정하지 아니한 경우,061-393-4080,,대기,2026-02-20,5895000,전남광주통합특별시 장성군
죽향 콩 영농조합법인,전라남도,장성군,전라남도 장성군 진원면 나노산단로 208,전라남도 장성군 진원면 산동리 828-1,35.24670367,126.8365011,법 제38조제3항에 따른 폐수배출시설 및 방지시설의 운영에 관한 관리기록을 거짓으로 기록하거나 보존ㆍ비치하지 아니한 경우,000-0000-0000,,수질,2026-02-20,5895000,전남광주통합특별시 장성군
주식회사 신비환경무역,전라남도,장성군,전라남도 장성군 서삼면 초곡길 35,전라남도 장성군 서삼면 송현리 575-1,35.3475504,126.7649814,법 제33조제2항 또는 제3항에 따른 폐수배출시설 변경신고를 하지 아니한 경우,000-0000-0000,,수질,2026-02-20,5895000,전남광주통합특별시 장성군
주식회사 신비환경무역,전라남도,장성군,전라남도 장성군 서삼면 초곡길 35,전라남도 장성군 서삼면 송현리 575-1,35.3475504,126.7649814,법 제31조제2항에 따른 배출시설 및 방지시설의 운영에 관한 관리기록을 거짓으로 기재하였거나 보존·비치하지 아니한 경우,000-0000-0000,,대기,2026-02-20,5895000,전남광주통합특별시 장성군
주식회사 덕진,전라남도,장성군,,전라남도 장성군 황룡면 황룡리 44-9,35.27769408,126.7492553,법 제38조제3항에 따른 폐수배출시설 및 방지시설의 운영에 관한 관리기록을 거짓으로 기록하거나 보존ㆍ비치하지 아니한 경우,000-0000-0000,,수질,2026-02-20,5895000,전남광주통합특별시 장성군
주식회사 덕진,전라남도,장성군,전라남도 장성군 황룡면 요월정로 105,전라남도 장성군 황룡면 황룡리 44-9,35.27769408,126.749235,법 제38조제3항에 따른 폐수배출시설 및 방지시설의 운영에 관한 관리기록을 거짓으로 기록하거나 보존ㆍ비치하지 아니한 경우,061-393-7700,,수질,2026-02-20,5895000,전남광주통합특별시 장성군
주식회사 강동레미콘제이에스,전라남도,장성군,전라남도 장성군 서삼면 봉암로 546,전라남도 장성군 서삼면 송현리 99-1,35.34989001,126.7756667,법 제39조제1항에 따른 자가측정을 위반한 다음과 같은 경우-자가측정을 하지 아니하거나 자가측정 횟수가 적정하지 아니한 경우,061-394-9229,,대기,2026-02-20,5895000,전남광주통합특별시 장성군
제일미곡종합처리장,전라남도,장성군,전라남도 장성군 장성읍 뱃나드리로 245,전라남도 장성군 장성읍 영천리 1330-1,35.29237781,126.7799299,법 제23조제2항 또는 법 제23조제3항을 위반하여 변경신고를 하지 아니한 경우,000-0000-0000,,대기,2026-02-20,5895000,전남광주통합특별시 장성군
정성중공업,전라남도,장성군,,전라남도 장성군 황룡면 황룡리 50-10,35.27851416,126.7521186,법 제23조에 따라 배출시설설치허가(변경허가를 포함한다)를 받지 아니하거나 신고를 하지 아니하고 배출시설을 설치한 경우-해당지역이 배출시설의 설치가 가능한 지역인 경우,000-0000-0000,,대기,2026-02-20,5895000,전남광주통합특별시 장성군
전남제재소,전라남도,장성군,,전라남도 장성군 장성읍 영천리 899-8,35.29329757,126.7807404,법 제23조제2항 또는 법 제23조제3항을 위반하여 변경신고를 하지 아니한 경우,000-0000-0000,,대기,2026-02-20,5895000,전남광주통합특별시 장성군
장성서비스기아오토큐,전라남도,장성군,전라남도 장성군 장성읍 축령로 51,전라남도 장성군 장성읍 장안리 610-19,35.30836539,126.7740346,법 제77조를 위반하여 환경기술인 등의 교육을 받게 하지 아니하였을 경우,000-0000-0000,,대기,2026-02-20,5895000,전남광주통합특별시 장성군
장성병원,전라남도,장성군,전라남도 장성군 장성읍 역전로 171,전라남도 장성군 장성읍 영천리 1478-22,35.30571429,126.784095,법 제33조제2항 또는 제3항에 따른 폐수배출시설 변경신고를 하지 아니한 경우,061-390-9008,,수질,2026-02-20,5895000,전남광주통합특별시 장성군
장성농협주유소,전라남도,장성군,전라남도 장성군 장성읍 영천로 183,전라남도 장성군 장성읍 영천리 1054-1,35.30176004,126.7834408,법 제37조제1항에 따른 가동개시 신고를 하고 조업 중인 폐수배출시설에서 배출되는 수질오염물질의 정도가 폐수배출시설 또는 방지시설의 결함ㆍ고장 또는 운전미숙 등으로 법 제32조에,061-393-1000,,수질,2026-02-20,5895000,전남광주통합특별시 장성군
장성군농협조합공동사업법인,전라남도,장성군,,전라남도 장성군 삼계면 사창리 419-1 (외 4필지(419-2419-3419-4419-5)),35.2598251,126.6579935,법 제77조를 위반하여 환경기술인 등의 교육을 받게 하지 아니하였을 경우,000-0000-0000,,대기,2026-02-20,5895000,전남광주통합특별시 장성군
장성군농협조합공동사업법인,전라남도,장성군,전라남도 장성군 진원면 노사로 579 (외 4필지(484-2484-3진원리 740-6740-7)),전라남도 장성군 진원면 학전리 484-1,35.26712,126.838716,법 제31조제2항에 따른 배출시설 및 방지시설의 운영에 관한 관리기록을 거짓으로 기재하였거나 보존·비치하지 아니한 경우,061-392-5503,,대기,2026-02-20,5895000,전남광주통합특별시 장성군
장성군농협조합공동사업법인,전라남도,장성군,,전라남도 장성군 진원면 학전리 100-10,35.26840869,126.8370261,법 제39조제1항에 따른 자가측정을 위반한 다음과 같은 경우-자가측정을 거짓으로 기록하였거나 기록부 및 자가측정 시의 여과지 등을 보존·비치하지 아니한 경우,061-392-5503,,대기,2026-02-20,5895000,전남광주통합특별시 장성군
장성군농협조합공동사업법인,전라남도,장성군,전라남도 장성군 삼계면 영장로 1542-12,,35.259882,126.657969,법 제23조제2항 또는 법 제23조제3항을 위반하여 변경신고를 하지 아니한 경우,061-392-5503,,대기,2026-02-20,5895000,전남광주통합특별시 장성군
육군제8623부대,전라남도,장성군,,전라남도 장성군 삼서면 학성리 9,35.260341,126.6290363,수질환경보전법제15조제2항,000-0000-0000,,수질,2026-02-20,5895000,전남광주통합특별시 장성군
육군 제6305부대,전라남도,장성군,,전라남도 장성군 삼서면 학성리 산75-10,35.25787756,126.6167864,수질환경보전법제15조제2항,000-0000-0000,,수질,2026-02-20,5895000,전남광주통합특별시 장성군
유한회사 한재플라스틱,전라남도,장성군,전라남도 장성군 동화면 동화로 83-11,전라남도 장성군 동화면 월산리 766,35.24588716,126.7262402,법 제23조제2항 또는 법 제23조제3항을 위반하여 변경신고를 하지 아니한 경우,000-0000-0000,,대기,2026-02-20,5895000,전남광주통합특별시 장성군
웅진,전라남도,장성군,,전라남도 장성군 황룡면 월평리 604-6,35.28582266,126.7693876,법 제23조제2항 또는 법 제23조제3항을 위반하여 변경신고를 하지 아니한 경우,000-0000-0000,,대기,2026-02-20,5895000,전남광주통합특별시 장성군
우주수지,전라남도,장성군,전라남도 장성군 동화면 가정길 46,전라남도 장성군 동화면 용정리 533-1,35.2778252,126.7417455,법 제31조제2항에 따른 배출시설 및 방지시설의 운영에 관한 관리기록을 거짓으로 기재하였거나 보존·비치하지 아니한 경우,000-0000-0000,,대기,2026-02-20,5895000,전남광주통합특별시 장성군
우리환경에너지(주),전라남도,장성군,전라남도 장성군 서삼면 초곡길 33,전라남도 장성군 서삼면 송현리 573-1,35.348022,126.7655973,법 제31조제1항을 위반하여 다음과 같은 행위를 하는 경우-방지시설에 딸린 기계·기구류(예비용을 포함한다)의 고장 또는 훼손을 정당한 사유 없이 방치하는 행위,000-0000-0000,,대기,2026-02-20,5895000,전남광주통합특별시 장성군
용봉화학공업(주),전라남도,장성군,,전라남도 장성군 북이면 수성리 809-1,35.39853615,126.8274601,법 제23조제2항 또는 법 제23조제3항을 위반하여 변경신고를 하지 아니한 경우,061-393-3640,,대기,2026-02-20,5895000,전남광주통합특별시 장성군
용봉화학공업(주),전라남도,장성군,전라남도 장성군 북이면 수성로 71,전라남도 장성군 북이면 수성리 809-1,35.39853615,126.8274601,법 제31조제1항을 위반하여 다음과 같은 행위를 하는 경우-방지시설을 거치지 아니하고 대기오염물질을 배출할 수 있는 공기조절장치·가지배출관 등을 설치하는 행위,061-393-3640,,대기,2026-02-20,5895000,전남광주통합특별시 장성군
용봉화학공업(주),전라남도,장성군,전라남도 장성군 북이면 수성로 71,전라남도 장성군 북이면 수성리 809-1,35.39853615,126.8274601,법 제77조를 위반하여 환경기술인 등의 교육을 받게 하지 아니하였을 경우,061-393-3640,,대기,2026-02-20,5895000,전남광주통합특별시 장성군
현대주유소,전라남도,장성군,,전라남도 장성군 장성읍 영천리 1475-27,35.3052929,126.782119,법 제35조에 따른 방지시설(공동방지시설을 포함한다)의 설치ㆍ운영과 관련된 행정처분-영 제34조 각 호의 어느 하나에 해당하는 변경신고를 하지 아니하고 임의로 방지시설을 변경하여,000-0000-0000,,수질,2026-02-20,5895000,전남광주통합특별시 장성군
현대무역,전라남도,장성군,전라남도 장성군 황룡면 황룡로 204-15,전라남도 장성군 황룡면 황룡리 4-22,35.28018385,126.7528885,법 제31조제1항을 위반하여 다음과 같은 행위를 하는 경우-방지시설에 딸린 기계·기구류(예비용을 포함한다)의 고장 또는 훼손을 정당한 사유 없이 방치하는 행위,000-0000-0000,,대기,2026-02-20,5895000,전남광주통합특별시 장성군
해표산업(주),전라남도,장성군,,전라남도 장성군 남면 삼태리 855-6,35.23856884,126.8314434,법 제31조제1항을 위반하여 다음과 같은 행위를 하는 경우-부식·마모로 인하여 대기오염물질이 누출되는 배출시설이나 방지시설을 정당한 사유 없이 방치하는 행위,061-383-6601,,대기,2026-02-20,5895000,전남광주통합특별시 장성군
한라중공업(주),전라남도,장성군,,전라남도 장성군 황룡면 금호리 460-1,35.32889819,126.7199616,제28조제1항의 규정에 의한 신고 또는 변경신고를 하지 아니한 자,000-0000-0000,,대기,2026-02-20,5895000,전남광주통합특별시 장성군
태영하이텍(주),전라남도,장성군,전라남도 장성군 동화면 농공단지길 55,,35.283843,126.729189,법 제23조제2항 또는 법 제23조제3항을 위반하여 변경신고를 하지 아니한 경우,061-394-4385,,대기,2026-02-20,5895000,전남광주통합특별시 장성군
태영하이텍(주),전라남도,장성군,전라남도 장성군 동화면 농공단지길 55,,35.283843,126.729189,법 제31조제2항에 따른 배출시설 및 방지시설의 운영에 관한 관리기록을 거짓으로 기재하였거나 보존·비치하지 아니한 경우,061-394-4385,,대기,2026-02-20,5895000,전남광주통합특별시 장성군
태영전자(주),전라남도,장성군,,전라남도 장성군 동화면 구림리 200-3,35.28304684,126.7296167,법 제23조제2항 또는 법 제23조제3항을 위반하여 변경신고를 하지 아니한 경우,061-394-8410,,대기,2026-02-20,5895000,전남광주통합특별시 장성군
태영기계,전라남도,장성군,전라남도 장성군 남면 나노산단2로 95,,35.23971042,126.8371231,법 제77조를 위반하여 환경기술인 등의 교육을 받게 하지 아니하였을 경우,000-0000-0000,,대기,2026-02-20,5895000,전남광주통합특별시 장성군
케이원케미칼,전라남도,장성군,전라남도 장성군 진원면 나노산단로 186-7,전라남도 장성군 진원면 산동리 828-10,35.24498417,126.8353661,대기배출시설 설치 미신고,061-393-7070,,대기,2026-02-20,5895000,전남광주통합특별시 장성군
충원개발(주),전라남도,장성군,,전라남도 장성군 장성읍 단광리 524,35.29219406,126.7790082,그 밖에 폐수처리업자의 준수사항을 이행하지 아니한 경우,000-0000-0000,,수질,2026-02-20,5895000,전남광주통합특별시 장성군
충원개발(주),전라남도,장성군,,전라남도 장성군 장성읍 단광리 524,35.29219406,126.7790082,법 제33조제2항 또는 제3항에 따른 폐수배출시설 변경신고를 하지 아니한 경우,000-0000-0000,,수질,2026-02-20,5895000,전남광주통합특별시 장성군
청호환경개발(주),전라남도,장성군,전라남도 장성군 삼서면 영장로 1930-52,전라남도 장성군 삼서면 두월리 826-2,35.23542894,126.683088,법 제31조제2항에 따른 배출시설 및 방지시설의 운영에 관한 관리기록을 거짓으로 기재하였거나 보존·비치하지 아니한 경우,062-526-9640,,대기,2026-02-20,5895000,전남광주통합특별시 장성군
청호환경개발(주),전라남도,장성군,전라남도 장성군 삼서면 영장로 1930-52,전라남도 장성군 삼서면 두월리 826-2,35.23542894,126.683088,법 제23조제2항 또는 법 제23조제3항을 위반하여 변경신고를 하지 아니한 경우,062-526-9640,,대기,2026-02-20,5895000,전남광주통합특별시 장성군
청토산업(주),전라남도,장성군,,전라남도 장성군 북하면 용두리 산102-1,35.39223521,126.8811836,수질환경보전법 제10조제3항 위반,000-0000-0000,,수질,2026-02-20,5895000,전남광주통합특별시 장성군
청운리싸이클링,전라남도,장성군,전라남도 장성군 북일면 신흥로 355,전라남도 장성군 북일면 신흥리 78,35.36989868,126.8080136,법 제31조제1항을 위반하여 다음과 같은 행위를 하는 경우-방지시설에 딸린 기계·기구류(예비용을 포함한다)의 고장 또는 훼손을 정당한 사유 없이 방치하는 행위,000-0000-0000,,대기,2026-02-20,5895000,전남광주통합특별시 장성군
청운리싸이클링,전라남도,장성군,전라남도 장성군 북일면 신흥로 355,전라남도 장성군 북일면 신흥리 78,35.36989868,126.8080136,법 제31조제2항에 따른 배출시설 및 방지시설의 운영에 관한 관리기록을 거짓으로 기재하였거나 보존·비치하지 아니한 경우,000-0000-0000,,대기,2026-02-20,5895000,전남광주통합특별시 장성군
청운리싸이클링,전라남도,장성군,전라남도 장성군 북일면 신흥로 355,전라남도 장성군 북일면 신흥리 78,35.36989868,126.8080136,법 제23조제2항 또는 법 제23조제3항을 위반하여 변경신고를 하지 아니한 경우,000-0000-0000,,대기,2026-02-20,5895000,전남광주통합특별시 장성군
청우피엔시,전라남도,장성군,전라남도 장성군 동화면 동화로 87,,35.245929,126.727144,법 제31조제1항을 위반하여 다음과 같은 행위를 하는 경우-배출시설 가동 시에 방지시설을 가동하지 아니하거나 오염도를 낮추기 위하여 배출시설에서 배출되는 대기오염물질에 공기를 섞어,000-0000-0000,,대기,2026-02-20,5895000,전남광주통합특별시 장성군
청아온천,전라남도,장성군,,전라남도 장성군 장성읍 영천리 943,35.29907,126.782044,제28조제1항의 규정에 의한 비산먼지의 발생억제시설의 설치 및 필요한 조치를 하지 아니하고 시멘트.석탄.토사등 분체상 물질을 운송한 자,000-0000-0000,,대기,2026-02-20,5895000,전남광주통합특별시 장성군
청명(유),전라남도,장성군,,전라남도 장성군 동화면 용정리 88-1,35.292477,126.743819,영 제33조(근거법령 법 제35조 법 제 42조)제2호에 따라 폐수를 위탁처리한다는 사유로 방지시설을 설치하지 아니한 자-제38조제2항제4호에 따른 폐수처리업자의 변경신고를 하지,000-0000-0000,,수질,2026-02-20,5895000,전남광주통합특별시 장성군
지엘기술주식회사,전라남도,장성군,전라남도 장성군 삼계면 삼동로 136,,35.26950869,126.6823463,법 제37조제1항에 따른 가동개시 신고를 하고 조업 중인 폐수배출시설에서 배출되는 수질오염물질의 정도가 폐수배출시설 또는 방지시설의 결함ㆍ고장 또는 운전미숙 등으로 법 제32조에,061-394-7184,,수질,2026-02-20,5895000,전남광주통합특별시 장성군
지엘기술주식회사,전라남도,장성군,전라남도 장성군 삼계면 수양로 46,,35.24408743,126.6588559,법 제38조제1항 각 호의 어느 하나에 해당하는 행위를 한 경우-그 밖에 폐수배출시설 및 방지시설을 정당한 사유 없이 정상적으로 가동하지 아니하여 배출허용기준을 초과한 수질오염물질,061-394-7184,,수질,2026-02-20,5895000,전남광주통합특별시 장성군
지엘기술 주식회사,전라남도,장성군,전라남도 장성군 삼계면 삼동로 136,전라남도 장성군 삼계면 발산리 148-1,35.26950869,126.6823463,법 제 67조의 규정을 위반하여 환경기술인등의 교육을 받게 하지 아니한 경우,000-0000-0000,,수질,2026-02-20,5895000,전남광주통합특별시 장성군
지금강플랜텍(주),전라남도,장성군,,전라남도 장성군 황룡면 금호리 460-1,35.32889819,126.7199616,법 제31조제1항을 위반하여 다음과 같은 행위를 하는 경우-배출시설 가동 시에 방지시설을 가동하지 아니하거나 오염도를 낮추기 위하여 배출시설에서 배출되는 대기오염물질에 공기를 섞어,000-0000-0000,,대기,2026-02-20,5895000,전남광주통합특별시 장성군
지금강(주)장성공장,전라남도,장성군,,전라남도 장성군 황룡면 금호리 464-1,35.32889819,126.7199616,법 제39조제1항에 따른 자가측정을 위반한 다음과 같은 경우-자가측정을 하지 아니하거나 자가측정 횟수가 적정하지 아니한 경우,000-0000-0000,,대기,2026-02-20,5895000,전남광주통합특별시 장성군
(주)대정테크,전라남도,장성군,전라남도 장성군 동화면 용정기산길 45-4 (외 8필지(86-2486-2573-174-387-273-274-273-3)),전라남도 장성군 동화면 용정리 73-1,35.29151527,126.7460511,법 제31조제2항에 따른 배출시설 및 방지시설의 운영에 관한 관리기록을 거짓으로 기재하였거나 보존·비치하지 아니한 경우,000-0000-0000,,대기,2026-02-20,5895000,전남광주통합특별시 장성군
(주)대율플라스틱,전라남도,장성군,전라남도 장성군 서삼면 봉암로 584-21,전라남도 장성군 서삼면 송현리 127,35.353268,126.7801461,법 제 67조의 규정을 위반하여 환경기술인등의 교육을 받게 하지 아니한 경우,000-0000-0000,,수질,2026-02-20,5895000,전남광주통합특별시 장성군
(주)대율플라스틱,전라남도,장성군,전라남도 장성군 서삼면 봉암로 584-21,전라남도 장성군 서삼면 송현리 127,35.353268,126.7801461,법 제38조제3항에 따른 폐수배출시설 및 방지시설의 운영에 관한 관리기록을 거짓으로 기록하거나 보존ㆍ비치하지 아니한 경우,000-0000-0000,,수질,2026-02-20,5895000,전남광주통합특별시 장성군
(주)대율플라스틱,전라남도,장성군,전라남도 장성군 서삼면 봉암로 584-21,전라남도 장성군 서삼면 송현리 127,35.353268,126.7801461,법 제23조에 따라 배출시설설치허가(변경허가를 포함한다)를 받지 아니하거나 신고를 하지 아니하고 배출시설을 설치한 경우-해당지역이 배출시설의 설치가 가능한 지역인 경우,000-0000-0000,,대기,2026-02-20,5895000,전남광주통합특별시 장성군
(주)대영스틸,전라남도,장성군,,전라남도 장성군 동화면 남평리 산22,35.27236183,126.7120989,법 제23조제2항 또는 법 제23조제3항을 위반하여 변경신고를 하지 아니한 경우,061-393-8660,,대기,2026-02-20,5895000,전남광주통합특별시 장성군
(주)대신플라텍,전라남도,장성군,전라남도 장성군 황룡면 함장로 5139,전라남도 장성군 황룡면 신호리 316-2,35.29279923,126.7511209,법 제31조제2항에 따른 배출시설 및 방지시설의 운영에 관한 관리기록을 거짓으로 기재하였거나 보존·비치하지 아니한 경우,061-392-0772,,대기,2026-02-20,5895000,전남광주통합특별시 장성군
(주)대신플라텍,전라남도,장성군,전라남도 장성군 황룡면 함장로 5139,전라남도 장성군 황룡면 신호리 316-2,35.29279923,126.7511209,법 제 67조의 규정을 위반하여 환경기술인등의 교육을 받게 하지 아니한 경우,061-392-0772,,수질,2026-02-20,5895000,전남광주통합특별시 장성군
(주)다우,전라남도,장성군,전라남도 장성군 장성읍 성산3길 39,,35.3214056,126.803587,법 제38조의3제1항제3호에 따른 측정기기 또는 자료수집기 등을 조작하여 측정 결과를 누락시키거나 거짓으로 측정결과를 작성하는 경우-표준액의 표준값을 거짓으로 입력하거나 사용하는,061-394-8588,,수질,2026-02-20,5895000,전남광주통합특별시 장성군
(주)다성,전라남도,장성군,,전라남도 장성군 황룡면 월평리 604-7,35.28571185,126.7698429,법 제31조제2항에 따른 배출시설 및 방지시설의 운영에 관한 관리기록을 거짓으로 기재하였거나 보존·비치하지 아니한 경우,061-392-1504,,대기,2026-02-20,5895000,전남광주통합특별시 장성군
(주)나은산업,전라남도,장성군,,전라남도 장성군 황룡면 월평리 612-4,35.28198895,126.767598,법 제23조에 따라 배출시설설치허가(변경허가를 포함한다)를 받지 아니하거나 신고를 하지 아니하고 배출시설을 설치한 경우-해당지역이 배출시설의 설치가 가능한 지역인 경우,000-0000-0000,,대기,2026-02-20,5895000,전남광주통합특별시 장성군
(주)금호에이치티,전라남도,장성군,전라남도 장성군 동화면 농공단지길 27,전라남도 장성군 동화면 구림리 200-15,35.28309475,126.7278299,법 제33조제2항 또는 제3항에 따른 폐수배출시설 변경신고를 하지 아니한 경우,061-390-8000,,수질,2026-02-20,5895000,전남광주통합특별시 장성군
(주)금호에이치티,전라남도,장성군,,전라남도 장성군 동화면 구림리 200-15,35.28309475,126.7278299,법 제31조제1항을 위반하여 다음과 같은 행위를 하는 경우-방지시설에 딸린 기계·기구류(예비용을 포함한다)의 고장 또는 훼손을 정당한 사유 없이 방치하는 행위,061-390-8000,,대기,2026-02-20,5895000,전남광주통합특별시 장성군
(주)금강플랜트,전라남도,장성군,,전라남도 장성군 황룡면 금호리 460-1,35.32889819,126.7199616,제28조제1항의 규정에 의한 신고 또는 변경신고를 하지 아니한 자,000-0000-0000,,대기,2026-02-20,5895000,전남광주통합특별시 장성군
(주)금강기건 장성공장,전라남도,장성군,,전라남도 장성군 황룡면 금호리 464-1,35.32889819,126.7199616,법 제31조제2항에 따른 배출시설 및 방지시설의 운영에 관한 관리기록을 거짓으로 기재하였거나 보존·비치하지 아니한 경우,000-0000-0000,,대기,2026-02-20,5895000,전남광주통합특별시 장성군
(주)그린프라텍,전라남도,장성군,,전라남도 장성군 삼계면 부성리 692-1,35.30025514,126.6359331,수질환경보전법 제11조 2항,000-0000-0000,,수질,2026-02-20,5895000,전남광주통합특별시 장성군
(주)군민운수,전라남도,장성군,전라남도 장성군 장성읍 영천월산길 13,전라남도 장성군 장성읍 영천리 1511-7,35.307662,126.792141,법 제38조제3항에 따른 폐수배출시설 및 방지시설의 운영에 관한 관리기록을 거짓으로 기록하거나 보존ㆍ비치하지 아니한 경우,061-390-7366,,수질,2026-02-20,5895000,전남광주통합특별시 장성군
(주)광혁건설,전라남도,장성군,,전라남도 장성군 서삼면 대덕리 산151-3,35.3547339,126.7479358,수질환경보전법 제10조제3항규정,000-0000-0000,,수질,2026-02-20,5895000,전남광주통합특별시 장성군
(주)고려시멘트,전라남도,장성군,전라남도 장성군 장성읍 영천로 35,전라남도 장성군 장성읍 단광리 524,35.29219406,126.7790082,영 제33조(근거법령 법 제35조 법 제 39조 법 제 40조)제3호에 따라 방지시설 설치 외의 방법으로 수질오염물질을 적정하게 처리한다는 사유로 방지시설을 설치하지 아니한 자-폐,000-0000-0000,,수질,2026-02-20,5895000,전남광주통합특별시 장성군
(주)거상 수출산업,전라남도,장성군,,전라남도 장성군 황룡면 월평리 464,35.28406111,126.7731179,수질환경보전법 제33조 제3항,000-0000-0000,,수질,2026-02-20,5895000,전남광주통합특별시 장성군
(주)강동디엔아이,전라남도,장성군,,전라남도 장성군 황룡면 와룡리 산31,35.27444401,126.7685021,영 제33조(근거법령 법 제35조 법 제 39조 법 제 40조)제3호에 따라 방지시설 설치 외의 방법으로 수질오염물질을 적정하게 처리한다는 사유로 방지시설을 설치하지 아니한 자-폐,000-0000-0000,,수질,2026-02-20,5895000,전남광주통합특별시 장성군
(유)제일산업,전라남도,장성군,전라남도 장성군 황룡면 강변로 400-17,전라남도 장성군 황룡면 월평리 617-7,35.2795095,126.7657718,법 제35조에 따른 방지시설(공동방지시설을 포함한다)의 설치ㆍ운영과 관련된 행정처분-영 제34조 각 호의 어느 하나에 해당하는 변경신고를 하지 아니하고 임의로 방지시설을 변경하여,061-394-8181,,수질,2026-02-20,5895000,전남광주통합특별시 장성군
(유)제일산업,전라남도,장성군,전라남도 장성군 황룡면 강변로 400-17,전라남도 장성군 황룡면 월평리 617-7,35.2795095,126.7657718,법 제31조제1항을 위반하여 다음과 같은 행위를 하는 경우-방지시설에 딸린 기계·기구류(예비용을 포함한다)의 고장 또는 훼손을 정당한 사유 없이 방치하는 행위,061-394-8181,,대기,2026-02-20,5895000,전남광주통합특별시 장성군
(유)송림산업,전라남도,장성군,전라남도 장성군 황룡면 강변로 432-19,,35.28199767,126.767966,법 제31조제2항에 따른 배출시설 및 방지시설의 운영에 관한 관리기록을 거짓으로 기재하였거나 보존·비치하지 아니한 경우,000-0000-0000,,대기,2026-02-20,5895000,전남광주통합특별시 장성군
황룡농협주유소,전라남도,장성군,,전라남도 장성군 황룡면 신호리 323,35.29148828,126.7520207,법 제38조제3항에 따른 폐수배출시설 및 방지시설의 운영에 관한 관리기록을 거짓으로 기록하거나 보존ㆍ비치하지 아니한 경우,061-393-2052,,수질,2026-02-20,5895000,전남광주통합특별시 장성군
(주)선진화학,전라남도,장성군,전라남도 장성군 황룡면 강변로 382-13,전라남도 장성군 황룡면 와룡리 516-1,35.278314,126.7646384,법 제39조제1항에 따른 자가측정을 위반한 다음과 같은 경우-자가측정을 하지 아니하거나 자가측정 횟수가 적정하지 아니한 경우,061-392-8394,,대기,2026-02-20,5895000,전남광주통합특별시 장성군
(주)선진화학,전라남도,장성군,전라남도 장성군 황룡면 강변로 382-13,전라남도 장성군 황룡면 와룡리 516-1,35.278314,126.7646384,법 제23조제2항 또는 법 제23조제3항을 위반하여 변경신고를 하지 아니한 경우,061-392-8394,,대기,2026-02-20,5895000,전남광주통합특별시 장성군
(주)선우식품,전라남도,장성군,,전라남도 장성군 황룡면 맥호리 345,35.3106989,126.7217793,법 제37조제1항에 따른 가동개시 신고를 하고 조업 중인 폐수배출시설에서 배출되는 수질오염물질의 정도가 폐수배출시설 또는 방지시설의 결함ㆍ고장 또는 운전미숙 등으로 법 제32조에,000-0000-0000,,수질,2026-02-20,5895000,전남광주통합특별시 장성군
(주)서광,전라남도,장성군,전라남도 장성군 동화면 농공단지길 67,전라남도 장성군 동화면 구림리 210-1,35.283477,126.730382,법 제31조제1항을 위반하여 다음과 같은 행위를 하는 경우-방지시설에 딸린 기계·기구류(예비용을 포함한다)의 고장 또는 훼손을 정당한 사유 없이 방치하는 행위,000-0000-0000,,대기,2026-02-20,5895000,전남광주통합특별시 장성군
(주)새벽김치,전라남도,장성군,전라남도 장성군 진원면 나노산단로 186-5,,35.24541403,126.8352385,법 제33조제2항 또는 제3항에 따른 폐수배출시설 변경신고를 하지 아니한 경우,000-0000-0000,,수질,2026-02-20,5895000,전남광주통합특별시 장성군
(주)상무자동차1급정비공업사,전라남도,장성군,전라남도 장성군 삼계면 영장로 1722,전라남도 장성군 삼계면 주산리 402,35.24960912,126.6724205,법 제31조제1항을 위반하여 다음과 같은 행위를 하는 경우-방지시설에 딸린 기계·기구류(예비용을 포함한다)의 고장 또는 훼손을 정당한 사유 없이 방치하는 행위,061-394-9500,,대기,2026-02-20,5895000,전남광주통합특별시 장성군
(주)삼원산업,전라남도,장성군,전라남도 장성군 동화면 수연로 42,전라남도 장성군 동화면 용정리 249-4,35.28609141,126.7371979,법 제23조제2항 또는 법 제23조제3항을 위반하여 변경신고를 하지 아니한 경우,061-394-4710,,대기,2026-02-20,5895000,전남광주통합특별시 장성군
(주)부경식품,전라남도,장성군,,전라남도 장성군 북일면 박산리 345-3,35.380279,126.8033526,법 제37조제1항에 따른 가동개시의 신고를 하지 아니하고 조업을 한 경우,000-0000-0000,,수질,2026-02-20,5895000,전남광주통합특별시 장성군
(주)백양실업,전라남도,장성군,전라남도 장성군 황룡면 신기길 93,,35.28550062,126.7727224,법 제37조제1항에 따른 가동개시 신고를 하고 조업 중인 폐수배출시설에서 배출되는 수질오염물질의 정도가 폐수배출시설 또는 방지시설의 결함ㆍ고장 또는 운전미숙 등으로 법 제32조에,061-392-7900,,수질,2026-02-20,5895000,전남광주통합특별시 장성군
(주)백양랜드,전라남도,장성군,전라남도 장성군 북하면 백양로 941,전라남도 장성군 북하면 약수리 330,35.4114369,126.8806529,법 제30조에 따른 가동개시신고를 하고 가동 중인 배출시설에서 배출되는 대기오염물질의 정도가 배출시설 또는 방지시설의 결함·고장 또는 운전미숙 등으로 인하여 법 제16조에 따른 배,000-0000-0000,,대기,2026-02-20,5895000,전남광주통합특별시 장성군
(주)반석퓨리텍,전라남도,장성군,전라남도 장성군 동화면 금강산로 159,전라남도 장성군 동화면 남산리 802-2,35.25842659,126.7158627,법 제23조에 따라 배출시설설치허가(변경허가를 포함한다)를 받지 아니하거나 신고를 하지 아니하고 배출시설을 설치한 경우-해당지역이 배출시설의 설치가 불가능한 지역인 경우,000-0000-0000,,대기,2026-02-20,5895000,전남광주통합특별시 장성군
(주)무등산업,전라남도,장성군,전라남도 장성군 황룡면 강변로 425,,35.282259,126.765148,법 제77조를 위반하여 환경기술인 등의 교육을 받게 하지 아니하였을 경우,061-393-5588,,대기,2026-02-20,5895000,전남광주통합특별시 장성군
(주)명일씨엔티,전라남도,장성군,전라남도 장성군 황룡면 강변로 484-20,전라남도 장성군 황룡면 월평리 604-8,35.285457,126.770211,법 제38조제3항에 따른 폐수배출시설 및 방지시설의 운영에 관한 관리기록을 거짓으로 기록하거나 보존ㆍ비치하지 아니한 경우,061-392-7907,,수질,2026-02-20,5895000,전남광주통합특별시 장성군
(주)명성엔지니어링,전라남도,장성군,전라남도 장성군 북일면 신흥로 476-22,전라남도 장성군 북일면 박산리 365,35.38270498,126.805598,법 제23조제2항 또는 법 제23조제3항을 위반하여 변경신고를 하지 아니한 경우,061-393-3907,,대기,2026-02-20,5895000,전남광주통합특별시 장성군
(주)명성엔지니어링,전라남도,장성군,전라남도 장성군 북일면 신흥로 476-22,전라남도 장성군 북일면 박산리 365,35.38270498,126.805598,법 제31조제2항에 따른 배출시설 및 방지시설의 운영에 관한 관리기록을 거짓으로 기재하였거나 보존·비치하지 아니한 경우,061-393-3907,,대기,2026-02-20,5895000,전남광주통합특별시 장성군
(주)렉스프로폴,전라남도,장성군,,전라남도 장성군 삼서면 두월리 880,35.235206,126.685291,영 제33조(근거법령 법 제35조 법 제 42조)제2호에 따라 폐수를 위탁처리한다는 사유로 방지시설을 설치하지 아니한 자-폐수를 위탁하지 아니하고 그냥 배출한 경우,000-0000-0000,,수질,2026-02-20,5895000,전남광주통합특별시 장성군
(주)렉스프로폴,전라남도,장성군,,전라남도 장성군 삼서면 두월리 880,35.235206,126.685291,법 제31조제2항에 따른 배출시설 및 방지시설의 운영에 관한 관리기록을 거짓으로 기재하였거나 보존·비치하지 아니한 경우,000-0000-0000,,대기,2026-02-20,5895000,전남광주통합특별시 장성군
(주)렉스프로폴,전라남도,장성군,,전라남도 장성군 삼서면 두월리 880,35.235206,126.685291,그 밖에 폐수처리업자의 준수사항을 이행하지 아니한 경우,000-0000-0000,,수질,2026-02-20,5895000,전남광주통합특별시 장성군
(주)렉스프로폴,전라남도,장성군,,전라남도 장성군 삼서면 두월리 880,35.235206,126.685291,법 제23조제2항 또는 법 제23조제3항을 위반하여 변경신고를 하지 아니한 경우,000-0000-0000,,대기,2026-02-20,5895000,전남광주통합특별시 장성군
(주)렉스프로폴,전라남도,장성군,,전라남도 장성군 삼서면 두월리 880,35.235206,126.685291,법 제33조제2항 또는 제3항에 따른 폐수배출시설 변경신고를 하지 아니한 경우,000-0000-0000,,수질,2026-02-20,5895000,전남광주통합특별시 장성군
(주)동해플라스틱,전라남도,장성군,,전라남도 장성군 동화면 남산리 180-1,35.261157,126.7351179,대기환경보전법 제15조 제2항,061-392-8756,,대기,2026-02-20,5895000,전남광주통합특별시 장성군
(주)동해플라스틱,전라남도,장성군,전라남도 장성군 동화면 동화로 315,전라남도 장성군 동화면 남산리 180-1,35.261157,126.7351179,법 제31조제1항을 위반하여 다음과 같은 행위를 하는 경우-방지시설에 딸린 기계·기구류(예비용을 포함한다)의 고장 또는 훼손을 정당한 사유 없이 방치하는 행위,061-392-8756,,대기,2026-02-20,5895000,전남광주통합특별시 장성군
(주)동해플라스틱,전라남도,장성군,전라남도 장성군 동화면 동화로 315,전라남도 장성군 동화면 남산리 180-1,35.261157,126.7351179,법 제23조에 따라 배출시설설치허가(변경허가를 포함한다)를 받지 아니하거나 신고를 하지 아니하고 배출시설을 설치한 경우-해당지역이 배출시설의 설치가 불가능한 지역인 경우,061-392-8756,,대기,2026-02-20,5895000,전남광주통합특별시 장성군
(주)동원산업,전라남도,장성군,,전라남도 장성군 황룡면 월평리 459,35.284127,126.772451,제28조제1항의 규정에 의한 신고 또는 변경신고를 하지 아니한 자,000-0000-0000,,대기,2026-02-20,5895000,전남광주통합특별시 장성군
(주)대주환경,전라남도,장성군,,전라남도 장성군 북일면 신흥리 78,35.36989868,126.8080136,법 제38조제1항 각 호의 어느 하나에 해당하는 행위를 한 경우-폐수배출시설에서 배출되는 수질오염물질을 방지시설에 유입하지 아니하고 배출한 경우,000-0000-0000,,수질,2026-02-20,5895000,전남광주통합특별시 장성군
(주)전주에너지,전라남도,장성군,전라남도 장성군 삼계면 영장로 1001-25 (외 4필지(692-2692-3692-4692-5)),전라남도 장성군 삼계면 부성리 692-1,35.30025514,126.6359331,법 제23조에 따라 배출시설설치허가(변경허가를 포함한다)를 받지 아니하거나 신고를 하지 아니하고 배출시설을 설치한 경우-해당지역이 배출시설의 설치가 가능한 지역인 경우,061-390-8920,,대기,2026-02-20,5895000,전남광주통합특별시 장성군
(주)장성화학,전라남도,장성군,,전라남도 장성군 북일면 신흥리 78,35.36989868,126.8080136,대기배출시설 설치신고 미이행,000-0000-0000,,대기,2026-02-20,5895000,전남광주통합특별시 장성군
(주)인텍,전라남도,장성군,,전라남도 장성군 황룡면 월평리 610-10,35.28378871,126.765795,법 제23조에 따라 배출시설설치허가(변경허가를 포함한다)를 받지 아니하거나 신고를 하지 아니하고 배출시설을 설치한 경우-해당지역이 배출시설의 설치가 가능한 지역인 경우,000-0000-0000,,대기,2026-02-20,5895000,전남광주통합특별시 장성군
(주)이노인텍,전라남도,장성군,전라남도 장성군 황룡면 함장로 5145,전라남도 장성군 황룡면 신호리 313-1,35.292544,126.751953,법 제31조제2항에 따른 배출시설 및 방지시설의 운영에 관한 관리기록을 거짓으로 기재하였거나 보존·비치하지 아니한 경우,061-392-9435,,대기,2026-02-20,5895000,전남광주통합특별시 장성군
(주)이노인텍,전라남도,장성군,전라남도 장성군 황룡면 함장로 5145,전라남도 장성군 황룡면 신호리 313-1,35.292544,126.751953,법 제77조를 위반하여 환경기술인 등의 교육을 받게 하지 아니하였을 경우,061-392-9435,,대기,2026-02-20,5895000,전남광주통합특별시 장성군
(주)유림테크,전라남도,장성군,,전라남도 장성군 동화면 구림리 740,35.27714095,126.723268,법 제31조제2항에 따른 배출시설 및 방지시설의 운영에 관한 관리기록을 거짓으로 기재하였거나 보존·비치하지 아니한 경우,000-0000-0000,,대기,2026-02-20,5895000,전남광주통합특별시 장성군
(주)우리스틸,전라남도,장성군,전라남도 장성군 삼계면 삼동로 122,전라남도 장성군 삼계면 발산리 192-14,35.26822232,126.6809518,법 제23조제2항 또는 법 제23조제3항을 위반하여 변경신고를 하지 아니한 경우,000-0000-0000,,대기,2026-02-20,5895000,전남광주통합특별시 장성군
(주)우리스틸,전라남도,장성군,전라남도 장성군 삼계면 삼동로 122,전라남도 장성군 삼계면 발산리 192-14,35.26822232,126.6809518,법 제33조제2항 또는 제3항에 따른 폐수배출시설 변경신고를 하지 아니한 경우,000-0000-0000,,수질,2026-02-20,5895000,전남광주통합특별시 장성군
(주)영보피엔씨,전라남도,장성군,,전라남도 장성군 동화면 용정리 86-1,35.29166701,126.7461108,법 제39조제1항에 따른 자가측정을 위반한 다음과 같은 경우-자가측정을 하지 아니하거나 자가측정 횟수가 적정하지 아니한 경우,000-0000-0000,,대기,2026-02-20,5895000,전남광주통합특별시 장성군
(주)영보피엔씨,전라남도,장성군,전라남도 장성군 동화면 용정기산길 45-4 (외 8필지(86-2486-2573-174-387-273-274-273-3)),전라남도 장성군 동화면 용정리 73-1,35.29151527,126.7460511,법 제31조제1항을 위반하여 다음과 같은 행위를 하는 경우-부식·마모로 인하여 대기오염물질이 누출되는 배출시설이나 방지시설을 정당한 사유 없이 방치하는 행위,000-0000-0000,,대기,2026-02-20,5895000,전남광주통합특별시 장성군
(주)엠에스토피아,전라남도,장성군,,전라남도 장성군 황룡면 필암리 568-1,35.3087862,126.7499753,제15조제1항제3호 또는 동항제4호의 규정에 의한 행위를 한 자,061-393-5597,,대기,2026-02-20,5895000,전남광주통합특별시 장성군
(주)에스이,전라남도,장성군,전라남도 장성군 황룡면 내황길 19,전라남도 장성군 황룡면 신호리 335-7,35.28950908,126.7507747,법 제23조에 따라 배출시설설치허가(변경허가를 포함한다)를 받지 아니하거나 신고를 하지 아니하고 배출시설을 설치한 경우-해당지역이 배출시설의 설치가 가능한 지역인 경우,061-394-5945,,대기,2026-02-20,5895000,전남광주통합특별시 장성군
(주)에스이,전라남도,장성군,전라남도 장성군 황룡면 내황길 19,전라남도 장성군 황룡면 신호리 335-7,35.28950908,126.7507747,법 제31조제2항에 따른 배출시설 및 방지시설의 운영에 관한 관리기록을 거짓으로 기재하였거나 보존·비치하지 아니한 경우,061-394-5945,,대기,2026-02-20,5895000,전남광주통합특별시 장성군
(주)씨와이,전라남도,장성군,전라남도 장성군 동화면 수연로 68-12,전라남도 장성군 동화면 용정리 241,35.28755092,126.7371876,법 제39조제1항에 따른 자가측정을 위반한 다음과 같은 경우-자가측정을 하지 아니하거나 자가측정 횟수가 적정하지 아니한 경우,000-0000-0000,,대기,2026-02-20,5895000,전남광주통합특별시 장성군
(주)씨와이,전라남도,장성군,전라남도 장성군 동화면 수연로 68-12,전라남도 장성군 동화면 용정리 241,35.28755092,126.7371876,법 제33조제2항 또는 제3항에 따른 폐수배출시설 변경신고를 하지 아니한 경우,000-0000-0000,,수질,2026-02-20,5895000,전남광주통합특별시 장성군
(주)신라아스콘,전라남도,장성군,전라남도 장성군 동화면 본동로 1033-21,전라남도 장성군 동화면 구룡리 산79,35.23264699,126.7074193,법 제31조제2항에 따른 배출시설 및 방지시설의 운영에 관한 관리기록을 거짓으로 기재하였거나 보존·비치하지 아니한 경우,061-392-2701,,대기,2026-02-20,5895000,전남광주통합특별시 장성군
(주)수연중공업,전라남도,장성군,,전라남도 장성군 삼계면 수옥리 29-1,35.277161,126.708498,법 제31조제1항을 위반하여 다음과 같은 행위를 하는 경우-배출시설 가동 시에 방지시설을 가동하지 아니하거나 오염도를 낮추기 위하여 배출시설에서 배출되는 대기오염물질에 공기를 섞어,000-0000-0000,,대기,2026-02-20,5895000,전남광주통합특별시 장성군
(주)세인테크,전라남도,장성군,,전라남도 장성군 동화면 남산리 802-2,35.25842659,126.7158627,법 제23조에 따라 배출시설설치허가(변경허가를 포함한다)를 받지 아니하거나 신고를 하지 아니하고 배출시설을 설치한 경우-해당지역이 배출시설의 설치가 가능한 지역인 경우,000-0000-0000,,대기,2026-02-20,5895000,전남광주통합특별시 장성군
(주)세인테크,전라남도,장성군,,전라남도 장성군 동화면 남산리 802-2,35.25842659,126.7158627,법 제33조제1항 내지 제3항에 따른 폐수배출시설 설치허가(변경허가를 포함한다)를 받지 아니하거나 신고를 하지 아니하고 폐수배출시설을 설치하거나 사용한 경우-그 지역이 폐수배출시설,000-0000-0000,,수질,2026-02-20,5895000,전남광주통합특별시 장성군
(주)세운레미콘광주공장,전라남도,장성군,,전라남도 장성군 동화면 구룡리 220-2,35.23576289,126.7144925,비밀배출구 설치,000-0000-0000,,수질,2026-02-20,5895000,전남광주통합특별시 장성군
(주)성원하이테크,전라남도,장성군,전라남도 장성군 동화면 농공단지길 10,전라남도 장성군 동화면 구림리 210-34,35.28212428,126.7307306,법 제39조제1항에 따른 자가측정을 위반한 다음과 같은 경우-자가측정을 하지 아니하거나 자가측정 횟수가 적정하지 아니한 경우,061-394-9941,,대기,2026-02-20,5895000,전남광주통합특별시 장성군
(주)성원케미칼,전라남도,장성군,,전라남도 장성군 동화면 구림리 210-18,35.28212428,126.7307306,법 제31조제2항에 따른 배출시설 및 방지시설의 운영에 관한 관리기록을 거짓으로 기재하였거나 보존·비치하지 아니한 경우,000-0000-0000,,대기,2026-02-20,5895000,전남광주통합특별시 장성군
(주)성암아스콘,전라남도,장성군,전라남도 장성군 동화면 본동로 1033-23 ((주)성암아스콘),전라남도 장성군 동화면 구룡리 335-1,35.23324482,126.707853,법 제31조제2항에 따른 배출시설 및 방지시설의 운영에 관한 관리기록을 거짓으로 기재하였거나 보존·비치하지 아니한 경우,061-392-4141,,대기,2026-02-20,5895000,전남광주통합특별시 장성군
(주)선진화학,전라남도,장성군,전라남도 장성군 황룡면 강변로 382-13,전라남도 장성군 황룡면 와룡리 516-1,35.278314,126.7646384,법 제31조제1항을 위반하여 다음과 같은 행위를 하는 경우-부식·마모로 인하여 대기오염물질이 누출되는 배출시설이나 방지시설을 정당한 사유 없이 방치하는 행위,061-392-8394,,대기,2026-02-20,5895000,전남광주통합특별시 장성군
(주)파이닉스푸드 장성1공장,전라남도,장성군,전라남도 장성군 북이면 연수길 25-24 (외3필지),전라남도 장성군 북이면 사거리 511,35.436679,126.8119481,법 제33조제2항 또는 제3항에 따른 폐수배출시설 변경신고를 하지 아니한 경우,000-0000-0000,,수질,2026-02-20,5895000,전남광주통합특별시 장성군
(주)탑원산업,전라남도,장성군,전라남도 장성군 삼계면 평림암치로 30,,35.27460441,126.692568,법 제23조에 따라 배출시설설치허가(변경허가를 포함한다)를 받지 아니하거나 신고를 하지 아니하고 배출시설을 설치한 경우-해당지역이 배출시설의 설치가 가능한 지역인 경우,000-0000-0000,,대기,2026-02-20,5895000,전남광주통합특별시 장성군
(주)크린탑,전라남도,장성군,전라남도 장성군 삼서면 해삼로 1183,전라남도 장성군 삼서면 삼계리 310-2,35.23718815,126.6476711,법 제37조제1항에 따른 가동개시 신고를 하고 조업 중인 폐수배출시설에서 배출되는 수질오염물질의 정도가 폐수배출시설 또는 방지시설의 결함ㆍ고장 또는 운전미숙 등으로 법 제32조에 ,000-0000-0000,,수질,2026-02-20,5895000,전남광주통합특별시 장성군
(주)크린탑,전라남도,장성군,전라남도 장성군 삼서면 해삼로 1183,전라남도 장성군 삼서면 삼계리 310-2,35.23718815,126.6476711,법 제38조제1항 각 호의 어느 하나에 해당하는 행위를 한 경우-그 밖에 폐수배출시설 및 방지시설을 정당한 사유 없이 정상적으로 가동하지 아니하여 배출허용기준을 초과한 수질오염물질,000-0000-0000,,수질,2026-02-20,5895000,전남광주통합특별시 장성군
(주)크린탑,전라남도,장성군,전라남도 장성군 삼서면 해삼로 1183,전라남도 장성군 삼서면 삼계리 310-2,35.23718815,126.6476711,법 제33조제2항 또는 제3항에 따른 폐수배출시설 변경신고를 하지 아니한 경우,061-394-7782,,수질,2026-02-20,5895000,전남광주통합특별시 장성군
(주)크린탑,전라남도,장성군,전라남도 장성군 삼서면 해삼로 1183,전라남도 장성군 삼서면 삼계리 310-2,35.23718815,126.6476711,법 제37조제1항에 따른 가동개시 신고를 하고 조업 중인 폐수배출시설에서 배출되는 수질오염물질의 정도가 폐수배출시설 또는 방지시설의 결함ㆍ고장 또는 운전미숙 등으로 법 제32조에,061-394-7782,,수질,2026-02-20,5895000,전남광주통합특별시 장성군
(주)체리부로 금계지점,전라남도,장성군,전라남도 장성군 동화면 연산로 88-23,,35.26718204,126.7215613,법 제38조제1항 각 호의 어느 하나에 해당하는 행위를 한 경우-법 제38조제1항제3호 단서에 따른 인정을 받지 아니하고 수질오염물질을 희석하여 배출한 경우,061-390-9800,,수질,2026-02-20,5895000,전남광주통합특별시 장성군
(주)체리부로 금계지점,전라남도,장성군,전라남도 장성군 동화면 연산로 88-23,,35.26718204,126.7215613,법 제33조제2항 또는 제3항에 따른 폐수배출시설 변경신고를 하지 아니한 경우,061-390-9800,,수질,2026-02-20,5895000,전남광주통합특별시 장성군
(주)청산녹수,전라남도,장성군,,전라남도 장성군 장성읍 백계리 444-1,35.34521825,126.8128505,법 제37조제1항에 따른 가동개시 신고를 하고 조업 중인 폐수배출시설에서 배출되는 수질오염물질의 정도가 폐수배출시설 또는 방지시설의 결함ㆍ고장 또는 운전미숙 등으로 법 제32조에,000-0000-0000,,수질,2026-02-20,5895000,전남광주통합특별시 장성군
(주)창일,전라남도,장성군,전라남도 장성군 북일면 봉암로 876 (외1필지(520-1)),전라남도 장성군 북일면 신흥리 502,35.365891,126.805051,법 제38조제3항에 따른 폐수배출시설 및 방지시설의 운영에 관한 관리기록을 거짓으로 기록하거나 보존ㆍ비치하지 아니한 경우,061-394-8773,,수질,2026-02-20,5895000,전남광주통합특별시 장성군
(주)창일,전라남도,장성군,전라남도 장성군 북일면 봉암로 876 (외1필지(520-1)),전라남도 장성군 북일면 신흥리 502,35.365891,126.805051,법 제33조제2항 또는 제3항에 따른 폐수배출시설 변경신고를 하지 아니한 경우,061-394-8773,,수질,2026-02-20,5895000,전남광주통합특별시 장성군
(주)창일,전라남도,장성군,전라남도 장성군 북일면 봉암로 876 (외1필지(520-1)),전라남도 장성군 북일면 신흥리 502,35.365891,126.805051,법 제23조제2항 또는 법 제23조제3항을 위반하여 변경신고를 하지 아니한 경우,061-394-8773,,대기,2026-02-20,5895000,전남광주통합특별시 장성군
(주)창일,전라남도,장성군,전라남도 장성군 북일면 봉암로 876 (외1필지(520-1)),전라남도 장성군 북일면 신흥리 502,35.365891,126.805051,법 제31조제2항에 따른 배출시설 및 방지시설의 운영에 관한 관리기록을 거짓으로 기재하였거나 보존·비치하지 아니한 경우,061-394-8773,,대기,2026-02-20,5895000,전남광주통합특별시 장성군
(주)차후에스엔피,전라남도,장성군,전라남도 장성군 삼계면 번창길 51,전라남도 장성군 삼계면 부성리 791-3,35.29739544,126.6366992,법 제38조제3항에 따른 폐수배출시설 및 방지시설의 운영에 관한 관리기록을 거짓으로 기록하거나 보존ㆍ비치하지 아니한 경우,061-392-9400,,수질,2026-02-20,5895000,전남광주통합특별시 장성군
(주)차후에스엔피,전라남도,장성군,전라남도 장성군 삼계면 번창길 51,전라남도 장성군 삼계면 부성리 791-3,35.29739544,126.6366992,영 제33조(근거법령 법 제35조 법 제 39조 법 제 40조)제3호에 따라 방지시설 설치 외의 방법으로 수질오염물질을 적정하게 처리한다는 사유로 방지시설을 설치하지 아니한 자-폐,061-392-9400,,수질,2026-02-20,5895000,전남광주통합특별시 장성군
(주)차후에스엔피,전라남도,장성군,전라남도 장성군 삼계면 번창길 51,전라남도 장성군 삼계면 부성리 791-3,35.29739544,126.6366992,법 제23조에 따라 배출시설설치허가(변경허가를 포함한다)를 받지 아니하거나 신고를 하지 아니하고 배출시설을 설치한 경우-해당지역이 배출시설의 설치가 가능한 지역인 경우,061-392-9400,,대기,2026-02-20,5895000,전남광주통합특별시 장성군
(주)진명상용차,전라남도,장성군,전라남도 장성군 삼계면 삼동로 359 (외 4필지(119-1118-1119-2117-3)),전라남도 장성군 삼계면 수옥리 129-1,35.277482,126.703096,법 제39조제1항에 따른 자가측정을 위반한 다음과 같은 경우-자가측정을 하지 아니하거나 자가측정 횟수가 적정하지 아니한 경우,000-0000-0000,,대기,2026-02-20,5895000,전남광주통합특별시 장성군
(주)지알켐,전라남도,장성군,전라남도 장성군 동화면 전자농공단지2길 43,전라남도 장성군 동화면 남평리 1060-2,35.275526,126.7288144,법 제23조제2항 또는 법 제23조제3항을 위반하여 변경신고를 하지 아니한 경우,061-393-3114,,대기,2026-02-20,5895000,전남광주통합특별시 장성군
(주)지알켐,전라남도,장성군,전라남도 장성군 동화면 전자농공단지2길 43,전라남도 장성군 동화면 남평리 1060-2,35.275526,126.7288144,법 제31조제1항을 위반하여 다음과 같은 행위를 하는 경우-방지시설에 딸린 기계·기구류(예비용을 포함한다)의 고장 또는 훼손을 정당한 사유 없이 방치하는 행위,061-393-3114,,대기,2026-02-20,5895000,전남광주통합특별시 장성군
(주)제이와이진영산업,전라남도,장성군,,전라남도 장성군 동화면 남평리 463-5,35.26903079,126.7174081,법 제23조에 따라 배출시설설치허가(변경허가를 포함한다)를 받지 아니하거나 신고를 하지 아니하고 배출시설을 설치한 경우-해당지역이 배출시설의 설치가 가능한 지역인 경우,000-0000-0000,,대기,2026-02-20,5895000,전남광주통합특별시 장성군
(주)제이와이진영산업,전라남도,장성군,전라남도 장성군 동화면 연산로 119,전라남도 장성군 동화면 남평리 463-5,35.26903079,126.7174081,법 제39조제1항에 따른 자가측정을 위반한 다음과 같은 경우-자가측정을 하지 아니하거나 자가측정 횟수가 적정하지 아니한 경우,000-0000-0000,,대기,2026-02-20,5895000,전남광주통합특별시 장성군
(주)제이엠산업,전라남도,장성군,전라남도 장성군 동화면 동화로 97,,35.2465541,126.7279778,법 제 67조의 규정을 위반하여 환경기술인등의 교육을 받게 하지 아니한 경우,000-0000-0000,,수질,2026-02-20,5895000,전남광주통합특별시 장성군
(주)제이엠산업,전라남도,장성군,전라남도 장성군 동화면 동화로 97,,35.2465541,126.7279778,법 제38조제3항에 따른 폐수배출시설 및 방지시설의 운영에 관한 관리기록을 거짓으로 기록하거나 보존ㆍ비치하지 아니한 경우,061-392-3322,,수질,2026-02-20,5895000,전남광주통합특별시 장성군
강일에스티(주),전라남도,장성군,전라남도 장성군 남면 나노산단2로 91-10,,35.239765,126.8376715,법 제31조제2항에 따른 배출시설 및 방지시설의 운영에 관한 관리기록을 거짓으로 기재하였거나 보존·비치하지 아니한 경우,061-802-1647,,대기,2026-02-20,5895000,전남광주통합특별시 장성군
AJ네트웍스(주),전라남도,장성군,전라남도 장성군 동화면 금강산로 203-16,전라남도 장성군 동화면 남산리 680-13,35.26086096,126.7209863,법 제37조제1항에 따른 가동개시 신고를 하고 조업 중인 폐수배출시설에서 배출되는 수질오염물질의 정도가 폐수배출시설 또는 방지시설의 결함ㆍ고장 또는 운전미숙 등으로 법 제32조에,02-6363-9995,,수질,2026-02-20,5895000,전남광주통합특별시 장성군
AJ네트웍스(주),전라남도,장성군,전라남도 장성군 동화면 금강산로 203-16,전라남도 장성군 동화면 남산리 680-13,35.26086096,126.7209863,법 제33조제2항 또는 제3항에 따른 폐수배출시설 변경신고를 하지 아니한 경우,02-6363-9995,,수질,2026-02-20,5895000,전남광주통합특별시 장성군
(주)효성글라스,전라남도,장성군,전라남도 장성군 황룡면 강변로 484-24,전라남도 장성군 황룡면 월평리 604-9,35.285369,126.770498,법 제33조제2항 또는 제3항에 따른 폐수배출시설 변경신고를 하지 아니한 경우,061-395-3600,,수질,2026-02-20,5895000,전남광주통합특별시 장성군
(주)효성글라스,전라남도,장성군,전라남도 장성군 황룡면 강변로 484-24,전라남도 장성군 황룡면 월평리 604-9,35.285369,126.770498,법 제38조제3항에 따른 폐수배출시설 및 방지시설의 운영에 관한 관리기록을 거짓으로 기록하거나 보존ㆍ비치하지 아니한 경우,061-395-3600,,수질,2026-02-20,5895000,전남광주통합특별시 장성군
(주)화정,전라남도,장성군,전라남도 장성군 북일면 봉암로 1148,전라남도 장성군 북일면 박산리 245-1,35.38581295,126.8070036,법 제23조제2항 또는 법 제23조제3항을 위반하여 변경신고를 하지 아니한 경우,061-393-6569,,대기,2026-02-20,5895000,전남광주통합특별시 장성군
(주)현대푸드시스템,전라남도,장성군,전라남도 장성군 황룡면 강변로 452-21 (608-11),전라남도 장성군 황룡면 월평리 608-10,35.2837,126.7695126,법 제33조제2항 또는 제3항에 따른 폐수배출시설 변경신고를 하지 아니한 경우,061-395-3115,,수질,2026-02-20,5895000,전남광주통합특별시 장성군
(주)현농,전라남도,장성군,전라남도 장성군 남면 나노산단3로 33-5,전라남도 장성군 남면 삼태리 854-6,35.23684403,126.830284,법 제77조를 위반하여 환경기술인 등의 교육을 받게 하지 아니하였을 경우,000-0000-0000,,대기,2026-02-20,5895000,전남광주통합특별시 장성군
(주)현농,전라남도,장성군,전라남도 장성군 남면 나노산단3로 33-5,전라남도 장성군 남면 삼태리 854-6,35.236847,126.830282,법 제33조제2항 또는 제3항에 따른 폐수배출시설 변경신고를 하지 아니한 경우,061-362-5316,,수질,2026-02-20,5895000,전남광주통합특별시 장성군
(주)혁진팩,전라남도,장성군,전라남도 장성군 황룡면 요월정로 143-9 (외 2필지(26-20608-38)),전라남도 장성군 황룡면 황룡리 26-21,35.276324,126.7521284,법 제23조에 따라 배출시설설치허가(변경허가를 포함한다)를 받지 아니하거나 신고를 하지 아니하고 배출시설을 설치한 경우-해당지역이 배출시설의 설치가 불가능한 지역인 경우,000-0000-0000,,대기,2026-02-20,5895000,전남광주통합특별시 장성군
(주)해송기업,전라남도,장성군,전라남도 장성군 남면 나노산단2로 99,,35.239322,126.837387,법 제31조제2항에 따른 배출시설 및 방지시설의 운영에 관한 관리기록을 거짓으로 기재하였거나 보존·비치하지 아니한 경우,062-942-4177,,대기,2026-02-20,5895000,전남광주통합특별시 장성군
(주)한진레미콘,전라남도,장성군,,전라남도 장성군 서삼면 용흥리 152-2,35.31374128,126.7656351,법 제31조제2항에 따른 배출시설 및 방지시설의 운영에 관한 관리기록을 거짓으로 기재하였거나 보존·비치하지 아니한 경우,061-393-8311,,대기,2026-02-20,5895000,전남광주통합특별시 장성군
(주)한솔보드,전라남도,장성군,전라남도 장성군 남면 나노산단2로 161,전라남도 장성군 남면 삼태리 878-7,35.23456604,126.838303,법 제31조제2항에 따른 배출시설 및 방지시설의 운영에 관한 관리기록을 거짓으로 기재하였거나 보존·비치하지 아니한 경우,000-0000-0000,,대기,2026-02-20,5895000,전남광주통합특별시 장성군
(주)한국상용차,전라남도,장성군,,전라남도 장성군 동화면 남평리 291,35.27696321,126.7254731,법 제31조제2항에 따른 배출시설 및 방지시설의 운영에 관한 관리기록을 거짓으로 기재하였거나 보존·비치하지 아니한 경우,000-0000-0000,,대기,2026-02-20,5895000,전남광주통합특별시 장성군
(주)하나기업,전라남도,장성군,전라남도 장성군 삼서면 영장로 1930,전라남도 장성군 삼서면 두월리 876,35.23555433,126.6846119,법 제23조제2항 또는 법 제23조제3항을 위반하여 변경신고를 하지 아니한 경우,000-0000-0000,,대기,2026-02-20,5895000,전남광주통합특별시 장성군
(주)하나기업,전라남도,장성군,,전라남도 장성군 삼서면 두월리 880,35.235206,126.685291,법 제33조제2항 또는 제3항에 따른 폐수배출시설 변경신고를 하지 아니한 경우,000-0000-0000,,수질,2026-02-20,5895000,전남광주통합특별시 장성군
(주)피알테크,전라남도,장성군,전라남도 장성군 삼서면 영장로 1930-42,전라남도 장성군 삼서면 두월리 826-7,35.23490331,126.6831384,법 제23조제2항 또는 법 제23조제3항을 위반하여 변경신고를 하지 아니한 경우,061-393-9700,,대기,2026-02-20,5895000,전남광주통합특별시 장성군
(주)피알테크,전라남도,장성군,전라남도 장성군 삼서면 영장로 1930-42,전라남도 장성군 삼서면 두월리 826-7,35.23490331,126.6831384,영 제33조(근거법령 법 제35조 법 제 39조 법 제 40조)제3호에 따라 방지시설 설치 외의 방법으로 수질오염물질을 적정하게 처리한다는 사유로 방지시설을 설치하지 아니한 자-그,061-393-9700,,수질,2026-02-20,5895000,전남광주통합특별시 장성군
(주)폼피아,전라남도,장성군,전라남도 장성군 삼계면 번창길 37,전라남도 장성군 삼계면 부성리 789-2,35.29963887,126.6361951,법 제39조제1항에 따른 자가측정을 위반한 다음과 같은 경우-자가측정을 거짓으로 기록하였거나 기록부 및 자가측정 시의 여과지 등을 보존·비치하지 아니한 경우,061-394-3811,,대기,2026-02-20,5895000,전남광주통합특별시 장성군
(주)폼피아,전라남도,장성군,전라남도 장성군 삼계면 번창길 37,전라남도 장성군 삼계면 부성리 789-2,35.29963887,126.6361951,법 제31조제1항을 위반하여 다음과 같은 행위를 하는 경우-부식·마모로 인하여 대기오염물질이 누출되는 배출시설이나 방지시설을 정당한 사유 없이 방치하는 행위,061-394-3811,,대기,2026-02-20,5895000,전남광주통합특별시 장성군
(주)포이엠,전라남도,장성군,전라남도 장성군 동화면 삼동로 823 (외4필지(27-429-429-624-2)),전라남도 장성군 동화면 용정리 28,35.28969027,126.7474369,영 제33조(근거법령 법 제35조 법 제 39조 법 제 40조)제3호에 따라 방지시설 설치 외의 방법으로 수질오염물질을 적정하게 처리한다는 사유로 방지시설을 설치하지 아니한 자-폐,061-395-1100,,수질,2026-02-20,5895000,전남광주통합특별시 장성군
(주)포유테크,전라남도,장성군,전라남도 장성군 동화면 동화로 83-11,전라남도 장성군 동화면 월산리 766,35.24588716,126.7262402,법 제31조제2항에 따른 배출시설 및 방지시설의 운영에 관한 관리기록을 거짓으로 기재하였거나 보존·비치하지 아니한 경우,000-0000-0000,,대기,2026-02-20,5895000,전남광주통합특별시 장성군
(주)파이닉스푸드 장성공장,전라남도,장성군,전라남도 장성군 북이면 연수길 25-24 (외3필지),전라남도 장성군 북이면 사거리 511,35.436679,126.8119481,법 제37조제1항에 따른 가동개시 신고를 하고 조업 중인 폐수배출시설에서 배출되는 수질오염물질의 정도가 폐수배출시설 또는 방지시설의 결함ㆍ고장 또는 운전미숙 등으로 법 제32조에,000-0000-0000,,수질,2026-02-20,5895000,전남광주통합특별시 장성군
(주)파이닉스푸드 장성공장,전라남도,장성군,전라남도 장성군 북이면 연수길 25-24 (외3필지),전라남도 장성군 북이면 사거리 511,35.436679,126.8119481,법 제38조제1항 각 호의 어느 하나에 해당하는 행위를 한 경우-그 밖에 폐수배출시설 및 방지시설을 정당한 사유 없이 정상적으로 가동하지 아니하여 배출허용기준을 초과한 수질오염물질,000-0000-0000,,수질,2026-02-20,5895000,전남광주통합특별시 장성군
대양판지(주),전라남도,장성군,전라남도 장성군 황룡면 황룡로 209,전라남도 장성군 황룡면 황룡리 5-30,35.27930341,126.7540777,법 제31조제1항을 위반하여 다음과 같은 행위를 하는 경우-부식·마모로 인하여 대기오염물질이 누출되는 배출시설이나 방지시설을 정당한 사유 없이 방치하는 행위,061-395-3701,,대기,2026-02-20,5895000,전남광주통합특별시 장성군
대양판지(주),전라남도,장성군,전라남도 장성군 황룡면 황룡로 209,전라남도 장성군 황룡면 황룡리 5-30,35.27930341,126.7540777,법 제38조제1항 각 호의 어느 하나에 해당하는 행위를 한 경우-폐수배출시설에서 배출되는 수질오염물질을 방지시설에 유입하지 아니하고 배출한 경우,061-395-3701,,수질,2026-02-20,5895000,전남광주통합특별시 장성군
대신플라테크,전라남도,장성군,,전라남도 장성군 동화면 남산리 325-2,35.2662987,126.7305485,법 제39조제1항에 따른 자가측정을 위반한 다음과 같은 경우-자가측정을 하지 아니하거나 자가측정 횟수가 적정하지 아니한 경우,061-392-0772,,대기,2026-02-20,5895000,전남광주통합특별시 장성군
대성산업,전라남도,장성군,,전라남도 장성군 황룡면 월평리 617-8,35.279522,126.7657718,제15조제1항제3호의 규정을 위반한 자,000-0000-0000,,수질,2026-02-20,5895000,전남광주통합특별시 장성군
대림퍼니처(주),전라남도,장성군,,전라남도 장성군 황룡면 월평리 608-3,35.284538,126.767619,법 제31조제2항에 따른 배출시설 및 방지시설의 운영에 관한 관리기록을 거짓으로 기재하였거나 보존·비치하지 아니한 경우,062-945-4693,,대기,2026-02-20,5895000,전남광주통합특별시 장성군
대림레미콘(주),전라남도,장성군,전라남도 장성군 동화면 구봉길 57-6,전라남도 장성군 동화면 월산리 835,35.24101755,126.7148407,영 제33조(근거법령 법 제35조 법 제 39조 법 제 40조)제3호에 따라 방지시설 설치 외의 방법으로 수질오염물질을 적정하게 처리한다는 사유로 방지시설을 설치하지 아니한 자-폐,061-392-7907,,수질,2026-02-20,5895000,전남광주통합특별시 장성군
대륙건설(주),전라남도,장성군,전라남도 담양군 고서면 원등1길 49-73,전라남도 담양군 고서면 동운리 1321-1,35.22367271,126.9735917,가동개시에 따른 오염도 검사 결과 배출허용기준 초과,000-0000-0000,,수질,2026-02-20,5895000,전남광주통합특별시 장성군
다감식품,전라남도,장성군,,전라남도 장성군 장성읍 부흥리 52,35.33192393,126.798848,법 제37조제1항에 따른 가동개시 신고를 하고 조업 중인 폐수배출시설에서 배출되는 수질오염물질의 정도가 폐수배출시설 또는 방지시설의 결함ㆍ고장 또는 운전미숙 등으로 법 제32조에,000-0000-0000,,수질,2026-02-20,5895000,전남광주통합특별시 장성군
농업회사법인(주)녹향,전라남도,장성군,,전라남도 장성군 북이면 신평리 91,35.43448651,126.8017563,법 제38조제1항 각 호의 어느 하나에 해당하는 행위를 한 경우-폐수배출시설에서 배출되는 수질오염물질을 방지시설에 유입하지 아니하고 배출할 수 있는 시설을 설치한 경우,061-393-9891,,수질,2026-02-20,5895000,전남광주통합특별시 장성군
농업회사법인(주)녹향,전라남도,장성군,,전라남도 장성군 북이면 신평리 91,35.43448651,126.8017563,법 제37조제1항에 따른 가동개시의 신고를 하지 아니하고 조업을 한 경우,061-393-9891,,수질,2026-02-20,5895000,전남광주통합특별시 장성군
농업회사법인 산들래(주),전라남도,장성군,전라남도 장성군 동화면 동화로 496-9,전라남도 장성군 동화면 남평리 238-16,35.27584184,126.733997,법 제38조제3항에 따른 폐수배출시설 및 방지시설의 운영에 관한 관리기록을 거짓으로 기록하거나 보존ㆍ비치하지 아니한 경우,061-392-2297,,수질,2026-02-20,5895000,전남광주통합특별시 장성군
농업회사법인 (주)삼정농산,전라남도,장성군,전라남도 장성군 황룡면 문화로 210,전라남도 장성군 황룡면 장산리 244-2,35.29491042,126.7637021,법 제31조제2항에 따른 배출시설 및 방지시설의 운영에 관한 관리기록을 거짓으로 기재하였거나 보존·비치하지 아니한 경우,061-392-3250,,대기,2026-02-20,5895000,전남광주통합특별시 장성군
내쇼날이에스(주),전라남도,장성군,전라남도 장성군 동화면 농공단지길 71,전라남도 장성군 동화면 구림리 210-32,35.28351245,126.7309421,법 제31조제1항을 위반하여 다음과 같은 행위를 하는 경우-방지시설에 딸린 기계·기구류(예비용을 포함한다)의 고장 또는 훼손을 정당한 사유 없이 방치하는 행위,000-0000-0000,,대기,2026-02-20,5895000,전남광주통합특별시 장성군
내쇼날이에스(주),전라남도,장성군,전라남도 장성군 동화면 농공단지길 71,전라남도 장성군 동화면 구림리 210-32,35.28351245,126.7309421,방지시설에 딸린 기계와 기구류의 고장이나 훼손을 정당한 사유없이 방치,000-0000-0000,,대기,2026-02-20,5895000,전남광주통합특별시 장성군
나노셀프세차장,전라남도,장성군,,전라남도 장성군 남면 삼태리 864-7,35.23642965,126.8324592,법 제 67조의 규정을 위반하여 환경기술인등의 교육을 받게 하지 아니한 경우,000-0000-0000,,수질,2026-02-20,5895000,전남광주통합특별시 장성군
나노셀프세차장,전라남도,장성군,전라남도 장성군 남면 나노산단3로 50,,35.236427,126.832463,법 제37조제1항에 따른 가동개시 신고를 하고 조업 중인 폐수배출시설에서 배출되는 수질오염물질의 정도가 폐수배출시설 또는 방지시설의 결함ㆍ고장 또는 운전미숙 등으로 법 제32조에,000-0000-0000,,수질,2026-02-20,5895000,전남광주통합특별시 장성군
금솔(유),전라남도,장성군,,전라남도 장성군 동화면 용정리 620-17,35.280924,126.740535,대기환경보전법 제15조 제2항,000-0000-0000,,대기,2026-02-20,5895000,전남광주통합특별시 장성군
금성에너지(주),전라남도,장성군,전라남도 장성군 삼서면 함장로 3783-12,전라남도 장성군 삼서면 우치리 522-35,35.2260658,126.6437132,법 제31조제2항에 따른 배출시설 및 방지시설의 운영에 관한 관리기록을 거짓으로 기재하였거나 보존·비치하지 아니한 경우,000-0000-0000,,대기,2026-02-20,5895000,전남광주통합특별시 장성군
금성산업(주),전라남도,장성군,전라남도 장성군 동화면 구봉길 57-6,전라남도 장성군 동화면 월산리 835,35.24101755,126.7148407,법 제31조제2항에 따른 배출시설 및 방지시설의 운영에 관한 관리기록을 거짓으로 기재하였거나 보존·비치하지 아니한 경우,061-392-9660,,대기,2026-02-20,5895000,전남광주통합특별시 장성군
그린케미칼(주),전라남도,장성군,,전라남도 장성군 동화면 용정리 88,35.29192138,126.7441927,법 제39조제1항에 따른 자가측정을 위반한 다음과 같은 경우-자가측정을 하지 아니하거나 자가측정 횟수가 적정하지 아니한 경우,000-0000-0000,,대기,2026-02-20,5895000,전남광주통합특별시 장성군
국군복지단 상무대스포츠센타,전라남도,장성군,전라남도 장성군 삼계면 능성로 548 (상무아파트),,35.26059981,126.6771538,법 제23조제2항 또는 법 제23조제3항을 위반하여 변경신고를 하지 아니한 경우,061-395-3100,,대기,2026-02-20,5895000,전남광주통합특별시 장성군
광진레미콘(주),전라남도,장성군,전라남도 장성군 서삼면 봉암로 546,전라남도 장성군 서삼면 송현리 99-1,35.34989001,126.7756667,영 제33조(근거법령 법 제35조 법 제 39조 법 제 40조)제3호에 따라 방지시설 설치 외의 방법으로 수질오염물질을 적정하게 처리한다는 사유로 방지시설을 설치하지 아니한 자-폐,000-0000-0000,,수질,2026-02-20,5895000,전남광주통합특별시 장성군
광주알엠씨(주),전라남도,장성군,전라남도 장성군 동화면 구봉길 5,전라남도 장성군 동화면 구룡리 199,35.23457869,126.712318,법 제31조제1항을 위반하여 다음과 같은 행위를 하는 경우-방지시설에 딸린 기계·기구류(예비용을 포함한다)의 고장 또는 훼손을 정당한 사유 없이 방치하는 행위,000-0000-0000,,대기,2026-02-20,5895000,전남광주통합특별시 장성군
경광ENG,전라남도,장성군,,전라남도 장성군 동화면 구림리 740,35.27714095,126.723268,법 제10조의 규정에 의하여 배출시설설치허가(변경허가를 포함한다)를 받지 아니하거나 신고를 하지아니하고 배출시설을 설치한 경우 당해 지역이 배출시설의 설치가 가능한 지역일 경우,000-0000-0000,,대기,2026-02-20,5895000,전남광주통합특별시 장성군
무등화성(주),전라남도,장성군,,전라남도 장성군 동화면 용정리 83-16,35.29318811,126.7445296,법 제39조제1항에 따른 자가측정을 위반한 다음과 같은 경우-자가측정을 거짓으로 기록하였거나 기록부 및 자가측정 시의 여과지 등을 보존·비치하지 아니한 경우,061-394-4343,,대기,2026-02-20,5895000,전남광주통합특별시 장성군
무등금속,전라남도,장성군,전라남도 장성군 황룡면 강변로 403,전라남도 장성군 황룡면 월평리 643-7,35.28088478,126.764215,법 제31조제2항에 따른 배출시설 및 방지시설의 운영에 관한 관리기록을 거짓으로 기재하였거나 보존·비치하지 아니한 경우,061-393-9048,,대기,2026-02-20,5895000,전남광주통합특별시 장성군
마코르(주),전라남도,장성군,,전라남도 장성군 북이면 사거리 509,35.436679,126.8119481,법 제37조제1항에 따른 가동개시 신고를 하고 조업 중인 폐수배출시설에서 배출되는 수질오염물질의 정도가 폐수배출시설 또는 방지시설의 결함ㆍ고장 또는 운전미숙 등으로 법 제32조에,000-0000-0000,,수질,2026-02-20,5895000,전남광주통합특별시 장성군
로터스(주),전라남도,장성군,전라남도 장성군 동화면 동화로 315,,35.26116042,126.7351179,법 제23조에 따라 배출시설설치허가(변경허가를 포함한다)를 받지 아니하거나 신고를 하지 아니하고 배출시설을 설치한 경우-해당지역이 배출시설의 설치가 가능한 지역인 경우,000-0000-0000,,대기,2026-02-20,5895000,전남광주통합특별시 장성군
동화기업(주),전라남도,장성군,전라남도 장성군 동화면 임정로 155,,35.252539,126.7161251,법 제38조제3항에 따른 폐수배출시설 및 방지시설의 운영에 관한 관리기록을 거짓으로 기록하거나 보존ㆍ비치하지 아니한 경우,061-399-6000,,수질,2026-02-20,5895000,전남광주통합특별시 장성군
동양석재(주),전라남도,장성군,,전라남도 장성군 동화면 구룡리 397,35.227165,126.709499,제15조제1항제3호의 규정을 위반한 자,000-0000-0000,,수질,2026-02-20,5895000,전남광주통합특별시 장성군
동신안전유리공업(주),전라남도,장성군,전라남도 장성군 북일면 신흥로 423,전라남도 장성군 북일면 신흥리 279-4,35.37698321,126.8054319,법 제38조제3항에 따른 폐수배출시설 및 방지시설의 운영에 관한 관리기록을 거짓으로 기록하거나 보존ㆍ비치하지 아니한 경우,000-0000-0000,,수질,2026-02-20,5895000,전남광주통합특별시 장성군
도양기업(주),전라남도,장성군,,전라남도 장성군 북이면 죽청리 104-7,35.41519625,126.7766532,법 제37조제1항에 따른 가동개시 신고를 하고 조업 중인 폐수배출시설에서 배출되는 수질오염물질의 정도가 폐수배출시설 또는 방지시설의 결함ㆍ고장 또는 운전미숙 등으로 법 제32조에,000-0000-0000,,수질,2026-02-20,5895000,전남광주통합특별시 장성군
도양기업(주),전라남도,장성군,,전라남도 장성군 서삼면 송현리 산121-23,35.3514504,126.7676593,법 제38조제1항 각 호의 어느 하나에 해당하는 행위를 한 경우-방지시설에 유입되는 수질오염물질을 최종방류구를 거치지 아니하고 배출하거나 최종방류구를 거치지 아니하고 배출할 수 있,000-0000-0000,,수질,2026-02-20,5895000,전남광주통합특별시 장성군
덕진산업,전라남도,장성군,,전라남도 장성군 황룡면 황룡리 44-9,35.27769408,126.749235,법 제38조제3항에 따른 폐수배출시설 및 방지시설의 운영에 관한 관리기록을 거짓으로 기록하거나 보존ㆍ비치하지 아니한 경우,000-0000-0000,,수질,2026-02-20,5895000,전남광주통합특별시 장성군
덕진산업,전라남도,장성군,,전라남도 장성군 황룡면 황룡리 44-9,35.27769408,126.749235,법 제38조제1항 각 호의 어느 하나에 해당하는 행위를 한 경우-폐수배출시설에서 배출되는 수질오염물질을 방지시설에 유입하지 아니하고 배출할 수 있는 시설을 설치한 경우,000-0000-0000,,수질,2026-02-20,5895000,전남광주통합특별시 장성군
덕진산업,전라남도,장성군,,전라남도 장성군 황룡면 황룡리 44-9,35.27769408,126.749235,법 제37조제1항에 따른 가동개시 신고를 하고 조업 중인 폐수배출시설에서 배출되는 수질오염물질의 정도가 폐수배출시설 또는 방지시설의 결함ㆍ고장 또는 운전미숙 등으로 법 제32조에,000-0000-0000,,수질,2026-02-20,5895000,전남광주통합특별시 장성군
덕승개발(주),전라남도,장성군,전라남도 장성군 북이면 봉암로 1574,,35.423291,126.807166,법 제33조제1항 내지 제3항에 따른 폐수배출시설 설치허가(변경허가를 포함한다)를 받지 아니하거나 신고를 하지 아니하고 폐수배출시설을 설치하거나 사용한 경우-그 지역이 폐수배출시설,000-0000-0000,,수질,2026-02-20,5895000,전남광주통합특별시 장성군
대화특장,전라남도,장성군,,전라남도 장성군 동화면 용정리 671-8 (외 1필지(동호리 99-2)),35.28783527,126.7358527,법 제77조를 위반하여 환경기술인 등의 교육을 받게 하지 아니하였을 경우,000-0000-0000,,대기,2026-02-20,5895000,전남광주통합특별시 장성군
대원축산(주),전라남도,장성군,전라남도 장성군 황룡면 강변로 420-14,전라남도 장성군 황룡면 월평리 616-4,35.28093455,126.7664408,법 제38조제3항에 따른 폐수배출시설 및 방지시설의 운영에 관한 관리기록을 거짓으로 기록하거나 보존ㆍ비치하지 아니한 경우,000-0000-0000,,수질,2026-02-20,5895000,전남광주통합특별시 장성군
대원축산(주),전라남도,장성군,,전라남도 장성군 황룡면 월평리 616-4,35.28093455,126.7664408,폐수배출허용기준 초과,061-393-6776,,수질,2026-02-20,5895000,전남광주통합특별시 장성군
대원축산(주),전라남도,장성군,,전라남도 장성군 황룡면 월평리 616-4,35.28093455,126.7664408,수질환경보전법제10조제1항,061-393-6776,,수질,2026-02-20,5895000,전남광주통합특별시 장성군
대원축산(주),전라남도,장성군,,전라남도 장성군 황룡면 월평리 616-4,35.28093455,126.7664408,수질환경보전법 제8조 위반,061-393-6776,,수질,2026-02-20,5895000,전남광주통합특별시 장성군
대원축산(주),전라남도,장성군,전라남도 장성군 황룡면 강변로 420-14,전라남도 장성군 황룡면 월평리 616-4,35.28093455,126.7664408,법 제33조제2항 또는 제3항에 따른 폐수배출시설 변경신고를 하지 아니한 경우,061-393-6776,,수질,2026-02-20,5895000,전남광주통합특별시 장성군
대원축산(주),전라남도,장성군,전라남도 장성군 황룡면 강변로 420-14,전라남도 장성군 황룡면 월평리 616-4,35.28093455,126.7664408,법 제37조제1항에 따른 가동개시 신고를 하고 조업 중인 폐수배출시설에서 배출되는 수질오염물질의 정도가 폐수배출시설 또는 방지시설의 결함ㆍ고장 또는 운전미숙 등으로 법 제32조에,061-393-6776,,수질,2026-02-20,5895000,전남광주통합특별시 장성군
대원축산(주),전라남도,장성군,전라남도 장성군 황룡면 강변로 420-14,전라남도 장성군 황룡면 월평리 616-4,35.28093455,126.7664408,법 제38조제3항에 따른 폐수배출시설 및 방지시설의 운영에 관한 관리기록을 거짓으로 기록하거나 보존ㆍ비치하지 아니한 경우,061-393-6776,,수질,2026-02-20,5895000,전남광주통합특별시 장성군
대양판지(주),전라남도,장성군,전라남도 장성군 황룡면 황룡로 209,전라남도 장성군 황룡면 황룡리 5-30,35.27930341,126.7540777,법 제33조제2항 또는 제3항에 따른 폐수배출시설 변경신고를 하지 아니한 경우,061-395-3701,,수질,2026-02-20,5895000,전남광주통합특별시 장성군
(주)풍산 부산사업장,부산광역시,해운대구,부산광역시 해운대구 선수촌로 230 (반여동),부산광역시 해운대구 반여동 292-1,35.2127338,129.1268509,폐수배출시설 변경신고 미이행,051-520-8184,,수질,2026-02-10,3330000,부산광역시 해운대구
에이치에스효성프리미어모터스(주)부산서비스센터,부산광역시,해운대구,부산광역시 해운대구 수영강변대로 588 (반여동),부산광역시 해운대구 반여동 774,35.20966368,129.1221397,폐수배출시설 변경신고 미이행,051-240-1067,,수질,2026-02-10,3330000,부산광역시 해운대구
에이치에스효성프리미어모터스(주)부산서비스센터,부산광역시,해운대구,부산광역시 해운대구 수영강변대로 588 (반여동),부산광역시 해운대구 반여동 774,35.20966368,129.1221397,대기배출시설 변경신고 미이행,051-240-1067,,대기,2026-02-10,3330000,부산광역시 해운대구
(주)풍산 부산사업장,부산광역시,해운대구,부산광역시 해운대구 선수촌로 230 (반여동),부산광역시 해운대구 반여동 292-1,35.2127338,129.1268509,폐수 배출허용기준 초과,051-520-8184,,수질,2026-02-10,3330000,부산광역시 해운대구
컴인워시HD부산재송점,부산광역시,해운대구,부산광역시 해운대구 해운대로 179 (재송동),부산광역시 해운대구 재송동 367-1,35.18188285,129.123556,폐수배출시설 변경신고 미이행,051-784-0293,,수질,2026-02-10,3330000,부산광역시 해운대구
㈜힐스파,부산광역시,해운대구,부산광역시 해운대구 달맞이길117번길 11 (중동),부산광역시 해운대구 중동 1509-7,35.15846738,129.1752684,대기배출시설 변경신고 미이행,051-743-5705,,대기,2026-02-10,3330000,부산광역시 해운대구
주식회사 제이앤에스인부산 페어필드 바이 메리어트 부산,부산광역시,해운대구,부산광역시 해운대구 해운대해변로 314 (중동),부산광역시 해운대구 중동 1400-60,35.16163032,129.1648474,대기배출시설 변경신고 미이행,051-749-7708,,대기,2026-02-10,3330000,부산광역시 해운대구
센텀스카이비즈 관리위원회,부산광역시,해운대구,부산광역시 해운대구 센텀중앙로 97 (재송동),부산광역시 해운대구 재송동 1208-2,35.17516291,129.1245061,대기배출시설 변경신고 미이행,051-784-9393,,대기,2026-02-10,3330000,부산광역시 해운대구
부산좌1동우체국,부산광역시,해운대구,부산광역시 해운대구 양운로 87 (좌동),부산광역시 해운대구 좌동 1458-3,35.17063718,129.1744349,미신고 대기배출시설 설치운영,051-950-6097,,대기,2026-02-10,3330000,부산광역시 해운대구
씻자 반여점,부산광역시,해운대구,부산광역시 해운대구 명장로67번길 111 (반여동),부산광역시 해운대구 반여동 1183-1,35.20451255,129.1156702,폐수배출시설 변경신고 미이행,000-000-0000,,수질,2026-02-10,3330000,부산광역시 해운대구
연일금속,부산광역시,사하구,부산광역시 사하구 다산로225번길 28,부산광역시 사하구 장림동 1088-8,35.0736905237,128.9535540496,폐수배출시설 운영일지 미작성,051-000-0000,,수질,2026-01-16,3340000,부산광역시 사하구
쌍용레미콘㈜ 부산영업소,부산광역시,사하구,부산광역시 사하구 구평로 40,부산광역시 사하구 구평동 388-10,35.0755827506,128.9936172856,폐수배출시설 변경신고 미이행(조업일수),051-000-0000,,수질,2026-01-16,3340000,부산광역시 사하구
㈜경기색소,부산광역시,사하구,부산광역시 사하구 을숙도대로 526,부산광역시 사하구 신평동 370-39,35.0847087203,128.962957143,폐수배출시설 운영일지 허위작성,051-000-0000,,수질,2026-01-16,3340000,부산광역시 사하구
우리명판,부산광역시,사하구,부산광역시 사하구 장림번영로104번길 28,부산광역시 사하구 장림동 340-5,35.0787690169,128.9754319156,폐수배출시설 운영일지 미작성,051-000-0000,,수질,2026-01-16,3340000,부산광역시 사하구
㈜남양수지,부산광역시,사하구,부산광역시 사하구 보덕포1길 99-1,부산광역시 사하구 장림동 906-11,35.07248187,128.9630873537,폐수운영일지 미작성,051-000-0000,,수질,2026-01-16,3340000,부산광역시 사하구
유원산업㈜,부산광역시,사하구,부산광역시 사하구 을숙도대로677번길 23,부산광역시 사하구 신평동 566-10,35.0870875775,128.9799356937,폐수배출시설 운영일지 미작성,051-000-0000,,수질,2026-01-16,3340000,부산광역시 사하구
다비치안경하단,부산광역시,사하구,부산광역시 사하구 낙동대로 491,부산광역시 사하구 하단동 511-7,35.10815786,128.9667786,기타수질오염원 변경신고 미이행,051-000-0000,,수질,2026-01-16,3340000,부산광역시 사하구
㈜효성씨앤티,부산광역시,사하구,부산광역시 사하구 다산로 135,부산광역시 사하구 다대동 1508-6,35.064672249,128.9566242505,폐수배출시설 운영일지 거짓 작성,051-000-0000,,수질,2026-01-16,3340000,부산광역시 사하구
㈜코메론,부산광역시,사하구,부산광역시 사하구 장평로 73,부산광역시 사하구 장림동 575,35.072633305,128.9727788885,폐수배출시설 운영일지 미작성,051-000-0000,,수질,2026-01-16,3340000,부산광역시 사하구
바다식품,부산광역시,사하구,부산광역시 사하구 장평로132번길 16-7,부산광역시 사하구 장림동 354,35.07632741,128.9734872787,무허가폐수배출시설 설치운영(폐가스세정시설),051-000-0000,,수질,2026-01-16,3340000,부산광역시 사하구
인성하이텍,부산광역시,사하구,부산광역시 사하구 다산로 124,부산광역시 사하구 다대동 1509-11,35.064342605,128.9582702444,폐수배출시설 변경신고 미이행(폐수위탁),051-000-0000,,수질,2026-01-16,3340000,부산광역시 사하구
주식회사 광명씨푸드,부산광역시,사하구,부산광역시 사하구 감천항로 507,부산광역시 사하구 구평동 493-10,35.04968129,128.9989925,폐수배출시설 운영일지 미작성,051-000-0000,,수질,2026-01-16,3340000,부산광역시 사하구
씨제이제일제당(주)부산공장,부산광역시,사하구,부산광역시 사하구 다대로 210,부산광역시 사하구 장림동 1037,35.0841635147,128.974586494,폐수배출시설 변경신고 미이행,051-000-0000,,수질,2026-01-16,3340000,부산광역시 사하구
동흥,부산광역시,사하구,부산광역시 사하구 을숙도대로569번길 13,부산광역시 사하구 신평동 370-59,35.0867215832,128.9664121361,환경기술인 교육 미이수,051-000-0000,,수질,2026-01-16,3340000,부산광역시 사하구
에스비선보㈜ 다대2공장,부산광역시,사하구,부산광역시 사하구 홍티로 100,부산광역시 사하구 다대동 1617,35.0632636474,128.9610111348,비산먼지 변경신고 미이행,051-000-0000,,대기,2026-01-16,3340000,부산광역시 사하구
에스비선보㈜ 구평공장,부산광역시,사하구,부산광역시 사하구 감천항로405번길 61,부산광역시 사하구 구평동 495-13,35.0539039444,128.9985853,비산먼지 변경신고 미이행,051-000-0000,,대기,2026-01-16,3340000,부산광역시 사하구
우진탑종합건설㈜,부산광역시,사하구,부산광역시 사하구 다대로170번길 51,부산광역시 사하구 신평동 525,35.0866362536,128.9713714808,비산먼지 변경신고 미이행,051-000-0000,,대기,2026-01-16,3340000,부산광역시 사하구
성진씨엠,부산광역시,사하구,부산광역시 사하구 하신번영로 8,부산광역시 사하구 신평동 370-197,35.0827173558,128.9601059184,비산먼지 발생 억제조치 일부미흡(세륜 및 측면살수 일부 미흡),051-000-0000,,대기,2026-01-16,3340000,부산광역시 사하구
세운금속,부산광역시,사하구,부산광역시 사하구 다산로225번길 31,부산광역시 사하구 장림동 1087-8,35.07407893,128.9529851265,대기 자가측정 미이행,051-000-0000,,대기,2026-01-16,3340000,부산광역시 사하구
산우금속,부산광역시,사하구,부산광역시 사하구 다산로225번길 31,부산광역시 사하구 장림동 1087-8,35.07407893,128.9529851265,대기 자가측정 미이행,051-000-0000,,대기,2026-01-16,3340000,부산광역시 사하구
㈜대경,부산광역시,사하구,부산광역시 사하구 다산로 23,부산광역시 사하구 다대동 1521-6,35.05489971,128.9579960113,대기 자가측정 미이행,051-000-0000,,대기,2026-01-16,3340000,부산광역시 사하구
㈜한국레미콘,부산광역시,사하구,부산광역시 사하구 을숙도대로 617,부산광역시 사하구 신평동 574,35.0860545278,128.9732994598,비산먼지 발생 억제조치 일부미흡(내리기 공정 간 실수 일부 미흡),051-000-0000,,대기,2026-01-16,3340000,부산광역시 사하구
㈜제일공영,부산광역시,사하구,부산광역시 사하구 장림번영로104번길 50,부산광역시 사하구 장림동 341-15,35.0787665945,128.9758625781,비산먼지 발생 억제조치 미흡,051-000-0000,,대기,2026-01-16,3340000,부산광역시 사하구
㈜대웅,부산광역시,사하구,부산광역시 사하구 신산로 50,부산광역시 사하구 신평동 658-1,35.0898159716,128.9605553994,대기배출시설 가동개시 미신고,051-000-0000,,대기,2026-01-16,3340000,부산광역시 사하구
㈜유니온,부산광역시,사하구,부산광역시 사하구 구평로16번길 51,부산광역시 사하구 구평동 388-1,35.0733764207,128.9924196248,대기 자가측정 미이행,051-000-0000,,대기,2026-01-16,3340000,부산광역시 사하구
대승종합건설㈜,부산광역시,사하구,부산광역시 사하구 다대로 332,부산광역시 사하구 장림동 432,35.0727834,128.9757576051,비산먼지 발생 억제조치 일부미흡(수송차량 세륜 및 측면살수 일부 미흡),051-000-0000,,대기,2026-01-16,3340000,부산광역시 사하구
항도레미콘,부산광역시,사하구,부산광역시 사하구 하신중앙로53번길 60,부산광역시 사하구 신평동 370-95,35.0824738608,128.9576851305,비산먼지 발생억제 조치기준 미흡(수송차량 측면살수 일부미흡),051-000-0000,,대기,2026-01-16,3340000,부산광역시 사하구
선경주유소,부산광역시,사하구,부산광역시 사하구 을숙도대로 728,부산광역시 사하구 구평동 115-2,35.0849234052,128.9851398,휘발성유기화합물 배출시설 변경신고 미이행,051-000-0000,,대기,2026-01-16,3340000,부산광역시 사하구
해양경찰부산정비창,부산광역시,사하구,부산광역시 사하구 다대로605번길 93,부산광역시 사하구 다대동 375,35.0513831869,128.9805268704,비산먼지 변경신고 미이행,051-000-0000,,대기,2026-01-16,3340000,부산광역시 사하구
창신INC,부산광역시,사하구,부산광역시 사하구 장평로 242,부산광역시 사하구 신평동 558,35.0884052729,128.9733328576,대기배출시설 운영일지 미작성,051-000-0000,,대기,2026-01-16,3340000,부산광역시 사하구
㈜동진염색,부산광역시,사하구,부산광역시 사하구 하신번영로73번길 40,부산광역시 사하구 신평동 655-2,35.0890910509,128.9560540843,대기방지시설 부식·마모 방치,051-000-0000,,대기,2026-01-16,3340000,부산광역시 사하구
극동염직(주),부산광역시,사하구,부산광역시 사하구 신산로 32,부산광역시 사하구 신평동 657-2,35.0891080178,128.9587145839,대기방지시설 부식·마모 방치,051-000-0000,,대기,2026-01-16,3340000,부산광역시 사하구
㈜GMS21,부산광역시,사하구,부산광역시 사하구 보덕포1길 119,부산광역시 사하구 장림동 907-4,35.07199138,128.9630097805,대기배출시설 운영일지 미작성,051-000-0000,,대기,2026-01-16,3340000,부산광역시 사하구
동양특수목재㈜,부산광역시,사하구,부산광역시 사하구 다대로 351-1,부산광역시 사하구 장림동 492-13,35.0714937,128.9791189,대기오염방지시설 미가동,051-000-0000,,대기,2026-01-16,3340000,부산광역시 사하구
주식회사 효성씨오티,부산광역시,사하구,부산광역시 사하구 다산로175번길 43,부산광역시 사하구 다대동 1500-5,35.070709197,128.9538951312,대기배출허용기준 초과 탄화수소 302.7ppm(기준 110ppm),051-000-0000,,대기,2026-01-16,3340000,부산광역시 사하구
더존테크㈜,부산광역시,사하구,부산광역시 사하구 다산로225번길 46,부산광역시 사하구 장림동 1088-2,35.07545932,128.9530503121,대기오염방지시설 미가동,051-000-0000,,대기,2026-01-16,3340000,부산광역시 사하구
동방테크,부산광역시,사하구,부산광역시 사하구 두송로195번길 57,부산광역시 사하구 구평동 435-83,35.07242382,128.987503,미신고 대기배출시설 설치·운영,051-000-0000,,대기,2026-01-16,3340000,부산광역시 사하구
금강금속도금㈜지점,부산광역시,사하구,부산광역시 사하구 다산로225번길 38,부산광역시 사하구 장림동 1088-3,35.0745635349,128.9536363612,대기오염방지시설 미가동,051-000-0000,,대기,2026-01-16,3340000,부산광역시 사하구
㈜코메론,부산광역시,사하구,부산광역시 사하구 장평로 73,부산광역시 사하구 장림동 575,35.072633305,128.9727788885,대기배출허용기준 초과 THC 307.9ppm(기준 40ppm),051-000-0000,,대기,2026-01-16,3340000,부산광역시 사하구
항도아스콘(주),부산광역시,사하구,부산광역시 사하구 을숙도대로 569,부산광역시 사하구 신평동 540,35.0858892237,128.9682125447,비산먼지 발생억제 조치기준 미흡(수송차량 측면살수 일부미흡),051-000-0000,,대기,2026-01-16,3340000,부산광역시 사하구
주식회사 효성씨오티,부산광역시,사하구,부산광역시 사하구 다산로175번길 43,부산광역시 사하구 다대동 1500-5,35.070709197,128.9538951312,대기배출허용기준 초과 탄화수소 153.6ppm(기준 110ppm),051-000-0000,,대기,2026-01-16,3340000,부산광역시 사하구
동원주유소㈜,부산광역시,사하구,부산광역시 사하구 감천항로 445,부산광역시 사하구 구평동 480-7,35.0541898629,128.9952759429,유증기회수율검사 기준미달 4기,051-000-0000,,대기,2026-01-16,3340000,부산광역시 사하구
㈜케이엘중공업,부산광역시,사하구,부산광역시 사하구 다대동로8번길 129,부산광역시 사하구 다대동 370-2,35.056811414,128.9760251153,비산먼지 발생억제 조치기준 미흡(이동식 방진망(막) 훼손 방치),051-000-0000,,대기,2026-01-16,3340000,부산광역시 사하구
남성주유소,부산광역시,사하구,부산광역시 사하구 하신중앙로 240,부산광역시 사하구 하단동 870-301,35.0999071723,128.9611318318,압력감쇄누설 검사 기준미달 1기,051-000-0000,,대기,2026-01-16,3340000,부산광역시 사하구
㈜오에스조선,부산광역시,사하구,부산광역시 사하구 다대로605번길 55,부산광역시 사하구 다대동 375-8,35.05253689,128.9766174615,비산먼지발생억제시설 설치명령(조치이행명령) 미이행,051-000-0000,,대기,2026-01-16,3340000,부산광역시 사하구
항도레미콘(주),부산광역시,사하구,부산광역시 사하구 하신중앙로53번길 60,부산광역시 사하구 신평동 370-95,35.0824738608,128.9576851305,비산먼지 발생억제 조치기준 미흡(세륜 미흡),051-000-0000,,대기,2026-01-16,3340000,부산광역시 사하구
만물조선,부산광역시,사하구,부산광역시 사하구 감천항로405번길 45,부산광역시 사하구 구평동 495-11,35.0550006435,128.9976143481,비산먼지 변경신고 미이행,051-000-0000,,대기,2026-01-16,3340000,부산광역시 사하구
㈜에스에이치코리아,부산광역시,사하구,부산광역시 사하구 다산로 6,부산광역시 사하구 다대동 1522-2,35.05358297,128.9582280334,대기방지시설 부식·마모 방치,051-000-0000,,대기,2026-01-16,3340000,부산광역시 사하구
쌍용레미콘㈜ 서부산사업소,부산광역시,사하구,부산광역시 사하구 하신중앙로 147,부산광역시 사하구 신평동 370-5,35.091820523,128.9628862888,비산먼지 발생억제 조치기준 미흡(세륜 미흡),051-000-0000,,대기,2026-01-16,3340000,부산광역시 사하구
부영석유도매주유소,부산광역시,사하구,부산광역시 사하구 을숙도대로 564,부산광역시 사하구 신평동 370-43,35.0846919364,128.9674679,유증기회수율검사 기준미달 11기+고급휘발유 노즐 2기 미연결 상태,051-000-0000,,대기,2026-01-16,3340000,부산광역시 사하구
대보건설㈜,부산광역시,사하구,부산광역시 사하구 신산로 170,부산광역시 사하구 신평동 546,35.0896106804,128.9740536271,비산먼지 발생억제 조치기준 미흡(세륜 미흡),051-000-0000,,대기,2026-01-16,3340000,부산광역시 사하구
대광테크,부산광역시,사하구,부산광역시 사하구 장평로132번길 16-5,부산광역시 사하구 장림동 353-2,35.0763050755,128.973927129,환경기술인 교육 미이수,051-000-0000,,대기,2026-01-16,3340000,부산광역시 사하구
거연금속,부산광역시,사하구,부산광역시 사하구 장평로132번길 20,부산광역시 사하구 장림동 358,35.0765573499,128.9743845255,환경기술인 교육 미이수,051-000-0000,,대기,2026-01-16,3340000,부산광역시 사하구
동흥,부산광역시,사하구,부산광역시 사하구 을숙도대로569번길 13,부산광역시 사하구 신평동 370-59,35.0867215832,128.9664121361,환경기술인 교육 미이수,051-000-0000,,대기,2026-01-16,3340000,부산광역시 사하구
㈜천일에너지 대진주유소,부산광역시,사하구,부산광역시 사하구 낙동대로 339,부산광역시 사하구 괴정동 1123-8,35.1001956081,128.9798188978,유증기회수율검사 기준미달 4기,051-000-0000,,대기,2026-01-16,3340000,부산광역시 사하구
남성주유소,부산광역시,사하구,부산광역시 사하구 하신중앙로 240,부산광역시 사하구 하단동 870-301,35.0999071723,128.9611318318,유증기회수율검사 기준미달 8기+압력감쇄누설 검사 기준미달 1기,051-000-0000,,대기,2026-01-16,3340000,부산광역시 사하구
㈜수종환경,부산광역시,사하구,부산광역시 사하구 을숙도대로480번길 17,부산광역시 사하구 신평동 370-191,35.08394964,128.9577540037,비산먼지 발생 억제시설 조치 미이행,051-000-0000,,대기,2026-01-16,3340000,부산광역시 사하구
항도아스콘(주),부산광역시,사하구,부산광역시 사하구 을숙도대로 569,부산광역시 사하구 신평동 540,35.0858892237,128.9682125447,비산먼지 발생억제 조치기준 미흡(야외이송시설 덮개 설치 미흡),051-000-0000,,대기,2026-01-16,3340000,부산광역시 사하구
㈜오에스조선,부산광역시,사하구,부산광역시 사하구 다대로605번길 55,부산광역시 사하구 다대동 375-8,35.05253689,128.9766174615,비산먼지 발생 억제시설 조치 미이행,051-000-0000,,대기,2026-01-16,3340000,부산광역시 사하구
㈜창신INC 장림공장,부산광역시,사하구,부산광역시 사하구 장림번영로 87,부산광역시 사하구 장림동 316-40,35.0815417818,128.9750728,대기배출시설 변경신고 미이행(신고사항 변경),051-000-0000,,대기,2026-01-16,3340000,부산광역시 사하구
그린월드조선㈜,부산광역시,사하구,부산광역시 사하구 감천항로405번길 33,부산광역시 사하구 구평동 495-9,35.0556613957,128.99728599,비산먼지 발생억제 조치기준 미흡(방진망 미흡),051-000-0000,,대기,2026-01-16,3340000,부산광역시 사하구
㈜가남환경,부산광역시,사하구,부산광역시 사하구 다산로208번길 42,부산광역시 사하구 장림동 914-36,35.0718407,128.9599535075,대기배출시설 및 방지시설 운영일지 허위작성,051-000-0000,,대기,2026-01-16,3340000,부산광역시 사하구
㈜신흥정기(2공장),부산광역시,사하구,부산광역시 사하구 다산로 233,부산광역시 사하구 장림동 1088-11,35.0737546671,128.9548077665,대기방지시설 부식·마모 방치,051-000-0000,,대기,2026-01-16,3340000,부산광역시 사하구
해양조선㈜,부산광역시,사하구,부산광역시 사하구 감천항로 165-7,부산광역시 사하구 구평동 38-125,35.0789802263,128.9918281,비산먼지 발생 억제시설 조치 미이행,051-000-0000,,대기,2026-01-16,3340000,부산광역시 사하구
디엘건설㈜,부산광역시,사하구,부산광역시 사하구 낙동대로 565,부산광역시 사하구 하단동 476-10,35.1139397051,128.9626059,비산먼지 변경신고 미이행,051-000-0000,,대기,2026-01-16,3340000,부산광역시 사하구
디와이(DY)조선,부산광역시,사하구,부산광역시 사하구 다대로605번길 41,부산광역시 사하구 다대동 380-2,35.0527104636,128.9753661689,비산먼지 발생 억제시설 조치 미이행,051-000-0000,,대기,2026-01-16,3340000,부산광역시 사하구
에코포스트(주),부산광역시,사하구,부산광역시 사하구 홍티로 108,부산광역시 사하구 다대동 1338-1,35.06447733,128.9609882245,비산먼지 발생억제 조치기준 미흡(세륜 미흡),051-000-0000,,대기,2026-01-16,3340000,부산광역시 사하구
진성종합건설㈜,부산광역시,사하구,부산광역시 사하구 감천로43번길 45,부산광역시 사하구 감천동 598,35.0942249708,128.998232842,비산먼지 변경신고 미이행,051-000-0000,,대기,2026-01-16,3340000,부산광역시 사하구
㈜반석건설,부산광역시,사하구,부산광역시 사하구 감천항로 7,부산광역시 사하구 감천동 759,35.0870025754,128.9989353429,비산먼지 변경신고 미이행,051-000-0000,,대기,2026-01-16,3340000,부산광역시 사하구
퍼펙트 부영단조,부산광역시,사하구,부산광역시 사하구 신산로13번길 13,부산광역시 사하구 신평동 654-1,35.091871308,128.9560848,대기배출시설 변경신고 미이행(대표자 변경),051-000-0000,,대기,2026-01-16,3340000,부산광역시 사하구
미진건설㈜,부산광역시,사하구,부산광역시 사하구 장림번영로103번길 10,부산광역시 사하구 장림동 182,35.0821707474,128.9765366932,비산먼지 변경신고 미이행,051-000-0000,,대기,2026-01-16,3340000,부산광역시 사하구
경은산업㈜(2공장),부산광역시,사하구,부산광역시 사하구 하신번영로127번길 11,부산광역시 사하구 신평동 650-5,35.0939789548,128.9582485,대기배출시설 및 방지시설 운영일지 미작성,051-000-0000,,대기,2026-01-16,3340000,부산광역시 사하구
㈜화인테크,부산광역시,사하구,부산광역시 사하구 다산로175번길 47,부산광역시 사하구 다대동 1500-4,35.07098394,128.9537712227,대기배출시설 및 방지시설 운영일지 허위작성,051-000-0000,,대기,2026-01-16,3340000,부산광역시 사하구
대승종합건설㈜,부산광역시,사하구,부산광역시 사하구 다대로 332,부산광역시 사하구 장림동 432,35.0727834,128.9757576051,비산먼지 발생 억제 조치 미이행(차량 살수 미실시),051-636-6761,,대기,2026-01-16,3340000,부산광역시 사하구
경은산업㈜(1공장),부산광역시,사하구,부산광역시 사하구 신산로13번길 38,부산광역시 사하구 신평동 650-2,35.093253776,128.957614775,방지시설에 딸린 기구류의 훼손을 정당한 사유없이 방치,051-000-0000,,대기,2026-01-16,3340000,부산광역시 사하구
동일조선㈜,부산광역시,사하구,부산광역시 사하구 원양로 391,부산광역시 사하구 감천동 405-11,35.0846167013,129.0052968015,비산먼지 발생 억제시설 조치 미이행,051-200-1211,,대기,2026-01-16,3340000,부산광역시 사하구
㈜지원,부산광역시,사하구,부산광역시 사하구 다산로208번길 32,부산광역시 사하구 장림동 914-4,35.0715979461,128.9587434127,세륜시설 일부 미흡,051-000-0000,,대기,2026-01-16,3340000,부산광역시 사하구
대광테크,부산광역시,사하구,부산광역시 사하구 장평로132번길 16-5,부산광역시 사하구 장림동 353-2,35.0763050755,128.973927129,대기오염방지시설 미가동,051-000-0000,,대기,2026-01-16,3340000,부산광역시 사하구
장림주유소,부산광역시,사하구,부산광역시 사하구 장림로 287,부산광역시 사하구 장림동 101-1,35.0843121925,128.9797646691,유증기회수율검사 기준미달 3기,051-262-5189,,대기,2026-01-16,3340000,부산광역시 사하구
㈜에스엘와이,부산광역시,사하구,,부산광역시 사하구 구평동 38-32,35.081178014,128.992661,비산먼지 발생억제 조치기준 미흡(일부구간 살수 미흡),051-000-0000,,대기,2026-01-16,3340000,부산광역시 사하구
㈜엘디정공,부산광역시,사하구,부산광역시 사하구 다산로 50,부산광역시 사하구 다대동 1519-7,35.0571518482,128.9595167844,대기배출시설 및 방지시설 운영일지 미작성,051-000-0000,,대기,2026-01-16,3340000,부산광역시 사하구
주식회사 효성씨오티,부산광역시,사하구,부산광역시 사하구 다산로175번길 43,부산광역시 사하구 다대동 1500-5,35.070709197,128.9538951312,대기배출허용기준 초과 탄화수소(THC) 147.5ppm(기준 110ppm),051-261-5061,,대기,2026-01-16,3340000,부산광역시 사하구
에스씨㈜ 감천,부산광역시,사하구,부산광역시 사하구 감천로 79,부산광역시 사하구 감천동 500-9,35.0894668749,129.0010709,유증기회수율 검사 기준미달 2기+압력감쇄누설검사 기준미달 1기,051-291-9700,,대기,2026-01-16,3340000,부산광역시 사하구
㈜윤텍스타일,부산광역시,사하구,부산광역시 사하구 신산로 13,부산광역시 사하구 신평동 653-4,35.0905037114,128.9572431,대기자가측정 미이행대기방지시설,051-266-4768,,대기,2026-01-16,3340000,부산광역시 사하구
성광티피㈜,부산광역시,사하구,부산광역시 사하구 신산로29번길 18,부산광역시 사하구 신평동 652-6,35.0919391402,128.9589132189,대기자가측정 미이행대기방지시설,051-000-0000,,대기,2026-01-16,3340000,부산광역시 사하구
화진산업 2공장,부산광역시,사하구,부산광역시 사하구 신산로13번길 30,부산광역시 사하구 신평동 650-3,35.0927858927,128.9572344131,대기자가측정 미이행대기방지시설,051-000-0000,,대기,2026-01-16,3340000,부산광역시 사하구
동광에너콤 신평주유소,부산광역시,사하구,부산광역시 사하구 하신중앙로 166,부산광역시 사하구 신평동 370-1,35.09373576,128.9631461,유증기회수율 검사 기준미달 4기,051-000-0000,,대기,2026-01-16,3340000,부산광역시 사하구
(주)포스코이앤씨,부산광역시,사하구,부산광역시 사하구 제석로 96,부산광역시 사하구 당리동 54,35.10796641,128.9775405,비산먼지 발생억제 조치기준 미흡(싣기 및 내리기 시 살수 미흡),051-000-0000,,대기,2026-01-16,3340000,부산광역시 사하구
㈜태광폴리켐,부산광역시,사하구,부산광역시 사하구 다산로175번길 38,부산광역시 사하구 다대동 1504-14,35.0703135057,128.9544248942,대기 자가측정 미이행,051-265-4470,,대기,2026-01-16,3340000,부산광역시 사하구
성창사,부산광역시,사하구,부산광역시 사하구 다산로 230,부산광역시 사하구 장림동 1089-7,35.07365303,128.955885,대기 자가측정 미이행,051-000-0000,,대기,2026-01-16,3340000,부산광역시 사하구
일호금속,부산광역시,사하구,부산광역시 사하구 다산로225번길 31,부산광역시 사하구 장림동 1087-8,35.07407893,128.9529851265,대기 자가측정 미이행,051-000-0000,,대기,2026-01-16,3340000,부산광역시 사하구
지원건설㈜,부산광역시,사하구,부산광역시 사하구 낙동남로 1404,부산광역시 사하구 하단동 592-9,35.10588702,128.9652088,비산먼지 변경신고 미이행,051-000-0000,,대기,2026-01-16,3340000,부산광역시 사하구
㈜거맥에스앤피,부산광역시,사하구,부산광역시 사하구 다산로53번길 15,부산광역시 사하구 다대동 1515-10,35.05771097,128.9574011427,대기배출허용기준 초과 탄화수소 190.8ppm(기준 110ppm),051-264-3315,,대기,2026-01-16,3340000,부산광역시 사하구
주식회사 효성씨오티,부산광역시,사하구,부산광역시 사하구 다산로175번길 43,부산광역시 사하구 다대동 1500-5,35.070709197,128.9538951312,대기배출허용기준 초과 탄화수소 422.5ppm(기준 110ppm),051-261-5061,,대기,2026-01-16,3340000,부산광역시 사하구
㈜가남환경,부산광역시,사하구,부산광역시 사하구 다산로208번길 38,부산광역시 사하구 장림동 914-35,35.07171161,128.9595954,수송차량 측면살수 미흡,051-000-0000,,대기,2026-01-16,3340000,부산광역시 사하구
㈜동성케미컬,부산광역시,사하구,부산광역시 사하구 신산로 99,부산광역시 사하구 신평동 472,35.0911413685,128.9657623891,대기배출시설 변경신고 미이행(새로운 대기오염물질 검출),051-000-0000,,대기,2026-01-16,3340000,부산광역시 사하구
예진에프앤지㈜ 신평공장,부산광역시,사하구,부산광역시 사하구 신산로 33,부산광역시 사하구 신평동 652-4,35.0908432073,128.9589691,방지시설에 딸린 기구류의 훼손을 정당한 사유없이 방치+세정집진시설의 노즐 일부 미분사,051-000-0000,,대기,2026-01-16,3340000,부산광역시 사하구
㈜호반건설,부산광역시,사하구,부산광역시 사하구 신산로 120,부산광역시 사하구 신평동 493,35.0891915596,128.9682501378,비산먼지 변경신고 미이행,051-000-0000,,대기,2026-01-16,3340000,부산광역시 사하구
한일종합정비,부산광역시,사하구,부산광역시 사하구 하신중앙로 100,부산광역시 사하구 신평동 370-28,35.0875667932,128.9658019015,미신고 대기배출시설 설치운영,051-000-0000,,대기,2026-01-16,3340000,부산광역시 사하구
㈜제일공영,부산광역시,사하구,부산광역시 사하구 장림번영로104번길 50,부산광역시 사하구 장림동 341-15,35.0787665945,128.9758625781,방진벽 일부 설치미흡,051-000-0000,,대기,2026-01-16,3340000,부산광역시 사하구
㈜대웅,부산광역시,사하구,부산광역시 사하구 신산로 50,부산광역시 사하구 신평동 658-1,35.0898159716,128.9605553994,대기배출시설 및 방지시설 운영일지 미작성,051-000-0000,,대기,2026-01-16,3340000,부산광역시 사하구
동부자동차정비,부산광역시,사하구,부산광역시 사하구 장림로 78-22,부산광역시 사하구 장림동 989-16,35.0793258101,128.9614274,미신고 대기배출시설 설치운영,051-000-0000,,대기,2026-01-16,3340000,부산광역시 사하구
이화자동차정비,부산광역시,사하구,부산광역시 사하구 장림로 204,부산광역시 사하구 장림동 321-18,35.0822111173,128.9710741095,미신고 대기배출시설 설치운영,051-263-3010,,대기,2026-01-16,3340000,부산광역시 사하구
대승종합건설㈜,부산광역시,사하구,부산광역시 사하구 다대로 332,부산광역시 사하구 장림동 432,35.0727834,128.9757576051,비산먼지 변경신고 미이행,051-636-6761,,대기,2026-01-16,3340000,부산광역시 사하구
신진볼트공업사,부산광역시,사하구,부산광역시 사하구 하신번영로127번길 26,부산광역시 사하구 신평동 649-2,35.0946917485,128.9566750444,미신고 대기배출시설 설치운영탈지시설 2기+건조로 1기,051-000-0000,,대기,2026-01-16,3340000,부산광역시 사하구
㈜천일에너지 대진,부산광역시,사하구,부산광역시 사하구 낙동대로 339,부산광역시 사하구 괴정동 1123-8,35.1001956081,128.9798188978,유증기회수율 검사 기준미달 2기,051-206-6489,,대기,2026-01-16,3340000,부산광역시 사하구
아진일렉트론3공장,부산광역시,사하구,부산광역시 사하구 다산로225번길 19,부산광역시 사하구 장림동 1087-12,35.0730294619,128.9534276837,대기 자가측정 미이행,051-000-0000,,대기,2026-01-16,3340000,부산광역시 사하구
디와이테크,부산광역시,사하구,부산광역시 사하구 다산로225번길 25,부산광역시 사하구 장림동 1087-10,35.0735953,128.9531492,대기 자가측정 미이행,051-000-0000,,대기,2026-01-16,3340000,부산광역시 사하구
㈜경원화학,부산광역시,사하구,부산광역시 사하구 다산로225번길 15,부산광역시 사하구 장림동 1087-14,35.07274534,128.9533705,대기 자가측정 미이행,051-000-0000,,대기,2026-01-16,3340000,부산광역시 사하구
㈜동일,부산광역시,사하구,부산광역시 사하구 장평로145번길 32,부산광역시 사하구 장림동 333-8,35.07990713,128.9708850981,비산먼지 발생억제조치 기준 미흡(방진벽)소음진동저감시설(방음시설) 일부 미설치,051-000-0000,,대기,2026-01-16,3340000,부산광역시 사하구
성진씨엠주식회사,부산광역시,사하구,부산광역시 사하구 하신번영로 8,부산광역시 사하구 신평동 370-197,35.0827173558,128.9601059184,비산먼지 발생억제 조치기준 미흡(세륜 미흡),051-203-2114,,대기,2026-01-16,3340000,부산광역시 사하구
그린월드조선㈜,부산광역시,사하구,부산광역시 사하구 감천항로405번길 33,부산광역시 사하구 구평동 495-9,35.0556613957,128.99728599,비산먼지 발생억제조치 기준 미흡(방진망 설치 미흡),051-265-2235,,대기,2026-01-16,3340000,부산광역시 사하구
동일조선㈜,부산광역시,사하구,부산광역시 사하구 원양로 391,부산광역시 사하구 감천동 405-11,35.0846167013,129.0052968015,비산먼지 발생억제를 위한 조치 미이행,051-200-1211,,대기,2026-01-16,3340000,부산광역시 사하구
현승모터스,부산광역시,사하구,부산광역시 사하구 하신중앙로 15,부산광역시 사하구 장림동 821,35.0802922151,128.9643449,대기배출시설 및 방지시설 운영일지 미작성,051-000-0000,,대기,2026-01-16,3340000,부산광역시 사하구
흥진산업㈜ 2공장,부산광역시,사하구,부산광역시 사하구 다산로 125,부산광역시 사하구 다대동 1508-7,35.0637253014,128.9573149648,대기배출시설 가동 간 대기방지시설 미가동,051-000-0000,,대기,2026-01-16,3340000,부산광역시 사하구
하나자동차 종합정비,부산광역시,사하구,부산광역시 사하구 다대로 280,부산광역시 사하구 장림동 281-2,35.0774260125,128.9768670728,오염도를 낮추기 위하여 배출시설에서 나오는 오염물질에 공기를 섞어 배출,051-000-0000,,대기,2026-01-16,3340000,부산광역시 사하구
참좋은 원목가구,부산광역시,사하구,부산광역시 사하구 두송로144번길 101,부산광역시 사하구 다대동 산 9,35.0699183077,128.9826944487,미신고 대기배출시설 설치·운영,051-000-0000,,대기,2026-01-16,3340000,부산광역시 사하구
부산도시공사 다대4지구 영구임대아파트 관리사무소,부산광역시,사하구,부산광역시 사하구 다송로 59,부산광역시 사하구 다대동 96-1,35.0627448302,128.9854766279,대기 자가측정 미이행,051-000-0000,,대기,2026-01-16,3340000,부산광역시 사하구
초우종합건설㈜,부산광역시,사하구,부산광역시 사하구 까치고개로 79-1,부산광역시 사하구 괴정동 26-9,35.1054323804,129.0099353321,비산먼지 발생억제 조치 기준 미흡(방진벽 설치 미흡),051-000-0000,,대기,2026-01-16,3340000,부산광역시 사하구
광신홀딩스(주) 을숙도대로 주유소,부산광역시,사하구,부산광역시 사하구 을숙도대로 530,부산광역시 사하구 신평동 370-138,35.0852246648,128.9636911,유증기회수율 검사 기준미달 4기,051-000-0000,,대기,2026-01-16,3340000,부산광역시 사하구
동원주유소㈜,부산광역시,사하구,부산광역시 사하구 감천항로 445,부산광역시 사하구 구평동 480-7,35.0541898629,128.9952759429,유증기회수율 검사 기준미달 1기,051-261-4448,,대기,2026-01-16,3340000,부산광역시 사하구
연일금속,부산광역시,사하구,부산광역시 사하구 다산로225번길 28,부산광역시 사하구 장림동 1088-8,35.0736905237,128.9535540496,방지시설에 딸린 기구류 훼손·방치,051-000-0000,,대기,2026-01-16,3340000,부산광역시 사하구
서부산농협주유소,부산광역시,사하구,부산광역시 사하구 장평로 177,부산광역시 사하구 장림동 317-34,35.0820577604,128.9723635121,유증기회수율 검사 기준미달,051-000-0000,,대기,2026-01-16,3340000,부산광역시 사하구
퍼시픽에너지㈜,부산광역시,사하구,부산광역시 사하구 다대로 575,부산광역시 사하구 다대동 675-5,35.0551223683,128.9707606985,유증기회수율 검사 기준미달 3기,051-313-5182,,대기,2026-01-16,3340000,부산광역시 사하구
㈜한국레미콘,부산광역시,사하구,부산광역시 사하구 을숙도대로 617,부산광역시 사하구 신평동 574,35.0860545278,128.9732994598,비산먼지 발생억제 조치기준 미흡(세륜 미흡),051-000-0000,,대기,2026-01-16,3340000,부산광역시 사하구
장림주유소,부산광역시,사하구,부산광역시 사하구 장림로 287,부산광역시 사하구 장림동 101-1,35.0843121925,128.9797646691,유증기회수율 검사 기준미달,051-000-0000,,대기,2026-01-16,3340000,부산광역시 사하구
주식회사 동성케미컬,부산광역시,사하구,부산광역시 사하구 신산로 99,부산광역시 사하구 신평동 472,35.0911413685,128.9657623891,대기배출시설 및 방지시설 운영일지 허위작성,051-200-4500,,대기,2026-01-16,3340000,부산광역시 사하구
우창금속,부산광역시,사하구,부산광역시 사하구 다산로 250,부산광역시 사하구 장림동 1089-1,35.0749804303,128.9552237547,대기배출시설 및 방지시설 운영일지 허위작성,051-000-0000,,대기,2026-01-16,3340000,부산광역시 사하구
대광테크,부산광역시,사하구,부산광역시 사하구 장평로132번길 16-5,부산광역시 사하구 장림동 353-2,35.0763050755,128.973927129,대기배출시설 및 방지시설 운영일지 허위작성,051-000-0000,,대기,2026-01-16,3340000,부산광역시 사하구
㈜더존테크,부산광역시,사하구,부산광역시 사하구 다산로225번길 46,부산광역시 사하구 장림동 1088-2,35.07545932,128.9530503121,대기배출시설 및 방지시설 운영일지 미작성,051-000-0000,,대기,2026-01-16,3340000,부산광역시 사하구
토성주유소,부산광역시,사하구,부산광역시 사하구 다대로 581,부산광역시 사하구 다대동 644,35.05479261,128.9708835,압력감쇄 누설검사 기준미달,051-000-0000,,대기,2026-01-16,3340000,부산광역시 사하구
주식회사 선건축디자인,부산광역시,사하구,부산광역시 사하구 낙동남로1233번길 32,부산광역시 사하구 하단동 1149-42,35.11008364,128.9478514,비산먼지 발생사업 변경신고 미이행,051-000-0000,,대기,2026-01-16,3340000,부산광역시 사하구
에코포스트(주),부산광역시,사하구,부산광역시 사하구 홍티로 108,부산광역시 사하구 다대동 1338-1,35.0644180858,128.9609882245,비산먼지발생 억제를 위한 조치 미이행(세륜 미실시),051-000-0000,,대기,2026-01-16,3340000,부산광역시 사하구
해양조선㈜,부산광역시,사하구,부산광역시 사하구 감천항로 153,부산광역시 사하구 구평동 178-11,35.0792642911,128.9905340679,비산먼지 발생억제 조치 기준 미흡(방진망 설치 미흡),051-000-0000,,대기,2026-01-16,3340000,부산광역시 사하구
대승종합건설㈜,부산광역시,사하구,부산광역시 사하구 다대로 332,부산광역시 사하구 장림동 432,35.0727834,128.9757576051,비산먼지 발생억제 조치 기준 미흡(방진벽 미흡),051-636-6761,,대기,2026-01-16,3340000,부산광역시 사하구
㈜대성조선,부산광역시,사하구,부산광역시 사하구 다대로605번길 41,부산광역시 사하구 다대동 380-2,35.0527104636,128.9753661689,비산먼지 발생억제 조치 기준 미흡(방진망 설치 미흡),051-263-0016,,대기,2026-01-16,3340000,부산광역시 사하구
주식회사 효성씨오티,부산광역시,사하구,부산광역시 사하구 다산로175번길 43,부산광역시 사하구 다대동 1500-5,35.070709197,128.9538951312,대기배출허용기준 초과탄화수소(THC) 124.6ppm (기준 40ppm),051-261-5061,,대기,2026-01-16,3340000,부산광역시 사하구
㈜대륙피앤아이,부산광역시,사하구,부산광역시 사하구 신산로 116,부산광역시 사하구 신평동 492,35.0892839617,128.9678665,부식이나 마모로 인하여 오염물질이 새나가는 배출시설이나 방지시설 방치,051-000-0000,,대기,2026-01-16,3340000,부산광역시 사하구
㈜미래연종합건설,부산광역시,사하구,,부산광역시 사하구 감천동 산141-5,35.08500739,129.0095341,비산먼지발생사업 변경신고 미이행(2차),051-000-0000,,대기,2026-01-16,3340000,부산광역시 사하구
원우수산,부산광역시,사하구,부산광역시 사하구 감천항로429번길 5,부산광역시 사하구 구평동 476-1,35.05505207,128.9957608,대기자가측정 미이행,051-000-0000,,대기,2026-01-16,3340000,부산광역시 사하구
장림주유소,부산광역시,사하구,부산광역시 사하구 장림로 287,부산광역시 사하구 장림동 101-1,35.0843121925,128.9797646691,유증기회수율 검사 기준미달 2기,051-262-5189,,대기,2026-01-16,3340000,부산광역시 사하구
디엔골프팩토리,부산광역시,사하구,부산광역시 사하구 장평로71번길 36-2,부산광역시 사하구 장림동 559,35.0715035472,128.971833214,대기자가측정 미이행,051-000-0000,,대기,2026-01-16,3340000,부산광역시 사하구
부산수산물가공특화사업협동조합,부산광역시,사하구,부산광역시 사하구 장림로 89,부산광역시 사하구 장림동 1082,35.0808785251,128.9588346,대기배출시설(방지시설) 변경신고 미이행,051-264-3773,,대기,2026-01-16,3340000,부산광역시 사하구
성창기업(주),부산광역시,사하구,부산광역시 사하구 다대로 627,부산광역시 사하구 다대동 380,35.0506138959,128.9720681234,대기배출허용기준 초과,051-260-3333,,대기,2026-01-16,3340000,부산광역시 사하구
㈜지엘종합건설,부산광역시,사하구,부산광역시 사하구 낙동남로1233번길 25,부산광역시 사하구 하단동 1151-14,35.110033244,128.9449911,비산먼지 발생 억제를 위한 조치 미이행,051-000-0000,,대기,2026-01-16,3340000,부산광역시 사하구
써테크,부산광역시,사하구,부산광역시 사하구 다산로225번길 33,부산광역시 사하구 장림동 1087-7,35.07432065,128.9528373522,대기운영일지 미작성,051-266-4997,,대기,2026-01-16,3340000,부산광역시 사하구
동광금속,부산광역시,사하구,부산광역시 사하구 보덕포1길 110,부산광역시 사하구 장림동 907,35.07205258,128.9624896,대기배출허용기준 재초과탄화수소(THC) 488.8ppm (기준 110ppm),051-266-4870,,대기,2026-01-16,3340000,부산광역시 사하구
주영건설㈜,부산광역시,사하구,부산광역시 사하구 하신중앙로3번길 2,부산광역시 사하구 장림동 829,35.0793104574,128.9640503465,비산먼지발생사업 변경신고  미이행,051-000-0000,,대기,2026-01-16,3340000,부산광역시 사하구
지원건설㈜,부산광역시,사하구,부산광역시 사하구 낙동남로 1404,부산광역시 사하구 하단동 592-9,35.10588702,128.9652088,비산먼지 발생억제 조치기준 미흡(방진망 설치 미흡),051-000-0000,,대기,2026-01-16,3340000,부산광역시 사하구
성원사,부산광역시,사하구,부산광역시 사하구 다산로225번길 27,부산광역시 사하구 장림동 1087-9,35.07383712,128.9531578709,대기운영일지 미작성,051-262-1887,,대기,2026-01-16,3340000,부산광역시 사하구
씨제이 대한통운 (주)장평,부산광역시,사하구,부산광역시 사하구 을숙도대로 695,부산광역시 사하구 신평동 569-70,35.08521447,128.9816793182,유증기회수율 검사 기준미달 2기+압력감쇄·누설검사 기준미달 1기,051-000-0000,,대기,2026-01-16,3340000,부산광역시 사하구
디와이(DY)조선,부산광역시,사하구,부산광역시 사하구 다대로605번길 41,부산광역시 사하구 다대동 380-2,35.0527104636,128.9753661689,비산먼지 발생억제 조치기준 미흡(방진망 설치 미흡),051-000-0000,,대기,2026-01-16,3340000,부산광역시 사하구
현대공업사,부산광역시,사하구,부산광역시 사하구 다대로605번길 55,부산광역시 사하구 다대동 375-8,35.05253689,128.9766174615,비산먼지발생사업 미신고,051-000-0000,,대기,2026-01-16,3340000,부산광역시 사하구
성창기업㈜,부산광역시,사하구,부산광역시 사하구 다대로 627,부산광역시 사하구 다대동 380,35.0506138959,128.9720681234,대기배출허용기준 초과,051-260-3333,,대기,2026-01-16,3340000,부산광역시 사하구
㈜오에스조선,부산광역시,사하구,부산광역시 사하구 다대로605번길 55,부산광역시 사하구 다대동 375-8,35.05253689,128.9766174615,비산먼지발생 억제를 위한 조치 미이행,051-263-0158,,대기,2026-01-16,3340000,부산광역시 사하구
㈜가남환경,부산광역시,사하구,부산광역시 사하구 다산로208번길 38,부산광역시 사하구 장림동 914-35,35.07171161,128.9595954,비산먼지발생 억제를 위한 조치 미이행,051-000-0000,,대기,2026-01-16,3340000,부산광역시 사하구
대선조선㈜다대공장,부산광역시,사하구,부산광역시 사하구 감천항로 454,부산광역시 사하구 다대동 1553,35.0578363527,128.9896534375,비산먼지발생 억제를 위한 조치 미이행,051-000-0000,,대기,2026-01-16,3340000,부산광역시 사하구
동광금속,부산광역시,사하구,부산광역시 사하구 보덕포1길 110,부산광역시 사하구 장림동 907,35.07205258,128.9624896,대기배출허용기준 초과탄화수소(THC) 358.4ppm(기준 110ppm),051-266-4870,,대기,2026-01-16,3340000,부산광역시 사하구
부영석유도매주유소,부산광역시,사하구,부산광역시 사하구 을숙도대로 564,부산광역시 사하구 신평동 370-43,35.0846919364,128.9674679,유증기회수율 검사 기준미달 1기,051-202-7333,,대기,2026-01-16,3340000,부산광역시 사하구
선경주유소,부산광역시,사하구,부산광역시 사하구 을숙도대로 728,부산광역시 사하구 구평동 115-2,35.0849234052,128.9851398,유증기회수율 검사 기준미달 1기,051-266-5130,,대기,2026-01-16,3340000,부산광역시 사하구
(주)천일석유(대진주유소),부산광역시,사하구,부산광역시 사하구 낙동대로 339,부산광역시 사하구 괴정동 1123-8,35.1001956081,128.9798188978,유증기회수율검사 기준미달 2기+압력감쇄·누설검사 기준미달 3기,051-206-6489,,대기,2026-01-16,3340000,부산광역시 사하구
대동산업,부산광역시,사하구,부산광역시 사하구 다대로354번길 30,부산광역시 사하구 장림동 476,35.0708128907,128.975038,대기배출허용기준 초과탄화수소(THC) 214.8ppm(기준 110ppm),1800-6552,,대기,2026-01-16,3340000,부산광역시 사하구
㈜태양금속,부산광역시,사하구,부산광역시 사하구 다산로 240,부산광역시 사하구 장림동 1089-5,35.0746001101,128.9562806333,대기배출시설 변경(폐쇄)신고 미이행,051-265-2191,,대기,2026-01-16,3340000,부산광역시 사하구
㈜남청(1공장),부산광역시,사하구,부산광역시 사하구 다대로1066번길 42,부산광역시 사하구 장림동 1084-1,35.0779020813,128.9559900385,대기운영일지 미작성,051-000-0000,,대기,2026-01-16,3340000,부산광역시 사하구
㈜부영개발,부산광역시,사하구,부산광역시 사하구 다산로208번길 44,부산광역시 사하구 장림동 914-8,35.0719332959,128.9607383516,비산먼지의 발생을 억제하기 위한 조치 미이행,051-265-3640,,대기,2026-01-16,3340000,부산광역시 사하구
대양석유(주) SK괴정,부산광역시,사하구,부산광역시 사하구 사하로 129,부산광역시 사하구 괴정동 493-10,35.09347094,128.992508,압력감쇄·누설검사 기준미달 1기(3),051-000-0000,,대기,2026-01-16,3340000,부산광역시 사하구
광신홀딩스(주) 을숙도대로 주유소,부산광역시,사하구,부산광역시 사하구 을숙도대로 530,부산광역시 사하구 신평동 370-138,35.0852246648,128.9636911,유증기회수율 검사 기준미달 2기,051-000-0000,,대기,2026-01-16,3340000,부산광역시 사하구
㈜써테크씨앤피장림지점,부산광역시,사하구,부산광역시 사하구 다산로 254,부산광역시 사하구 장림동 1089,35.0755786203,128.9549274,환경기술인 교육 미이수,051-000-0000,,대기,2026-01-16,3340000,부산광역시 사하구
평길그린워터,부산광역시,사하구,부산광역시 사하구 감천항로 517,부산광역시 사하구 구평동 494-3,35.04881489,128.9993591,대기배출시설 변경신고 미이행,051-265-8824,,대기,2026-01-16,3340000,부산광역시 사하구
평길그린워터,부산광역시,사하구,부산광역시 사하구 감천항로 517,부산광역시 사하구 구평동 494-3,35.04881489,128.9993591,무허가 대기배출시설 설치·운영,051-265-8824,,대기,2026-01-16,3340000,부산광역시 사하구
거성종합건설㈜,부산광역시,사하구,부산광역시 사하구 낙동대로 221,부산광역시 사하구 괴정동 934-3,35.0998988696,128.992503863,비산먼지 발생사업 변경신고 미이행,051-000-0000,,대기,2026-01-16,3340000,부산광역시 사하구
백산산업,부산광역시,사하구,부산광역시 사하구 보덕포1길 66,부산광역시 사하구 장림동 931,35.0728096043,128.9610900388,비산먼지발생 억제시설 미흡,051-000-0000,,대기,2026-01-16,3340000,부산광역시 사하구
대선조선㈜다대공장,부산광역시,사하구,부산광역시 사하구 감천항로 454,부산광역시 사하구 다대동 1553,35.0578363527,128.9896534375,방지시설에 딸린 기계와 기구류의 고장이나 훼손·방치,051-000-0000,,대기,2026-01-16,3340000,부산광역시 사하구
대신,부산광역시,사하구,부산광역시 사하구 을숙도대로 559,부산광역시 사하구 신평동 370-154,35.0860456678,128.9666691207,대기배출시설 및 방지시설 운영일지 미작성,051-000-0000,,대기,2026-01-16,3340000,부산광역시 사하구
이길조경건설㈜,부산광역시,사하구,,부산광역시 사하구 장림동 1149,35.0813050259,128.959094636,비산먼지 발생사업 미신고,051-000-0000,,대기,2026-01-16,3340000,부산광역시 사하구
동일조선㈜,부산광역시,사하구,부산광역시 사하구 원양로 391,부산광역시 사하구 감천동 405-11,35.0846167013,129.0052968015,비산먼지발생 억제를 위한 조치 미이행,051-200-1211,,대기,2026-01-16,3340000,부산광역시 사하구
부산탱크터미널㈜,부산광역시,사하구,부산광역시 사하구 감천항로291번길 73,부산광역시 사하구 구평동 427-5,35.068230225,128.9937829224,대기배출시설 및 방지시설 운영일지 미작성,051-262-0771,,대기,2026-01-16,3340000,부산광역시 사하구
새부산산업,부산광역시,사하구,부산광역시 사하구 하신번영로107번길 6,부산광역시 사하구 신평동 651-10,35.0923090694,128.9590328,대기배출시설 및 방지시설 운영일지 미작성,051-000-0000,,대기,2026-01-16,3340000,부산광역시 사하구
제일전기공업㈜,부산광역시,사하구,부산광역시 사하구 을숙도대로 555,부산광역시 사하구 신평동 370-31,35.0864028219,128.9660516724,대기배출시설 및 방지시설 운영일지 미작성,051-000-0000,,대기,2026-01-16,3340000,부산광역시 사하구
진흥종합건설㈜,부산광역시,사하구,,부산광역시 사하구 감천동 13-1690,35.0949411,129.0115229,비산먼지 발생사업 미신고,051-000-0000,,대기,2026-01-16,3340000,부산광역시 사하구
대양석유(주) SK괴정,부산광역시,사하구,부산광역시 사하구 사하로 129,부산광역시 사하구 괴정동 493-10,35.09347094,128.992508,유증기회수율검사 기준 미달 5기,051-000-0000,,대기,2026-01-16,3340000,부산광역시 사하구
주식회사 유주,부산광역시,사하구,부산광역시 사하구 감천로139번가길 41,부산광역시 사하구 감천동 28-2,35.0872035799,129.0091096057,비산먼지 발생사업 변경신고 미이행,031-795-5480,,대기,2026-01-16,3340000,부산광역시 사하구
건일건설㈜,부산광역시,사하구,부산광역시 사하구 괴정로 166,부산광역시 사하구 괴정동 1295,35.0977132252,128.980215,비산먼지 발생 억제를 위한 조치 미이행,051-000-0000,,대기,2026-01-16,3340000,부산광역시 사하구
천우종합토건㈜,부산광역시,사하구,부산광역시 사하구 낙동남로1373번길 10-6,부산광역시 사하구 하단동 524-39,35.10682454,128.9624881,비산먼지 발생사업 변경신고 미이행,051-313-0747,,대기,2026-01-16,3340000,부산광역시 사하구
항도아스콘(주),부산광역시,사하구,부산광역시 사하구 을숙도대로 569,부산광역시 사하구 신평동 540,35.0858892237,128.9682125447,대기자가측정 미이행,051-000-0000,,대기,2026-01-16,3340000,부산광역시 사하구
항도산업개발(주),부산광역시,사하구,부산광역시 사하구 감천항로 253-6,부산광역시 사하구 구평동 402-37,35.0705633209,128.9919976,대기자가측정 미이행,051-293-9953,,대기,2026-01-16,3340000,부산광역시 사하구
대양/경녕자가자동차정비공업사,부산광역시,사하구,부산광역시 사하구 감천로 50,부산광역시 사하구 감천동 651-3,35.090314131,128.9978597931,대기배출시설 변경신고 미이행,051-000-0000,,대기,2026-01-16,3340000,부산광역시 사하구
㈜송린,부산광역시,사하구,부산광역시 사하구 감천항로405번길 115,부산광역시 사하구 구평동 495-20,35.0487918514,129.0000346408,비산먼지발생 억제를 위한 조치 미이행,051-000-0000,,대기,2026-01-16,3340000,부산광역시 사하구
광진실업㈜,부산광역시,사하구,부산광역시 사하구 하신중앙로 160,부산광역시 사하구 신평동 370-106,35.093635015,128.9645693278,방지시설에 딸린 기계·기구류의 고장 및 훼손 방치,051-204-9101,,대기,2026-01-16,3340000,부산광역시 사하구
광신홀딩스(주) 을숙도대로 주유소,부산광역시,사하구,부산광역시 사하구 을숙도대로 530,부산광역시 사하구 신평동 370-138,35.0852246648,128.9636911,유증기회수율 검사 기준미달 18기,051-000-0000,,대기,2026-01-16,3340000,부산광역시 사하구
1급카포스정비,부산광역시,사하구,부산광역시 사하구 신산북로57번길 6,부산광역시 사하구 신평동 290-1,35.0913313213,128.9708191932,대기자가측정 미이행,051-208-0300,,대기,2026-01-16,3340000,부산광역시 사하구
남부산서비스기아오토큐(주)[구.㈜부산부기산업],부산광역시,사하구,부산광역시 사하구 하신중앙로 107,부산광역시 사하구 신평동 370-76,35.08873602,128.9646775,대기자가측정 미이행,051-265-4477,,대기,2026-01-16,3340000,부산광역시 사하구
대호주유소,부산광역시,사하구,부산광역시 사하구 하신중앙로 55,부산광역시 사하구 신평동 370-132,35.0841042407,128.9644957245,유증기회수율 검사 기준미달 2기,055-551-5435,,대기,2026-01-16,3340000,부산광역시 사하구
㈜가남환경,부산광역시,사하구,부산광역시 사하구 다산로208번길 38,부산광역시 사하구 장림동 914-35,35.07171161,128.9595954,대기배출시설 및 방지시설 운영일지 미작성,051-000-0000,,대기,2026-01-16,3340000,부산광역시 사하구
에스씨㈜ 감천,부산광역시,사하구,부산광역시 사하구 감천로 79,부산광역시 사하구 감천동 500-9,35.0894668749,129.0010709,유증기 회수율검사 기준미달 4기,051-291-9700,,대기,2026-01-16,3340000,부산광역시 사하구
㈜코메론,부산광역시,사하구,부산광역시 사하구 장평로 73,부산광역시 사하구 장림동 575,35.072633305,128.9727788885,대기배출시설 및 방지시설 운영일지 미작성,051-290-3100,,대기,2026-01-16,3340000,부산광역시 사하구
지에스칼텍스㈜동아주유소,부산광역시,사하구,부산광역시 사하구 낙동대로 112,부산광역시 사하구 괴정동 343-1,35.1039619255,129.0033575,압력감쇄·누설검사 기준미달 1기,051-000-0000,,대기,2026-01-16,3340000,부산광역시 사하구
엘디정공㈜,부산광역시,사하구,부산광역시 사하구 다산로 50,부산광역시 사하구 다대동 1519-7,35.0571518482,128.9595167844,대기배출시설 및 방지시설 운영일지 미작성,051-000-0000,,대기,2026-01-16,3340000,부산광역시 사하구
디엘건설㈜,부산광역시,사하구,,부산광역시 사하구 하단동 845-3,35.11515791,128.9621149,비산먼지 발생사업 변경신고 미이행,051-000-0000,,대기,2026-01-16,3340000,부산광역시 사하구
(주)신흥정기(1공장),부산광역시,사하구,부산광역시 사하구 다산로 241,부산광역시 사하구 장림동 1088-5,35.0739728242,128.9547308655,방지시설에 딸린 기계·기구류의 고장 및 훼손 방치,051-262-0755,,대기,2026-01-16,3340000,부산광역시 사하구
㈜대광건영,부산광역시,사하구,부산광역시 사하구 을숙도대로 469,부산광역시 사하구 신평동 642-13,35.0878673346,128.955634542,비산먼지 발생억제 조치 기준 미흡(방진벽 설치 미흡),051-000-0000,,대기,2026-01-16,3340000,부산광역시 사하구
대정건설㈜,부산광역시,사하구,부산광역시 사하구 낙동남로 1398,부산광역시 사하구 하단동 592-6,35.1058724358,128.9644857,방진벽 일부 설치미흡,051-000-0000,,대기,2026-01-16,3340000,부산광역시 사하구
한솔탕,부산광역시,사하구,부산광역시 사하구 하신번영로207번길 23,부산광역시 사하구 하단동1187-1,35.09951395,128.9567626,대기배출시설 및 방지시설 운영일지 미작성,051-292-3232,,대기,2026-01-16,3340000,부산광역시 사하구
주영건설㈜,부산광역시,사하구,부산광역시 사하구 사하로197번길 6,부산광역시 사하구 괴정동 947-1,35.0994190022,128.9930577,비산먼지 발생사업 변경신고 미이행(2차),051-000-0000,,대기,2026-01-16,3340000,부산광역시 사하구
㈜미래연종합건설,부산광역시,사하구,,부산광역시 사하구 감천동 산 141-5,35.08500739,129.0095341,비산먼지 발생사업 변경신고 미이행,051-000-0000,,대기,2026-01-16,3340000,부산광역시 사하구
한진공업㈜,부산광역시,사하구,부산광역시 사하구 다산로105번길 43,부산광역시 사하구 다대동 1507-9,35.06462323,128.9553595337,대기배출시설 변경신고 미이행,051-000-0000,,대기,2026-01-16,3340000,부산광역시 사하구
동광기업사,부산광역시,사하구,부산광역시 사하구 다산로226번길 9,부산광역시 사하구 장림동 1089-11,35.0733129526,128.9562126323,대기배출시설 및 방지시설 운영일지 미작성,051-262-6457,,대기,2026-01-16,3340000,부산광역시 사하구
광신석유㈜구평주유소,부산광역시,사하구,부산광역시 사하구 서포로 61,부산광역시 사하구 구평동 173-2,35.0818100055,128.9894451,유증기회수율 검사 기준미달 2기,051-000-0000,,대기,2026-01-16,3340000,부산광역시 사하구
대광테크,부산광역시,사하구,부산광역시 사하구 장평로132번길 16-5,부산광역시 사하구 장림동 353-2,35.0763050755,128.973927129,대기배출시설 변경신고 미이행,051-000-0000,,대기,2026-01-16,3340000,부산광역시 사하구
거연금속,부산광역시,사하구,부산광역시 사하구 장평로132번길 20,부산광역시 사하구 장림동 358,35.0765573499,128.9743845255,대기자가측정 미이행,051-264-5818,,대기,2026-01-16,3340000,부산광역시 사하구
(주)한국오일뱅주유소,부산광역시,사하구,부산광역시 사하구 다대로 280,부산광역시 사하구 장림동 281-2,35.0774260125,128.9768670728,유증기회수율 검사 기준미달 1기,051-000-0000,,대기,2026-01-16,3340000,부산광역시 사하구
퍼시픽에너지㈜,부산광역시,사하구,부산광역시 사하구 다대로 575,부산광역시 사하구 다대동 675-5,35.0551223683,128.9707606985,유증기 회수율검사 기준 미달 7기,051-313-5182,,대기,2026-01-16,3340000,부산광역시 사하구
오케이주유소,부산광역시,사하구,부산광역시 사하구 사하로 150,부산광역시 사하구 괴정동 483-10,35.0950482885,128.993827894,압력감쇄 누설검사 기준미달 1기,051-000-0000,,대기,2026-01-16,3340000,부산광역시 사하구
장림대흥주유소,부산광역시,사하구,부산광역시 사하구 다대로 292,부산광역시 사하구 장림동 312-2,35.07635733,128.9766160823,유증기 회수율검사 기준미달,051-262-5189,,대기,2026-01-16,3340000,부산광역시 사하구
㈜박스코종합건설[구.비씨종합건설],부산광역시,사하구,부산광역시 사하구 다대로 247,부산광역시 사하구 장림동 241-40,35.08019609,128.977585,비산먼지 발생사업 변경신고 미이행,051-000-0000,,대기,2026-01-16,3340000,부산광역시 사하구
㈜일성종합건설,부산광역시,사하구,부산광역시 사하구 을숙도대로755번길 15-10,부산광역시 사하구 구평동 101-32,35.0879339,128.9873249,비산먼지 발생사업 변경신고 미이행,051-000-0000,,대기,2026-01-16,3340000,부산광역시 사하구
㈜제일공영,부산광역시,사하구,부산광역시 사하구 장림번영로104번길 50,부산광역시 사하구 장림동 341-15,35.0787665945,128.9758625781,비산먼지 발생억제 조치 기준 미흡(방진막 설치 미흡),051-000-0000,,대기,2026-01-16,3340000,부산광역시 사하구
흥진산업㈜,부산광역시,사하구,부산광역시 사하구 다산로 81,부산광역시 사하구 다대동 1516-5,35.0604388111,128.9578183715,대기배출시설 변경신고 미이행,051-266-0253,,대기,2026-01-16,3340000,부산광역시 사하구
㈜동원주유소,부산광역시,사하구,부산광역시 사하구 감천항로 445,부산광역시 사하구 구평동 480-7,35.0541898629,128.9952759429,유증기 회수율검사 기준미달,051-261-4448,,대기,2026-01-16,3340000,부산광역시 사하구
성심종합건설㈜,부산광역시,사하구,부산광역시 사하구 낙동남로 1406,부산광역시 사하구 하단동 589-1,35.1058292648,128.9655625,비산먼지발생사업 변경신고 미이행,051-000-0000,,대기,2026-01-16,3340000,부산광역시 사하구
동광금속,부산광역시,사하구,부산광역시 사하구 보덕포1길 110,부산광역시 사하구 장림동 907,35.07205258,128.9624896,대기배출시설 변경신고 미이행,051-266-4870,,대기,2026-01-16,3340000,부산광역시 사하구
㈜태양금속,부산광역시,사하구,부산광역시 사하구 다산로 240,부산광역시 사하구 장림동 1089-5,35.0746001101,128.9562806333,부식·마모로 인해 오염물질이 새어나가는 방지시설을 정당한 사유없이 방치,051-265-2191,,대기,2026-01-16,3340000,부산광역시 사하구
태원산업㈜,부산광역시,사하구,부산광역시 사하구 다산로 232,부산광역시 사하구 장림동 1089-6,35.0734978556,128.9556888999,부식·마모로 인해 오염물질이 새어나가는 방지시설을 정당한 사유없이 방치,051-000-0000,,대기,2026-01-16,3340000,부산광역시 사하구
대흥조선,부산광역시,사하구,부산광역시 사하구 감천항로405번길 29,부산광역시 사하구 구평동 495-8,35.05636354,128.9969857353,비산먼지 발생사업 변경신고 미이행,051-000-0000,,대기,2026-01-16,3340000,부산광역시 사하구
산우금속,부산광역시,사하구,부산광역시 사하구 다산로225번길 31,부산광역시 사하구 장림동 1087-8,35.07407893,128.9529851265,대기배출시설 변경신고 미이행,051-261-6521,,대기,2026-01-16,3340000,부산광역시 사하구
경동아스콘㈜,부산광역시,사하구,부산광역시 사하구 다대로1066번길 54,부산광역시 사하구 장림동 980-27,35.0780829961,128.9569644348,미신고 대기배출시설 설치·운영,051-000-0000,,대기,2026-01-16,3340000,부산광역시 사하구
㈜부영개발,부산광역시,사하구,부산광역시 사하구 다산로208번길 44,부산광역시 사하구 장림동 914-8,35.0719332959,128.9607383516,대기운영일지 거짓 작성,051-265-3640,,대기,2026-01-16,3340000,부산광역시 사하구
이화공영㈜,부산광역시,사하구,부산광역시 사하구 다대로 368-3,부산광역시 사하구 장림동 480-2,35.0701744323,128.9760202996,비산먼지 발생사업 변경신고 미이행,051-000-0000,,대기,2026-01-16,3340000,부산광역시 사하구
㈜남양개발,부산광역시,사하구,부산광역시 사하구 낙동대로 152,부산광역시 사하구 괴정동 230,35.103763964,128.9997579256,비산먼지 발생사업 변경신고 미이행,051-000-0000,,대기,2026-01-16,3340000,부산광역시 사하구
153주유소,부산광역시,사하구,부산광역시 사하구 을숙도대로 712,부산광역시 사하구 장림동 91-10,35.0845263873,128.9832213,유증기회수율 검사 기준미달 2기,051-000-0000,,대기,2026-01-16,3340000,부산광역시 사하구
강동종합건설㈜,부산광역시,사하구,부산광역시 사하구 낙동대로535번길 25-2,부산광역시 사하구 하단동 500-72,35.11093244,128.963232457,방진벽 일부 설치미흡,051-000-0000,,대기,2026-01-16,3340000,부산광역시 사하구
주영건설㈜,부산광역시,사하구,부산광역시 사하구 사하로197번길 6,부산광역시 사하구 괴정동 947-1,35.0994190022,128.9930577,비산먼지 발생사업 변경신고 미이행,051-000-0000,,대기,2026-01-16,3340000,부산광역시 사하구
성창기업,부산광역시,사하구,부산광역시 사하구 다대로 627,부산광역시 사하구 다대동 380,35.0506138959,128.9720681234,대기배출허용기준 초과먼지농도 50 ㎎/S㎥(기준 16㎎/S㎥),051-260-3333,,대기,2026-01-16,3340000,부산광역시 사하구
(주)델타종합건설,부산광역시,사하구,부산광역시 사하구 장평로 73,부산광역시 사하구 장림동 575,35.072633305,128.9727788885,비산먼지 발생사업 변경신고 미이행,051-463-4545,,대기,2026-01-16,3340000,부산광역시 사하구
새마을조선소,부산광역시,사하구,부산광역시 사하구 다대로605번길 69,부산광역시 사하구 다대동 375-7,35.05257938,128.9785261782,비산먼지 발생사업 변경신고 미이행,051-000-0000,,대기,2026-01-16,3340000,부산광역시 사하구
화신볼트산업,부산광역시,사하구,부산광역시 사하구 하신중앙로3번길 64,부산광역시 사하구 장림동 980-1,35.0772794818,128.9586499,대기자가측정 미이행,051-264-2522,,대기,2026-01-16,3340000,부산광역시 사하구
성창기업,부산광역시,사하구,부산광역시 사하구 다대로 627,부산광역시 사하구 다대동 380,35.0506138959,128.9720681234,측정기기 운영·관리기준 미준수,051-260-3333,,대기,2026-01-16,3340000,부산광역시 사하구
유진산업,부산광역시,사하구,부산광역시 사하구 장림번영로104번길 49,부산광역시 사하구 장림동 216,35.07831492,128.9765105665,대기자가측정 미이행,051-000-0000,,대기,2026-01-16,3340000,부산광역시 사하구
㈜고센건설,부산광역시,사하구,부산광역시 사하구 낙동대로 407-1,부산광역시 사하구 당리동 325-2,35.1033128422,128.9737060222,비산먼지 발생사업 미신고,051-000-0000,,대기,2026-01-16,3340000,부산광역시 사하구
삼우바이오텍,경기도,안성시,경기도 안성시 시청길 25,경기도 안성시 봉산동 31-3,37.0083078624,127.2792099773,대기환경보전법 제34조 (조업정지명령 등) 제36조 (허가의 취소 등),000-0000-0000,,대기,2025-12-31,4080000,경기도 안성시
풍정산업(주)제2공장,경기도,안성시,경기도 안성시 시청길 25,경기도 안성시 봉산동 31-3,37.0083078624,127.2792099773,대기환경보전법 제34조 (조업정지명령 등) 제36조 (허가의 취소 등),000-0000-0000,,대기,2025-12-31,4080000,경기도 안성시
신영종합환경,경기도,안성시,경기도 안성시 시청길 25,경기도 안성시 봉산동 31-3,37.0083078624,127.2792099773,대기환경보전법 제34조 (조업정지명령 등) 제36조 (허가의 취소 등),000-0000-0000,,대기,2025-12-31,4080000,경기도 안성시
동진트랜스공업(주),경기도,안성시,경기도 안성시 공단로 81,경기도 안성시 신건지동 51,37.0180463223,127.2464258419,대기환경보전법 제34조 (조업정지명령 등) 제36조 (허가의 취소 등),000-0000-0000,,대기,2025-12-31,4080000,경기도 안성시
엘진산업,경기도,안성시,경기도 안성시 보개면 보개원삼로 351,경기도 안성시 보개면 기좌리 206-2,37.03423192,127.2871396,대기환경보전법 제23조(배출시설의 설치 허가 및 신고),000-0000-0000,,대기,2025-12-31,4080000,경기도 안성시
제일신용산업,경기도,안성시,경기도 안성시 공도읍 용머리길 52-5,경기도 안성시 공도읍 용두리 276-1,37.004062577,127.1644247638,대기환경보전법 제34조 (조업정지명령 등) 제36조 (허가의 취소 등),000-0000-0000,,대기,2025-12-31,4080000,경기도 안성시
한국케이밸브(주),경기도,안성시,경기도 안성시 미양면 제2공단1길 56,경기도 안성시 미양면 계륵리 270-4,36.98071839,127.2613109,대기환경보전법 제23조(배출시설의 설치 허가 및 신고),000-0000-0000,,대기,2025-12-31,4080000,경기도 안성시
중앙스팀,경기도,안성시,"경기도 안성시 대덕면 신령로 58-1, 1층 101호",경기도 안성시 대덕면 신령리 534,37.01517321,127.2207911,물환경보전법 제32조(배출허용기준),000-0000-0000,,수질,2025-12-31,4080000,경기도 안성시
(주)케이디엠씨,경기도,안성시,경기도 안성시 공단1로 98-7 (신건지동),경기도 안성시 신건지동 55-8,37.01740054,127.245177,물환경보전법 제33조(배출시설의 설치허가 및 신고)제2항 또는 3항,000-0000-0000,,수질,2025-12-31,4080000,경기도 안성시
(주)엔투제이바이오,경기도,안성시,경기도 안성시 보개면 신장길 47-6,경기도 안성시 보개면 신장리 111-13,37.0450009889,127.2855689,물환경보전법 제32조(배출허용기준),000-0000-0000,,수질,2025-12-31,4080000,경기도 안성시
에이치에스테크놀러지,경기도,안성시,경기도 안성시 죽산면 걸미로 496-8,경기도 안성시 죽산면 장계리 791-5,37.0419787705,127.4196043012,물환경보전법 제42조 (허가의 취소 등),000-0000-0000,,수질,2025-12-31,4080000,경기도 안성시
(주)지엔산업개발,경기도,안성시,경기도 안성시 시청길 25,경기도 안성시 봉산동 31-3,37.0083078624,127.2792099773,물환경보전법 제42조 (허가의 취소 등),000-0000-0000,,수질,2025-12-31,4080000,경기도 안성시
(주)네오메디컬,경기도,안성시,경기도 안성시 원곡면 지문북길 89,"경기도 안성시 원곡면 지문리 307-17 ,-19",37.06811624,127.1501109341,물환경보전법 제35조(방지시설의 설치·설치면제 및 면제자의 준수사항 등,000-0000-0000,,수질,2025-12-31,4080000,경기도 안성시
건호식품,경기도,안성시,경기도 안성시 양성면 조일말길 4,경기도 안성시 양성면 조일리 209,37.07043542,127.2076294,물환경보전법 제42조 (허가의 취소 등),000-0000-0000,,수질,2025-12-31,4080000,경기도 안성시
이레공업사,경기도,안성시,경기도 안성시 일죽면 금일로 399,경기도 안성시 일죽면 송천리 262-6,37.08759599,127.476011,물환경보전법 제42조 (허가의 취소 등),000-0000-0000,,수질,2025-12-31,4080000,경기도 안성시
아주산업,경기도,안성시,경기도 안성시 원곡면 통심길 54-1,경기도 안성시 원곡면 성은리 90-3,37.07504851,127.1626455,물환경보전법 제38조(배출시설 및 방지시설의 운영) 제3항,000-0000-0000,,수질,2025-12-31,4080000,경기도 안성시
(주)와이컴 안성지점,경기도,안성시,경기도 안성시 공단1로 99 (신건지동),경기도 안성시 신건지동 54-1,37.0174791,127.2439852,물환경보전법 제42조 (허가의 취소 등),000-0000-0000,,수질,2025-12-31,4080000,경기도 안성시
(주)녹원축산,경기도,안성시,경기도 안성시 공도읍 공도로 20,경기도 안성시 공도읍 승두리 542-2,36.99751018,127.1636851,물환경보전법 제42조 (허가의 취소 등),000-0000-0000,,수질,2025-12-31,4080000,경기도 안성시
성주클린,경기도,안성시,경기도 안성시 시청길 25,경기도 안성시 봉산동 31-3,37.0083078624,127.2792099773,물환경보전법 제42조 (허가의 취소 등),000-0000-0000,,수질,2025-12-31,4080000,경기도 안성시
농업회사법인 한국지엠피(주),경기도,안성시,경기도 안성시 대덕면 대농1길 39-10,경기도 안성시 대덕면 대농리 278,37.06676814,127.2651023,물환경보전법 제38조(배출시설 및 방지시설의 운영) 제3항,000-0000-0000,,수질,2025-12-31,4080000,경기도 안성시
(주)푸드스토리,경기도,안성시,경기도 안성시 원곡면 원암로 250-2,경기도 안성시 원곡면 성주리 21,37.08625,127.1743876,물환경보전법 제42조 (허가의 취소 등),000-0000-0000,,수질,2025-12-31,4080000,경기도 안성시
(주)SIG건설,경기도,안성시,경기도 안성시 시청길 25,경기도 안성시 봉산동 31-3,37.0083078624,127.2792099773,물환경보전법 제42조 (허가의 취소 등),000-0000-0000,,수질,2025-12-31,4080000,경기도 안성시
(주)삼일정공,경기도,안성시,경기도 안성시 원곡면 지문로 120-36,경기도 안성시 원곡면 지문리 65-1,37.04928906,127.1392887,물환경보전법 제42조 (허가의 취소 등),000-0000-0000,,수질,2025-12-31,4080000,경기도 안성시
라성산업(주)안성지점,경기도,안성시,경기도 안성시 죽산면 걸미로 517,경기도 안성시 죽산면 장계리 780-2,37.04176748,127.4168648,물환경보전법 제38조(배출시설 및 방지시설의 운영) 제3항,000-0000-0000,,수질,2025-12-31,4080000,경기도 안성시
승원대리석,경기도,안성시,경기도 안성시 양성면 조일말길 27-10,경기도 안성시 양성면 조일리 125-1,37.07168656,127.2105495,물환경보전법 제42조 (허가의 취소 등),000-0000-0000,,수질,2025-12-31,4080000,경기도 안성시
건혁산업사,경기도,안성시,경기도 안성시 일죽면 주평길 50,경기도 안성시 일죽면 방초리 305,37.12086621,127.4279113,물환경보전법 제42조 (허가의 취소 등),000-0000-0000,,수질,2025-12-31,4080000,경기도 안성시
(주)화인,경기도,안성시,"경기도 안성시 죽산면 용대길 18 (, 136-3, 137-1)","경기도 안성시 죽산면 두교리 135-2 , 136-3, 137-1",37.01608187,127.4408818,물환경보전법 제38조(배출시설 및 방지시설의 운영) 제1항,000-0000-0000,,수질,2025-12-31,4080000,경기도 안성시
주식회사 하스코,경기도,안성시,경기도 안성시 공단1로 121 (신건지동),경기도 안성시 신건지동 54,37.01934681,127.2447883,물환경보전법 제33조(배출시설의 설치허가 및 신고)제2항 또는 3항,000-0000-0000,,수질,2025-12-31,4080000,경기도 안성시
무일푼카센터(임대:무일푼세차장),경기도,안성시,경기도 안성시 죽산면 서동대로 7014,경기도 안성시 죽산면 죽산리 80,37.07749158,127.4314063,물환경보전법 제42조 (허가의 취소 등),000-0000-0000,,수질,2025-12-31,4080000,경기도 안성시
(주)내쇼날모터스,경기도,안성시,경기도 안성시 원곡면 청원로 1797,경기도 안성시 원곡면 내가천리 158-8,37.04095263,127.1196608,대기환경보전법 제39조(자가측정) 의 1항,000-0000-0000,,대기,2025-12-31,4080000,경기도 안성시
장원사료,경기도,안성시,경기도 안성시 삼죽면 강촌길 96,경기도 안성시 삼죽면 내강리 489,37.0685712,127.3629749,대기환경보전법 제34조 (조업정지명령 등) 제36조 (허가의 취소 등),000-0000-0000,,대기,2025-12-31,4080000,경기도 안성시
(주)한신케미칼,경기도,안성시,경기도 안성시 양성면 양성로 112,경기도 안성시 양성면 동항리 162-1,37.06706526,127.2008706,대기환경보전법 제34조 (조업정지명령 등) 제36조 (허가의 취소 등),000-0000-0000,,대기,2025-12-31,4080000,경기도 안성시
(주)수지산업,경기도,안성시,경기도 안성시 대덕면 만세로 326,경기도 안성시 대덕면 명당리 257-1,37.03980913,127.2168552,대기환경보전법 제39조(자가측정) 의 1항,000-0000-0000,,대기,2025-12-31,4080000,경기도 안성시
유성현대자동차정비,경기도,안성시,경기도 안성시 죽산면 걸미로 69-5 (외2필지),경기도 안성시 죽산면 두교리 357,37.01347363,127.4350048,대기환경보전법 제34조 (조업정지명령 등) 제36조 (허가의 취소 등),000-0000-0000,,대기,2025-12-31,4080000,경기도 안성시
(주)더포일,경기도,안성시,경기도 안성시 일죽면 사실로 378,경기도 안성시 일죽면 방초리 4-1,37.14526425,127.4377073,대기환경보전법 제34조 (조업정지명령 등) 제36조 (허가의 취소 등),000-0000-0000,,대기,2025-12-31,4080000,경기도 안성시
(주)래슬로,경기도,안성시,경기도 안성시 양성면 노곡길 5,경기도 안성시 양성면 노곡리 474,37.11192344,127.2488788,대기환경보전법 제34조 (조업정지명령 등) 제36조 (허가의 취소 등),000-0000-0000,,대기,2025-12-31,4080000,경기도 안성시
신현대모터스,경기도,안성시,경기도 안성시 원곡면 청원로 1806,경기도 안성시 원곡면 내가천리 159-15,37.04010624,127.1199574,대기환경보전법 제39조(자가측정) 의 1항,000-0000-0000,,대기,2025-12-31,4080000,경기도 안성시
(주)삼일정공,경기도,안성시,경기도 안성시 원곡면 지문로 120-36 (외4필지),경기도 안성시 원곡면 지문리 65-1,37.04928906,127.1392887,대기환경보전법 제34조 (조업정지명령 등) 제36조 (허가의 취소 등),000-0000-0000,,대기,2025-12-31,4080000,경기도 안성시
평택안성히아브,경기도,안성시,경기도 안성시 원곡면 갈월길 20,경기도 안성시 원곡면 칠곡리 168-5,37.05444192,127.1626692,대기환경보전법 제39조(자가측정) 의 1항,000-0000-0000,,대기,2025-12-31,4080000,경기도 안성시
(주)삼표산업 안성공장,경기도,안성시,경기도 안성시 양성면 양성로 161,경기도 안성시 양성면 석화리 57-2,37.0700837803,127.203146607,대기환경보전법 제39조(자가측정) 의 1항,000-0000-0000,,대기,2025-12-31,4080000,경기도 안성시
(주)비엠씨1공장,경기도,안성시,경기도 안성시 원곡면 섬바위길 12,경기도 안성시 원곡면 반제리 556-2,37.01138206,127.1538447,대기환경보전법 제23조(배출시설의 설치 허가 및 신고),000-0000-0000,,대기,2025-12-31,4080000,경기도 안성시
(주)미광이엔지,경기도,안성시,경기도 안성시 죽산면 장계길 20-157,경기도 안성시 죽산면 장계리 712-30,37.04340465,127.4006696,대기환경보전법 제34조 (조업정지명령 등) 제36조 (허가의 취소 등),000-0000-0000,,대기,2025-12-31,4080000,경기도 안성시
(주)한준케미칼 안성공장지점[임대],경기도,안성시,경기도 안성시 삼죽면 삼죽로 205-32,경기도 안성시 삼죽면 용월리 149-3,37.07845564,127.3843669,대기환경보전법 제39조(자가측정) 의 1항,000-0000-0000,,대기,2025-12-31,4080000,경기도 안성시
수안퍼니처,경기도,안성시,경기도 안성시 양성면 만세로 523-21,경기도 안성시 양성면 덕봉리 88-29,37.04944289,127.2011084,대기환경보전법 제39조(자가측정) 의 1항,000-0000-0000,,대기,2025-12-31,4080000,경기도 안성시
대호유니언(주),경기도,안성시,경기도 안성시 시청길 25,경기도 안성시 봉산동 31-3,37.0083078624,127.2792099773,대기환경보전법 제34조 (조업정지명령 등) 제36조 (허가의 취소 등),000-0000-0000,,대기,2025-12-31,4080000,경기도 안성시
(주)비엔비데코레이션,경기도,안성시,경기도 안성시 시청길 25,경기도 안성시 봉산동 31-3,37.0083078624,127.2792099773,대기환경보전법 제39조(자가측정) 의 1항,000-0000-0000,,대기,2025-12-31,4080000,경기도 안성시
성진실업,경기도,안성시,경기도 안성시 원곡면 원암로 250-4,경기도 안성시 원곡면 성주리 20,37.08658538,127.1750612,대기환경보전법 제34조 (조업정지명령 등) 제36조 (허가의 취소 등),000-0000-0000,,대기,2025-12-31,4080000,경기도 안성시
(주)오린,경기도,안성시,경기도 안성시 일죽면 일죽당촌1길 10-51,경기도 안성시 일죽면 당촌리 293,37.10531141,127.5041754,대기환경보전법 제34조 (조업정지명령 등) 제36조 (허가의 취소 등),000-0000-0000,,대기,2025-12-31,4080000,경기도 안성시
삼평섬유,경기도,안성시,경기도 안성시 시청길 25,경기도 안성시 봉산동 31-3,37.0083078624,127.2792099773,대기환경보전법 제34조 (조업정지명령 등) 제36조 (허가의 취소 등),000-0000-0000,,대기,2025-12-31,4080000,경기도 안성시
성심산업,경기도,안성시,경기도 안성시 시청길 25,경기도 안성시 봉산동 31-3,37.0083078624,127.2792099773,대기환경보전법 제34조 (조업정지명령 등) 제36조 (허가의 취소 등),000-0000-0000,,대기,2025-12-31,4080000,경기도 안성시
한흥물산,경기도,안성시,경기도 안성시 시청길 25,경기도 안성시 봉산동 31-3,37.0083078624,127.2792099773,대기환경보전법 제34조 (조업정지명령 등) 제36조 (허가의 취소 등),000-0000-0000,,대기,2025-12-31,4080000,경기도 안성시
TWI코리아(주),경기도,안성시,경기도 안성시 삼죽면 신미2길 20,경기도 안성시 삼죽면 미장리 309-1,37.04230327,127.3628535,대기환경보전법 제34조 (조업정지명령 등) 제36조 (허가의 취소 등),000-0000-0000,,대기,2025-12-31,4080000,경기도 안성시
(주)평화산업,경기도,안성시,경기도 안성시 시청길 25,경기도 안성시 봉산동 31-3,37.0083078624,127.2792099773,대기환경보전법 제34조 (조업정지명령 등) 제36조 (허가의 취소 등),000-0000-0000,,대기,2025-12-31,4080000,경기도 안성시
(주)나노텍,경기도,안성시,경기도 안성시 양성면 조일말길 27-10,경기도 안성시 양성면 조일리 125-1,37.07168656,127.2105495,대기환경보전법 제34조 (조업정지명령 등) 제36조 (허가의 취소 등),000-0000-0000,,대기,2025-12-31,4080000,경기도 안성시
동양인더스트리(주),경기도,안성시,경기도 안성시 원곡면 기업단지로 293-5,경기도 안성시 원곡면 반제리 441-7,37.01711335,127.1657796,대기환경보전법 제23조(배출시설의 설치 허가 및 신고),000-0000-0000,,대기,2025-12-31,4080000,경기도 안성시
(주)효성이엔씨,경기도,안성시,경기도 안성시 양성면 칠목길 53-15,경기도 안성시 양성면 명목리 256,37.0386727,127.1947862,대기환경보전법 제34조 (조업정지명령 등) 제36조 (허가의 취소 등),000-0000-0000,,대기,2025-12-31,4080000,경기도 안성시
동광금속,부산광역시,사하구,부산광역시 사하구 보덕포1길 110,부산광역시 사하구 장림동 907,35.07205258,128.9624896,폐수배출시설 변경신고 미이행,051-266-4870,,수질,2026-01-16,3340000,부산광역시 사하구
신창산업,부산광역시,사하구,부산광역시 사하구 신산로 127,부산광역시 사하구 신평동 485,35.090058844,128.9694608114,폐수배출시설 및 방지시설 운영일지 미작성,051-206-2072,,수질,2026-01-16,3340000,부산광역시 사하구
청풍무역㈜,부산광역시,사하구,부산광역시 사하구 감천항로 251,부산광역시 사하구 구평동 414-16,35.07037068,128.9908192095,폐수배출허용기준 초과부유물질(SS) 153.3㎎/L(기준 120㎎/L)총유기탄소량(TOC) 186.6㎎/L(기준 75㎎/L)총질소(T-N) 137.37㎎/L(기준 60㎎/L),051-231-2177,,수질,2026-01-16,3340000,부산광역시 사하구
거연금속,부산광역시,사하구,부산광역시 사하구 장평로132번길 20,부산광역시 사하구 장림동 358,35.0765573499,128.9743845255,폐수변경신고 미이행,051-264-5818,,수질,2026-01-16,3340000,부산광역시 사하구
의료법인 다평의료재단 하사랑요양병원,부산광역시,사하구,부산광역시 사하구 다대로277번길 31,부산광역시 사하구 장림동 41,35.07687246,128.9791872088,기타수질오염원 변경신고 미이행,051-264-0100,,수질,2026-01-16,3340000,부산광역시 사하구
세정식품,부산광역시,사하구,부산광역시 사하구 다대로1066번길 32,부산광역시 사하구 장림동 1085-2,35.07790794,128.9551182254,폐수변경신고 미이행,051-633-0019,,수질,2026-01-16,3340000,부산광역시 사하구
부산일과학고등학교,부산광역시,사하구,부산광역시 사하구 제석로 242,부산광역시 사하구 당리동 2-1,35.11722153,128.9888852,폐수변경(폐쇄)신고 미이행,051-290-6800,,수질,2026-01-16,3340000,부산광역시 사하구
한빛의료소비자생활 협동조합 한빛요양병원,부산광역시,사하구,부산광역시 사하구 사하로 55,부산광역시 사하구 구평동 28-13,35.0872071122,128.9934047664,폐수변경신고 미이행,051-260-6600,,수질,2026-01-16,3340000,부산광역시 사하구
㈜우노크린테크,부산광역시,사하구,부산광역시 사하구 감천항로190번길 54,부산광역시 사하구 구평동 256-1,35.0783175728,128.9888312,폐수운영일지 미작성,051-246-9242,,수질,2026-01-16,3340000,부산광역시 사하구
㈜우노크린테크,부산광역시,사하구,부산광역시 사하구 감천항로190번길 54,부산광역시 사하구 구평동 256-1,35.0783175728,128.9888312,폐수변경신고 미이행,051-246-9242,,수질,2026-01-16,3340000,부산광역시 사하구
㈜성진푸드라인,부산광역시,사하구,부산광역시 사하구 다대로1066번길 47,부산광역시 사하구 장림동 1081-9,35.07896891,128.9568610057,환경기술인 교육 미이수,051-265-3731,,수질,2026-01-16,3340000,부산광역시 사하구
(주)건원,경기도,안성시,경기도 안성시 대덕면 동산말안길 30-34,경기도 안성시 대덕면 삼한리 291,37.05431018,127.2790869,대기환경보전법 제39조(자가측정) 의 1항,000-0000-0000,,대기,2025-12-31,4080000,경기도 안성시
(주)이수,경기도,안성시,경기도 안성시 죽산면 걸미로 622-11,경기도 안성시 죽산면 장계리 593-1,37.05063413,127.4120416,대기환경보전법 제39조(자가측정) 의 1항,000-0000-0000,,대기,2025-12-31,4080000,경기도 안성시
(주)채움,경기도,안성시,경기도 안성시 보개면 보개원삼로 711-5(중복),경기도 안성시 보개면 가율리 119-3(중복),37.06390749,127.2976527,대기환경보전법 제39조(자가측정) 의 1항,000-0000-0000,,대기,2025-12-31,4080000,경기도 안성시
(주)채움,경기도,안성시,경기도 안성시 보개면 보개원삼로 711-5,경기도 안성시 보개면 가율리 119-3,37.06390749,127.2976527,대기환경보전법 제39조(자가측정) 의 1항,000-0000-0000,,대기,2025-12-31,4080000,경기도 안성시
현대기업(주),경기도,안성시,경기도 안성시 시청길 25,경기도 안성시 봉산동 31-3,37.0083078624,127.2792099773,대기환경보전법 제31조(배출시설과 방지시설의 운영),000-0000-0000,,대기,2025-12-31,4080000,경기도 안성시
동명에스앤티,경기도,안성시,경기도 안성시 일죽면 일죽당촌길 51,경기도 안성시 일죽면 당촌리 244-2,37.10213845,127.5014518,대기환경보전법 제31조(배출시설과 방지시설의 운영),000-0000-0000,,대기,2025-12-31,4080000,경기도 안성시
신안성서비스,경기도,안성시,경기도 안성시 공도읍 문터길 42,경기도 안성시 공도읍 마정리 158-7,37.0118421,127.1968916533,대기환경보전법 제31조(배출시설과 방지시설의 운영),000-0000-0000,,대기,2025-12-31,4080000,경기도 안성시
흥진산업,경기도,안성시,경기도 안성시 대덕면 만세로 296,경기도 안성시 대덕면 소내리 326-1,37.038076,127.2196503,대기환경보전법 제31조(배출시설과 방지시설의 운영),000-0000-0000,,대기,2025-12-31,4080000,경기도 안성시
에이치에스테크놀러지,경기도,안성시,경기도 안성시 죽산면 걸미로 496-8,경기도 안성시 죽산면 장계리 791-5,37.0419787705,127.4196043012,대기환경보전법 제34조 (조업정지명령 등) 제36조 (허가의 취소 등),000-0000-0000,,대기,2025-12-31,4080000,경기도 안성시
(주)미르테크,경기도,안성시,"경기도 안성시 양성면 양성로 174-3, 1,2동",경기도 안성시 양성면 석화리 12-4,37.0696377,127.2058214,대기환경보전법 제34조 (조업정지명령 등) 제36조 (허가의 취소 등),000-0000-0000,,대기,2025-12-31,4080000,경기도 안성시
(주)죽산그린자원,경기도,안성시,경기도 안성시 죽산면 걸미로 511-11,경기도 안성시 죽산면 장계리 792-12,37.0413737669,127.4173504815,대기환경보전법 제34조 (조업정지명령 등) 제36조 (허가의 취소 등),000-0000-0000,,대기,2025-12-31,4080000,경기도 안성시
미담,경기도,안성시,경기도 안성시 일죽면 죽화로 137,경기도 안성시 일죽면 고은리 707-2,37.11120232,127.4434079,대기환경보전법 제34조 (조업정지명령 등) 제36조 (허가의 취소 등),000-0000-0000,,대기,2025-12-31,4080000,경기도 안성시
(주)지씨엠,경기도,안성시,경기도 안성시 죽산면 걸미로 576,경기도 안성시 죽산면 장계리 638-4,37.04681409,127.4146750564,대기환경보전법 제34조 (조업정지명령 등) 제36조 (허가의 취소 등),000-0000-0000,,대기,2025-12-31,4080000,경기도 안성시
풍원식품,경기도,안성시,경기도 안성시 대덕면 미륵로 233-36,경기도 안성시 대덕면 대농리 232-1,37.07076549,127.2671374,대기환경보전법 제39조(자가측정) 의 1항,000-0000-0000,,대기,2025-12-31,4080000,경기도 안성시
(주)나노솔루션,경기도,안성시,경기도 안성시 양성면 도곡길 36-29,경기도 안성시 양성면 도곡리 285,37.07885516,127.2152025,대기환경보전법 제39조(자가측정) 의 1항,000-0000-0000,,대기,2025-12-31,4080000,경기도 안성시
에스디하이텍,부산광역시,사하구,부산광역시 사하구 다산로226번길 19,부산광역시 사하구 장림동 1089-8,35.07372676,128.9562103025,폐수배출허용기준 초과 총유기탄소량(TOC) 96.4㎎/L(기준 75㎎/L) 시안함유량(CN) 2.82㎎/L(기준 1㎎/L),051-000-0000,,수질,2026-01-16,3340000,부산광역시 사하구
아진일렉트론3공장,부산광역시,사하구,부산광역시 사하구 다산로225번길 19,부산광역시 사하구 장림동 1087-12,35.0730294619,128.9534276837,폐수배출허용기준 초과 총유기탄소량(TOC) 96.4㎎/L(기준 75㎎/L) 시안함유량(CN) 2.82㎎/L(기준 1㎎/L),051-000-0000,,수질,2026-01-16,3340000,부산광역시 사하구
써테크,부산광역시,사하구,부산광역시 사하구 다산로225번길 33,부산광역시 사하구 장림동 1087-7,35.07432065,128.9528373522,폐수배출허용기준 초과 총유기탄소량(TOC) 96.4㎎/L(기준 75㎎/L) 시안함유량(CN) 2.82㎎/L(기준 1㎎/L),051-266-4997,,수질,2026-01-16,3340000,부산광역시 사하구
신진전착,부산광역시,사하구,부산광역시 사하구 다산로225번길 38,부산광역시 사하구 장림동 1088-3,35.0745635349,128.9536363612,폐수배출허용기준 초과 총유기탄소량(TOC) 96.4㎎/L(기준 75㎎/L),051-264-2947,,수질,2026-01-16,3340000,부산광역시 사하구
신원금속장림지점,부산광역시,사하구,부산광역시 사하구 다산로225번길 45,부산광역시 사하구 장림동 1087-3,35.0752522698,128.9528449794,폐수배출허용기준 초과 총유기탄소량(TOC) 96.4㎎/L(기준 75㎎/L),051-000-0000,,수질,2026-01-16,3340000,부산광역시 사하구
신도플라텍㈜,부산광역시,사하구,부산광역시 사하구 다산로225번길 28,부산광역시 사하구 장림동 1088-8,35.0736905237,128.9535540496,폐수배출허용기준 초과 총유기탄소량(TOC) 96.4㎎/L(기준 75㎎/L) 시안함유량(CN) 2.82㎎/L(기준 1㎎/L),051-000-0000,,수질,2026-01-16,3340000,부산광역시 사하구
세운금속,부산광역시,사하구,부산광역시 사하구 다산로225번길 31,부산광역시 사하구 장림동 1087-8,35.07407893,128.9529851265,폐수배출허용기준 초과 총유기탄소량(TOC) 96.4㎎/L(기준 75㎎/L) 시안함유량(CN) 2.82㎎/L(기준 1㎎/L),051-000-0000,,수질,2026-01-16,3340000,부산광역시 사하구
세영화학,부산광역시,사하구,부산광역시 사하구 다산로225번길 38,부산광역시 사하구 장림동 1088-3,35.0745635349,128.9536363612,폐수배출허용기준 초과 총유기탄소량(TOC) 96.4㎎/L(기준 75㎎/L) 시안함유량(CN) 2.82㎎/L(기준 1㎎/L),051-000-0000,,수질,2026-01-16,3340000,부산광역시 사하구
세신인더스트리,부산광역시,사하구,부산광역시 사하구 다산로225번길 20,부산광역시 사하구 장림동 1088-10,35.0731922049,128.9538088,폐수배출허용기준 초과 총유기탄소량(TOC) 96.4㎎/L(기준 75㎎/L),051-000-0000,,수질,2026-01-16,3340000,부산광역시 사하구
성창사,부산광역시,사하구,부산광역시 사하구 다산로 230,부산광역시 사하구 장림동 1089-7,35.07365303,128.955885,폐수배출허용기준 초과 총유기탄소량(TOC) 96.4㎎/L(기준 75㎎/L) 시안함유량(CN) 2.82㎎/L(기준 1㎎/L),051-000-0000,,수질,2026-01-16,3340000,부산광역시 사하구
성원사,부산광역시,사하구,부산광역시 사하구 다산로225번길 27,부산광역시 사하구 장림동 1087-9,35.07383712,128.9531578709,폐수배출허용기준 초과 총유기탄소량(TOC) 96.4㎎/L(기준 75㎎/L),051-262-1887,,수질,2026-01-16,3340000,부산광역시 사하구
성운,부산광역시,사하구,부산광역시 사하구 다산로225번길 31,부산광역시 사하구 장림동 1087-8,35.07407893,128.9529851265,폐수배출허용기준 초과 총유기탄소량(TOC) 96.4㎎/L(기준 75㎎/L) 시안함유량(CN) 2.82㎎/L(기준 1㎎/L),051-266-1373,,수질,2026-01-16,3340000,부산광역시 사하구
성우금속,부산광역시,사하구,부산광역시 사하구 다산로 257,부산광역시 사하구 장림동 1088-1,35.07549574,128.9535183,폐수배출허용기준 초과 총유기탄소량(TOC) 96.4㎎/L(기준 75㎎/L),051-317-3254,,수질,2026-01-16,3340000,부산광역시 사하구
서한공업도금공장,부산광역시,사하구,부산광역시 사하구 다산로 244,부산광역시 사하구 장림동 1089-4,35.0744703365,128.9551685,폐수배출허용기준 초과 총유기탄소량(TOC) 96.4㎎/L(기준 75㎎/L),051-000-0000,,수질,2026-01-16,3340000,부산광역시 사하구
산우금속,부산광역시,사하구,부산광역시 사하구 다산로225번길 31,부산광역시 사하구 장림동 1087-8,35.07407893,128.9529851265,폐수배출허용기준 초과 총유기탄소량(TOC) 96.4㎎/L(기준 75㎎/L) 시안함유량(CN) 2.82㎎/L(기준 1㎎/L),051-261-6521,,수질,2026-01-16,3340000,부산광역시 사하구
부영금속,부산광역시,사하구,부산광역시 사하구 다산로225번길 17,부산광역시 사하구 장림동 1087-13,35.07290905,128.9532968312,폐수배출허용기준 초과 총유기탄소량(TOC) 96.4㎎/L(기준 75㎎/L) 시안함유량(CN) 2.82㎎/L(기준 1㎎/L),051-264-6916,,수질,2026-01-16,3340000,부산광역시 사하구
부영공업사,부산광역시,사하구,부산광역시 사하구 다산로225번길 18,부산광역시 사하구 장림동 1088-15,35.0730142874,128.953759796,폐수배출허용기준 초과 총유기탄소량(TOC) 96.4㎎/L(기준 75㎎/L),051-000-0000,,수질,2026-01-16,3340000,부산광역시 사하구
부산장림표면처리사업협동조합,부산광역시,사하구,부산광역시 사하구 다산로 246,부산광역시 사하구 장림동 1089-2,35.07515636,128.955502613,폐수배출허용기준 초과 총유기탄소량(TOC) 96.4㎎/L(기준 75㎎/L) 시안함유량(CN) 2.82㎎/L(기준 1㎎/L),051-264-3430,,수질,2026-01-16,3340000,부산광역시 사하구
보금공업사,부산광역시,사하구,부산광역시 사하구 다산로225번길 39,부산광역시 사하구 장림동 1087-5,35.07480391,128.9526627225,폐수배출허용기준 초과 총유기탄소량(TOC) 96.4㎎/L(기준 75㎎/L) 시안함유량(CN) 2.82㎎/L(기준 1㎎/L),051-262-6938,,수질,2026-01-16,3340000,부산광역시 사하구
밀양금속,부산광역시,사하구,부산광역시 사하구 다산로225번길 28,부산광역시 사하구 장림동 1088-8,35.0736905237,128.9535540496,폐수배출허용기준 초과 총유기탄소량(TOC) 96.4㎎/L(기준 75㎎/L) 시안함유량(CN) 2.82㎎/L(기준 1㎎/L),051-264-0610,,수질,2026-01-16,3340000,부산광역시 사하구
메탈엘엠이,부산광역시,사하구,부산광역시 사하구 다산로225번길 41,부산광역시 사하구 장림동 1087-4,35.07504545,128.9527718,폐수배출허용기준 초과 총유기탄소량(TOC) 96.4㎎/L(기준 75㎎/L),051-263-3993,,수질,2026-01-16,3340000,부산광역시 사하구
리켐코리아,부산광역시,사하구,부산광역시 사하구 다산로225번길 12,부산광역시 사하구 장림동 1088-16,35.0726929626,128.9538131921,폐수배출허용기준 초과 총유기탄소량(TOC) 96.4㎎/L(기준 75㎎/L),051-000-0000,,수질,2026-01-16,3340000,부산광역시 사하구
디와이테크,부산광역시,사하구,부산광역시 사하구 다산로225번길 25,부산광역시 사하구 장림동 1087-10,35.0735953,128.9531492,폐수배출허용기준 초과 총유기탄소량(TOC) 96.4㎎/L(기준 75㎎/L) 시안함유량(CN) 2.82㎎/L(기준 1㎎/L),051-000-0000,,수질,2026-01-16,3340000,부산광역시 사하구
동광기업사,부산광역시,사하구,부산광역시 사하구 다산로226번길 9,부산광역시 사하구 장림동 1089-11,35.0733129526,128.9562126323,폐수배출허용기준 초과 총유기탄소량(TOC) 96.4㎎/L(기준 75㎎/L) 시안함유량(CN) 2.82㎎/L(기준 1㎎/L),051-262-6457,,수질,2026-01-16,3340000,부산광역시 사하구
더존테크,부산광역시,사하구,부산광역시 사하구 다산로225번길 13,부산광역시 사하구 장림동 1087-15,35.07258162,128.9533875988,폐수배출허용기준 초과 총유기탄소량(TOC) 96.4㎎/L(기준 75㎎/L) 시안함유량(CN) 2.82㎎/L(기준 1㎎/L),051-000-0000,,수질,2026-01-16,3340000,부산광역시 사하구
삼진식품㈜,부산광역시,사하구,부산광역시 사하구 다대로1066번길 51,부산광역시 사하구 장림동 1081-4,35.0794929,128.9567218564,폐수배출허용기준 초과 총질소(T-N) 67.09㎎/L(기준 60㎎/L),051-412-5468,,수질,2026-01-16,3340000,부산광역시 사하구
삼원시푸드,부산광역시,사하구,부산광역시 사하구 다산로225번길 53,부산광역시 사하구 장림동 1087-19,35.076032266,128.9526035447,폐수배출허용기준 초과 총질소(T-N) 67.09㎎/L(기준 60㎎/L),051-264-3800,,수질,2026-01-16,3340000,부산광역시 사하구
블루씨푸드 부산공장,부산광역시,사하구,부산광역시 사하구 다대로1066번길 41,부산광역시 사하구 장림동 1081-11,35.07876335,128.9558112,폐수배출허용기준 초과 총질소(T-N) 67.09㎎/L(기준 60㎎/L),051-262-7204,,수질,2026-01-16,3340000,부산광역시 사하구
부산어묵전략사업단,부산광역시,사하구,부산광역시 사하구 장림로93번길 43,부산광역시 사하구 장림동 1081,35.0799754731,128.9550614406,폐수배출허용기준 초과 총질소(T-N) 67.09㎎/L(기준 60㎎/L),051-902-7004,,수질,2026-01-16,3340000,부산광역시 사하구
부산식품 장림공장,부산광역시,사하구,부산광역시 사하구 다대로1066번길 24,부산광역시 사하구 장림동 1085,35.0780334074,128.954200467,폐수배출허용기준 초과 총질소(T-N) 67.09㎎/L(기준 60㎎/L),051-247-3231,,수질,2026-01-16,3340000,부산광역시 사하구
부산수산물가공특화사업협동조합,부산광역시,사하구,부산광역시 사하구 장림로 89,부산광역시 사하구 장림동 1082,35.0808785251,128.9588346,폐수배출허용기준 초과 총질소(T-N) 67.09㎎/L(기준 60㎎/L),051-264-3773,,수질,2026-01-16,3340000,부산광역시 사하구
복주,부산광역시,사하구,부산광역시 사하구 다대로1066번길 43,부산광역시 사하구 장림동 1082-7,35.0800188198,128.9580711113,폐수배출허용기준 초과 총질소(T-N) 67.09㎎/L(기준 60㎎/L),051-262-2088,,수질,2026-01-16,3340000,부산광역시 사하구
보람식품,부산광역시,사하구,부산광역시 사하구 다대로1066번길 34,부산광역시 사하구 장림동 1085-4,35.077347675,128.9552186383,폐수배출허용기준 초과 총질소(T-N) 67.09㎎/L(기준 60㎎/L),051-000-0000,,수질,2026-01-16,3340000,부산광역시 사하구
미도식품,부산광역시,사하구,부산광역시 사하구 장림로93번길 33,부산광역시 사하구 장림동 1081-2,35.0801301312,128.955887454,폐수배출허용기준 초과 총질소(T-N) 67.09㎎/L(기준 60㎎/L),051-261-4910,,수질,2026-01-16,3340000,부산광역시 사하구
맛뜰안식품,부산광역시,사하구,부산광역시 사하구 다대로1066번길 55,부산광역시 사하구 장림동 1082-3,35.0801333472,128.957441403,폐수배출허용기준 초과 총질소(T-N) 67.09㎎/L(기준 60㎎/L),051-265-8537,,수질,2026-01-16,3340000,부산광역시 사하구
마린푸드,부산광역시,사하구,부산광역시 사하구 다산로 265,부산광역시 사하구 장림동 1086-14,35.0759863436,128.9539044411,폐수배출허용기준 초과 총질소(T-N) 67.09㎎/L(기준 60㎎/L),051-263-7681,,수질,2026-01-16,3340000,부산광역시 사하구
등대식품,부산광역시,사하구,부산광역시 사하구 다대로1066번길 59,부산광역시 사하구 장림동 1082-5,35.0792220239,128.9578176838,폐수배출허용기준 초과 총질소(T-N) 67.09㎎/L(기준 60㎎/L),051-900-6410,,수질,2026-01-16,3340000,부산광역시 사하구
동진수산,부산광역시,사하구,부산광역시 사하구 다산로 265,부산광역시 사하구 장림동 1086-14,35.0759863436,128.9539044411,폐수배출허용기준 초과 총질소(T-N) 67.09㎎/L(기준 60㎎/L),051-000-0000,,수질,2026-01-16,3340000,부산광역시 사하구
대진물산(2공장),부산광역시,사하구,부산광역시 사하구 다대로1066번길 47,부산광역시 사하구 장림동 1081-9,35.0789803603,128.9568610057,폐수배출허용기준 초과 총질소(T-N) 67.09㎎/L(기준 60㎎/L),051-263-5595,,수질,2026-01-16,3340000,부산광역시 사하구
대양산업,부산광역시,사하구,부산광역시 사하구 다산로225번길 55,부산광역시 사하구 장림동 1087-22,35.0763126283,128.9525531126,폐수배출허용기준 초과 총질소(T-N) 67.09㎎/L(기준 60㎎/L),051-261-2689,,수질,2026-01-16,3340000,부산광역시 사하구
대마상사,부산광역시,사하구,부산광역시 사하구 다산로225번길 66,부산광역시 사하구 장림동 1086-4,35.0772028533,128.9527044,폐수배출허용기준 초과 총질소(T-N) 67.09㎎/L(기준 60㎎/L),051-000-0000,,수질,2026-01-16,3340000,부산광역시 사하구
대림씨푸드,부산광역시,사하구,부산광역시 사하구 다대로1066번길 38,부산광역시 사하구 장림동 1085-8,35.07669362,128.955261459,폐수배출허용기준 초과 총질소(T-N) 67.09㎎/L(기준 60㎎/L),051-262-6502,,수질,2026-01-16,3340000,부산광역시 사하구
대광에프앤씨,부산광역시,사하구,부산광역시 사하구 다대로1066번길 61,부산광역시 사하구 장림동 1082-6,35.07925956,128.9580133034,폐수배출허용기준 초과 총질소(T-N) 67.09㎎/L(기준 60㎎/L),051-263-7797,,수질,2026-01-16,3340000,부산광역시 사하구
늘푸른바다 제3공장,부산광역시,사하구,부산광역시 사하구 다산로 277,부산광역시 사하구 장림동 1086-3,35.07752903,128.9533486045,폐수배출허용기준 초과 총질소(T-N) 67.09㎎/L(기준 60㎎/L),051-266-2395,,수질,2026-01-16,3340000,부산광역시 사하구
남청(1공장),부산광역시,사하구,부산광역시 사하구 다대로1066번길 42,부산광역시 사하구 장림동 1084-1,35.0779020813,128.9559900385,폐수배출허용기준 초과 총질소(T-N) 67.09㎎/L(기준 60㎎/L),051-000-0000,,수질,2026-01-16,3340000,부산광역시 사하구
경지복수산,부산광역시,사하구,부산광역시 사하구 다산로 263,부산광역시 사하구 장림동 1086-13,35.0758266776,128.9537127402,폐수배출허용기준 초과 총질소(T-N) 67.09㎎/L(기준 60㎎/L),051-722-0662,,수질,2026-01-16,3340000,부산광역시 사하구
제일철강선재㈜,부산광역시,사하구,부산광역시 사하구 다산로 140,부산광역시 사하구 다대동 1509-15,35.0653268105,128.9573374243,폐수배출시설 운영일지 미작성,051-264-5516,,수질,2026-01-16,3340000,부산광역시 사하구
유림수산유통,부산광역시,사하구,부산광역시 사하구 다산로225번길 58,부산광역시 사하구 장림동 1086-6,35.07673912,128.9530034,폐수 운영일지 미작성,051-261-0216,,수질,2026-01-16,3340000,부산광역시 사하구
동광기업사,부산광역시,사하구,부산광역시 사하구 다산로226번길 9,부산광역시 사하구 장림동 1089-11,35.0733129526,128.9562126323,폐수 운영일지 미작성,051-262-6457,,수질,2026-01-16,3340000,부산광역시 사하구
디테일링몬스터,부산광역시,사하구,부산광역시 사하구 괴정로 67,부산광역시 사하구 하단동 17-6,35.10228398,128.9716405007,폐수배출시설 및 방지시설 운영일지 미작성,051-203-5307,,수질,2026-01-16,3340000,부산광역시 사하구
대림카워시㈜,부산광역시,사하구,부산광역시 사하구 하신중앙로 234,부산광역시 사하구 하단동 870-295,35.1000277515,128.9613208,폐수배출허용기준 초과총유기탄소량(TOC) 81.6㎎/L(기준 75㎎/L),051-000-0000,,수질,2026-01-16,3340000,부산광역시 사하구
청풍무역㈜,부산광역시,사하구,부산광역시 사하구 감천항로 251,부산광역시 사하구 구평동 414-16,35.07037068,128.9908192095,폐수배출허용기준 초과총유기탄소량(TOC) 106.9㎎/L(기준 75㎎/L)부유물질(SS) 197.1㎎/L(기준 120㎎/L)생물화학적산소요구량(BOD) 160㎎/L(기준 120㎎/,051-231-2177,,수질,2026-01-16,3340000,부산광역시 사하구
수정씨푸드,부산광역시,사하구,부산광역시 사하구 다산로225번길 52,부산광역시 사하구 장림동 1086-10,35.0760722511,128.9532710054,폐수배출허용기준 초과 총질소(T-N) 67.09㎎/L(기준 60㎎/L),051-262-1644,,수질,2026-01-16,3340000,부산광역시 사하구
송림수산,부산광역시,사하구,부산광역시 사하구 다산로225번길 58,부산광역시 사하구 장림동 1086-6,35.07673912,128.9530034,폐수배출허용기준 초과 총질소(T-N) 67.09㎎/L(기준 60㎎/L),051-261-0216,,수질,2026-01-16,3340000,부산광역시 사하구
세정식품,부산광역시,사하구,부산광역시 사하구 다대로1066번길 32,부산광역시 사하구 장림동 1085-2,35.07790794,128.9551182254,폐수배출허용기준 초과 총질소(T-N) 67.09㎎/L(기준 60㎎/L),051-633-0019,,수질,2026-01-16,3340000,부산광역시 사하구
세윤식품,부산광역시,사하구,부산광역시 사하구 다대로1066번길 41-1,부산광역시 사하구 장림동 1081-12,35.07893546,128.9555329,폐수배출허용기준 초과 총질소(T-N) 67.09㎎/L(기준 60㎎/L),051-203-5510,,수질,2026-01-16,3340000,부산광역시 사하구
선일물산,부산광역시,사하구,부산광역시 사하구 다대로1066번길 6,부산광역시 사하구 장림동 1087-2,35.07750875,128.9520978734,폐수배출허용기준 초과 총질소(T-N) 67.09㎎/L(기준 60㎎/L),051-261-4949,,수질,2026-01-16,3340000,부산광역시 사하구
선영수산,부산광역시,사하구,부산광역시 사하구 다산로 259,부산광역시 사하구 장림동 1086-11,35.07577446,128.9532886111,폐수배출허용기준 초과 총질소(T-N) 67.09㎎/L(기준 60㎎/L),051-000-0000,,수질,2026-01-16,3340000,부산광역시 사하구
서종산업,부산광역시,사하구,부산광역시 사하구 다산로225번길 67,부산광역시 사하구 장림동 1087-16,35.0771355333,128.9523612585,폐수배출허용기준 초과 총질소(T-N) 67.09㎎/L(기준 60㎎/L),051-266-0242,,수질,2026-01-16,3340000,부산광역시 사하구
대한카본㈜,부산광역시,사하구,부산광역시 사하구 다산로 247,부산광역시 사하구 장림동 1088-4,35.0750110752,128.9535799437,폐수배출허용기준 초과 총유기탄소량(TOC) 96.4㎎/L(기준 75㎎/L),051-264-8961,,수질,2026-01-16,3340000,부산광역시 사하구
대우금속공업사,부산광역시,사하구,부산광역시 사하구 다산로225번길 12,부산광역시 사하구 장림동 1088-16,35.0726929626,128.9538131921,폐수배출허용기준 초과 총유기탄소량(TOC) 96.4㎎/L(기준 75㎎/L),051-262-4182,,수질,2026-01-16,3340000,부산광역시 사하구
대영정기,부산광역시,사하구,부산광역시 사하구 다산로 227,부산광역시 사하구 장림동 1088-12,35.0731096964,128.9548571,폐수배출허용기준 초과 총유기탄소량(TOC) 96.4㎎/L(기준 75㎎/L) 시안함유량(CN) 2.82㎎/L(기준 1㎎/L),051-000-0000,,수질,2026-01-16,3340000,부산광역시 사하구
대림금속,부산광역시,사하구,부산광역시 사하구 다산로225번길 17,부산광역시 사하구 장림동 1087-13,35.07290905,128.9532968312,폐수배출허용기준 초과 총유기탄소량(TOC) 96.4㎎/L(기준 75㎎/L) 시안함유량(CN) 2.82㎎/L(기준 1㎎/L),051-000-0000,,수질,2026-01-16,3340000,부산광역시 사하구
대경화학㈜,부산광역시,사하구,부산광역시 사하구 다산로226번길 33,부산광역시 사하구 장림동 1089-3,35.0749138958,128.9558352,폐수배출허용기준 초과 총유기탄소량(TOC) 96.4㎎/L(기준 75㎎/L),051-263-1490,,수질,2026-01-16,3340000,부산광역시 사하구
나래금속,부산광역시,사하구,부산광역시 사하구 다산로225번길 31,부산광역시 사하구 장림동 1087-8,35.07407893,128.9529851265,폐수배출허용기준 초과 총유기탄소량(TOC) 96.4㎎/L(기준 75㎎/L),051-000-0000,,수질,2026-01-16,3340000,부산광역시 사하구
금화금속,부산광역시,사하구,부산광역시 사하구 다산로225번길 24,부산광역시 사하구 장림동 1088-9,35.0736112837,128.9537329,폐수배출허용기준 초과 총유기탄소량(TOC) 96.4㎎/L(기준 75㎎/L) 시안함유량(CN) 2.82㎎/L(기준 1㎎/L),051-265-9725,,수질,2026-01-16,3340000,부산광역시 사하구
금강엘엠이,부산광역시,사하구,부산광역시 사하구 다산로225번길 44,부산광역시 사하구 장림동 1088-17,35.07525038,128.9532534,폐수배출허용기준 초과 총유기탄소량(TOC) 96.4㎎/L(기준 75㎎/L),051-266-2650,,수질,2026-01-16,3340000,부산광역시 사하구
금강금속도금㈜지점,부산광역시,사하구,부산광역시 사하구 다산로225번길 38,부산광역시 사하구 장림동 1088-3,35.0745635349,128.9536363612,폐수배출허용기준 초과 총유기탄소량(TOC) 96.4㎎/L(기준 75㎎/L),051-266-8384,,수질,2026-01-16,3340000,부산광역시 사하구
금강금속도금㈜,부산광역시,사하구,부산광역시 사하구 다산로225번길 6,부산광역시 사하구 장림동 1088-13,35.0730477929,128.954638752,폐수배출허용기준 초과 총유기탄소량(TOC) 96.4㎎/L(기준 75㎎/L) 시안함유량(CN) 2.82㎎/L(기준 1㎎/L),051-266-8384,,수질,2026-01-16,3340000,부산광역시 사하구
국제화학,부산광역시,사하구,부산광역시 사하구 다산로225번길 31,부산광역시 사하구 장림동 1087-8,35.07407893,128.9529851265,폐수배출허용기준 초과 총유기탄소량(TOC) 96.4㎎/L(기준 75㎎/L),051-264-1592,,수질,2026-01-16,3340000,부산광역시 사하구
국제공업사,부산광역시,사하구,부산광역시 사하구 다산로225번길 39,부산광역시 사하구 장림동 1087-5,35.07480391,128.9526627225,폐수배출허용기준 초과 총유기탄소량(TOC) 96.4㎎/L(기준 75㎎/L) 시안함유량(CN) 2.82㎎/L(기준 1㎎/L),051-264-5705,,수질,2026-01-16,3340000,부산광역시 사하구
경원화학 장림지점,부산광역시,사하구,부산광역시 사하구 다산로225번길 35,부산광역시 사하구 장림동 1087-6,35.07456228,128.9528975,폐수배출허용기준 초과 총유기탄소량(TOC) 96.4㎎/L(기준 75㎎/L) 시안함유량(CN) 2.82㎎/L(기준 1㎎/L),051-000-0000,,수질,2026-01-16,3340000,부산광역시 사하구
경원화학,부산광역시,사하구,부산광역시 사하구 다산로225번길 15,부산광역시 사하구 장림동 1087-14,35.07274534,128.9533705,폐수배출허용기준 초과 총유기탄소량(TOC) 96.4㎎/L(기준 75㎎/L),051-000-0000,,수질,2026-01-16,3340000,부산광역시 사하구
BJ Tech,부산광역시,사하구,부산광역시 사하구 다산로225번길 45,부산광역시 사하구 장림동 1087-3,35.0752522698,128.9528449794,폐수배출허용기준 초과 총유기탄소량(TOC) 96.4㎎/L(기준 75㎎/L) 시안함유량(CN) 2.82㎎/L(기준 1㎎/L),051-000-0000,,수질,2026-01-16,3340000,부산광역시 사하구
㈜태일엠텍,부산광역시,사하구,부산광역시 사하구 다산로 47,부산광역시 사하구 다대동 1515-14,35.05724597,128.9588666373,폐수배출시설 및 방지시설 운영일지 미작성,051-000-0000,,수질,2026-01-16,3340000,부산광역시 사하구
의료법인 성진의료재단 동산요양병원,부산광역시,사하구,부산광역시 사하구 낙동대로216번길 10,부산광역시 사하구 괴정동 1003,35.1008130879,128.9933387714,폐수배출시설 및 방지시설 변경신고 미이행,051-204-1133,,수질,2026-01-16,3340000,부산광역시 사하구
주식회사 에스포금속,부산광역시,사하구,부산광역시 사하구 하신중앙로3번길 110,부산광역시 사하구 장림동 980-20,35.07753389,128.9579197,폐수배출시설 변경신고 미이행,051-000-0000,,수질,2026-01-16,3340000,부산광역시 사하구
㈜가남환경,부산광역시,사하구,부산광역시 사하구 다산로208번길 38,부산광역시 사하구 장림동 914-35,35.07171161,128.9595954,폐수운영일지 미작성,051-000-0000,,수질,2026-01-16,3340000,부산광역시 사하구
㈜코메론,부산광역시,사하구,부산광역시 사하구 장평로 73,부산광역시 사하구 장림동 575,35.072633305,128.9727788885,폐수배출시설(방지시설) 변경신고 미이행,051-290-3100,,수질,2026-01-16,3340000,부산광역시 사하구
㈜남청(1공장),부산광역시,사하구,부산광역시 사하구 다대로1066번길 42,부산광역시 사하구 장림동 1084-1,35.0779020813,128.9559900385,폐수배출시설 운영일지 미작성,051-000-0000,,수질,2026-01-16,3340000,부산광역시 사하구
효성어묵,부산광역시,사하구,부산광역시 사하구 다대로1066번길 40,부산광역시 사하구 장림동 1084-2,35.0769373409,128.9558847879,폐수배출허용기준 초과 총질소(T-N) 67.09㎎/L(기준 60㎎/L),1661-2528,,수질,2026-01-16,3340000,부산광역시 사하구
화신피혁,부산광역시,사하구,부산광역시 사하구 다산로 270,부산광역시 사하구 장림동 1085-9,35.07682179,128.9548174162,폐수배출허용기준 초과 총질소(T-N) 67.09㎎/L(기준 60㎎/L),051-000-0000,,수질,2026-01-16,3340000,부산광역시 사하구
혜인씨푸드,부산광역시,사하구,부산광역시 사하구 다산로225번길 52,부산광역시 사하구 장림동 1086-10,35.0760722511,128.9532710054,폐수배출허용기준 초과 총질소(T-N) 67.09㎎/L(기준 60㎎/L),051-000-0000,,수질,2026-01-16,3340000,부산광역시 사하구
현우수산,부산광역시,사하구,부산광역시 사하구 다산로 261,부산광역시 사하구 장림동 1086-12,35.07580667,128.9535115,폐수배출허용기준 초과 총질소(T-N) 67.09㎎/L(기준 60㎎/L),051-000-0000,,수질,2026-01-16,3340000,부산광역시 사하구
현대에프앤씨,부산광역시,사하구,부산광역시 사하구 장림로93번길 21,부산광역시 사하구 장림동 1082-1,35.08072209,128.9578842539,폐수배출허용기준 초과 총질소(T-N) 67.09㎎/L(기준 60㎎/L),051-000-0000,,수질,2026-01-16,3340000,부산광역시 사하구
청산오리농장,경기도,안성시,경기도 안성시 원곡면 승량길 151,경기도 안성시 원곡면 성주리 202,37.08256498,127.1653237,물환경보전법 제42조 (허가의 취소 등),000-0000-0000,,수질,2025-12-31,4080000,경기도 안성시
청석데스리석재,경기도,안성시,경기도 안성시 일죽면 한다리길 92,경기도 안성시 일죽면 방초리 966-3,37.11852394,127.4163757,물환경보전법 제42조 (허가의 취소 등),000-0000-0000,,수질,2025-12-31,4080000,경기도 안성시
코모토(주),경기도,안성시,경기도 안성시 삼죽면 삼죽로 75,경기도 안성시 삼죽면 내강리 37,37.0719046242,127.3719123,물환경보전법 제42조 (허가의 취소 등),000-0000-0000,,수질,2025-12-31,4080000,경기도 안성시
(주)강성원우유,경기도,안성시,경기도 안성시 일죽면 종배길 56,경기도 안성시 일죽면 죽림리 460,37.07948401,127.4499569,물환경보전법 제42조 (허가의 취소 등),000-0000-0000,,수질,2025-12-31,4080000,경기도 안성시
라산석재,경기도,안성시,경기도 안성시 시청길 25,경기도 안성시 봉산동 31-3,37.0083078624,127.2792099773,물환경보전법 제42조 (허가의 취소 등),000-0000-0000,,수질,2025-12-31,4080000,경기도 안성시
만정세차장,경기도,안성시,경기도 안성시 시청길 25,경기도 안성시 봉산동 31-3,37.0083078624,127.2792099773,물환경보전법 제42조 (허가의 취소 등),000-0000-0000,,수질,2025-12-31,4080000,경기도 안성시
죽전석재,경기도,안성시,경기도 안성시 시청길 25,경기도 안성시 봉산동 31-3,37.0083078624,127.2792099773,물환경보전법 제42조 (허가의 취소 등),000-0000-0000,,수질,2025-12-31,4080000,경기도 안성시
대상석재산업,경기도,안성시,경기도 안성시 원곡면 지문로 399,경기도 안성시 원곡면 산하리 259,37.07142389,127.1438412,물환경보전법 제42조 (허가의 취소 등),000-0000-0000,,수질,2025-12-31,4080000,경기도 안성시
대명석재산업,경기도,안성시,경기도 안성시 삼죽면 용내길 232-31,경기도 안성시 삼죽면 내장리 206-13,37.08413868,127.398625,물환경보전법 제38조(배출시설 및 방지시설의 운영) 제3항,000-0000-0000,,수질,2025-12-31,4080000,경기도 안성시
대웅바이오(주),경기도,안성시,경기도 안성시 공단1로 69 (신건지동),경기도 안성시 신건지동 54-7,37.01442405,127.2443664,물환경보전법 제4조의 6(초과배출자에 대한 조치명령 등) 또는 제39조,000-0000-0000,,수질,2025-12-31,4080000,경기도 안성시
성심지게차(주),경기도,안성시,경기도 안성시 시청길 25,경기도 안성시 봉산동 31-3,37.0083078624,127.2792099773,대기환경보전법 제39조(자가측정) 의 1항,000-0000-0000,,대기,2025-12-31,4080000,경기도 안성시
(주)더시온,경기도,안성시,"경기도 안성시 보개면 이전봉산길 98-4, B동",경기도 안성시 보개면 이전리 212,37.06212278,127.2925058,대기환경보전법 제39조(자가측정) 의 1항,000-0000-0000,,대기,2025-12-31,4080000,경기도 안성시
(주)에스피산업개발,경기도,안성시,경기도 안성시 양성면 안성맞춤대로 2217-11 (주)에스피산업개발,경기도 안성시 양성면 노곡리 252 (주)에스피산업개발,37.10447544,127.2521038003,대기환경보전법 제31조(배출시설과 방지시설의 운영),000-0000-0000,,대기,2025-12-31,4080000,경기도 안성시
(주)에코진플러스,경기도,안성시,경기도 안성시 양성면 양성로 175-43,경기도 안성시 양성면 석화리 47,37.07252097,127.2017011355,대기환경보전법 제39조(자가측정) 의 1항,000-0000-0000,,대기,2025-12-31,4080000,경기도 안성시
해수산,부산광역시,사하구,부산광역시 사하구 다산로225번길 49,부산광역시 사하구 장림동 1087-21,35.0755646085,128.9525045922,폐수배출허용기준 초과 총질소(T-N) 67.09㎎/L(기준 60㎎/L),051-000-0000,,수질,2026-01-16,3340000,부산광역시 사하구
해맑은식품,부산광역시,사하구,부산광역시 사하구 다대로1066번길 53,부산광역시 사하구 장림동 1081-10,35.07976974,128.9566134773,폐수배출허용기준 초과 총질소(T-N) 67.09㎎/L(기준 60㎎/L),051-266-0808,,수질,2026-01-16,3340000,부산광역시 사하구
해나라 수산,부산광역시,사하구,부산광역시 사하구 다대로1066번길 50,부산광역시 사하구 장림동 1084,35.07845903,128.9568996,폐수배출허용기준 초과 총질소(T-N) 67.09㎎/L(기준 60㎎/L),051-000-0000,,수질,2026-01-16,3340000,부산광역시 사하구
한양식품 장림지점,부산광역시,사하구,부산광역시 사하구 다산로225번길 59,부산광역시 사하구 장림동 1087-18,35.0769427196,128.9524314275,폐수배출허용기준 초과 총질소(T-N) 67.09㎎/L(기준 60㎎/L),051-262-6697,,수질,2026-01-16,3340000,부산광역시 사하구
퍼플오션,부산광역시,사하구,부산광역시 사하구 다산로225번길 52,부산광역시 사하구 장림동 1086-10,35.0760722511,128.9532710054,폐수배출허용기준 초과 총질소(T-N) 67.09㎎/L(기준 60㎎/L),051-923-1784,,수질,2026-01-16,3340000,부산광역시 사하구
태성물산,부산광역시,사하구,부산광역시 사하구 장림로93번길 19,부산광역시 사하구 장림동 1082-2,35.08060669,128.9576888161,폐수배출허용기준 초과 총질소(T-N) 67.09㎎/L(기준 60㎎/L),051-261-9843,,수질,2026-01-16,3340000,부산광역시 사하구
청구수산,부산광역시,사하구,부산광역시 사하구 다산로225번길 63,부산광역시 사하구 장림동 1087-17,35.07701226,128.9522598,폐수배출허용기준 초과 총질소(T-N) 67.09㎎/L(기준 60㎎/L),051-000-0000,,수질,2026-01-16,3340000,부산광역시 사하구
제일식품,부산광역시,사하구,부산광역시 사하구 다산로 274,부산광역시 사하구 장림동 1085-12,35.0771865841,128.9545401,폐수배출허용기준 초과 총질소(T-N) 67.09㎎/L(기준 60㎎/L),051-000-0000,,수질,2026-01-16,3340000,부산광역시 사하구
제이에스산업,부산광역시,사하구,부산광역시 사하구 다산로 267,부산광역시 사하구 장림동 1086-9,35.0763529178,128.9541411997,폐수배출허용기준 초과 총질소(T-N) 67.09㎎/L(기준 60㎎/L),051-266-0060,,수질,2026-01-16,3340000,부산광역시 사하구
정인수산,부산광역시,사하구,부산광역시 사하구 다산로225번길 63,부산광역시 사하구 장림동 1087-17,35.07701226,128.9522598,폐수배출허용기준 초과 총질소(T-N) 67.09㎎/L(기준 60㎎/L),051-000-0000,,수질,2026-01-16,3340000,부산광역시 사하구
정원화학,부산광역시,사하구,부산광역시 사하구 다산로225번길 56,부산광역시 사하구 장림동 1086-7,35.07634265,128.9530174847,폐수배출허용기준 초과 총질소(T-N) 67.09㎎/L(기준 60㎎/L),051-000-0000,,수질,2026-01-16,3340000,부산광역시 사하구
장원피혁,부산광역시,사하구,부산광역시 사하구 다산로 277,부산광역시 사하구 장림동 1086-3,35.07752903,128.9533486045,폐수배출허용기준 초과 총질소(T-N) 67.09㎎/L(기준 60㎎/L),051-264-2139,,수질,2026-01-16,3340000,부산광역시 사하구
일진에이엔씨,부산광역시,사하구,부산광역시 사하구 다대로1066번길 47,부산광역시 사하구 장림동 1081-9,35.07896891,128.9568610057,폐수배출허용기준 초과 총질소(T-N) 67.09㎎/L(기준 60㎎/L),051-261-9155,,수질,2026-01-16,3340000,부산광역시 사하구
유림수산유통,부산광역시,사하구,부산광역시 사하구 다산로225번길 58,부산광역시 사하구 장림동 1086-6,35.07673912,128.9530034,폐수배출허용기준 초과 총질소(T-N) 67.09㎎/L(기준 60㎎/L),051-261-0216,,수질,2026-01-16,3340000,부산광역시 사하구
우영수산㈜,부산광역시,사하구,부산광역시 사하구 다산로 271,부산광역시 사하구 장림동 1086-8,35.0765580124,128.9535551104,폐수배출허용기준 초과 총질소(T-N) 67.09㎎/L(기준 60㎎/L),051-000-0000,,수질,2026-01-16,3340000,부산광역시 사하구
오다고씨푸드,부산광역시,사하구,부산광역시 사하구 다산로 265,부산광역시 사하구 장림동 1086-14,35.0759564,128.9539283,폐수배출허용기준 초과 총질소(T-N) 67.09㎎/L(기준 60㎎/L),051-000-0000,,수질,2026-01-16,3340000,부산광역시 사하구
에스엔에스식품,부산광역시,사하구,부산광역시 사하구 다대로1066번길 38,부산광역시 사하구 장림동 1085-8,35.07669362,128.955261459,폐수배출허용기준 초과 총질소(T-N) 67.09㎎/L(기준 60㎎/L),051-000-0000,,수질,2026-01-16,3340000,부산광역시 사하구
에스아이홀푸드,부산광역시,사하구,부산광역시 사하구 다대로1066번길 45,부산광역시 사하구 장림동 1081-7,35.078974,128.9565574,폐수배출허용기준 초과 총질소(T-N) 67.09㎎/L(기준 60㎎/L),051-000-0000,,수질,2026-01-16,3340000,부산광역시 사하구
씨케이글로벌㈜,부산광역시,사하구,부산광역시 사하구 다산로225번길 51,부산광역시 사하구 장림동 1087-20,35.07579125,128.9525776,폐수배출허용기준 초과 총질소(T-N) 67.09㎎/L(기준 60㎎/L),051-266-4418,,수질,2026-01-16,3340000,부산광역시 사하구
신성피혁(1공장),부산광역시,사하구,부산광역시 사하구 다산로 268,부산광역시 사하구 장림동 1085-11,35.0765883546,128.9543843695,폐수배출허용기준 초과 총질소(T-N) 67.09㎎/L(기준 60㎎/L),051-000-0000,,수질,2026-01-16,3340000,부산광역시 사하구
㈜신협전자,부산광역시,사하구,부산광역시 사하구 신산북로33번길 13,부산광역시 사하구 신평동 363-3,35.09186065,128.9677036607,폐수배출허용기준 초과,051-000-0000,,수질,2026-01-16,3340000,부산광역시 사하구
㈜신화금속 제2공장,부산광역시,사하구,부산광역시 사하구 다산로105번길 13,부산광역시 사하구 다대동 1514-2,35.0623190276,128.9560392386,폐수배출시설 및 방지시설 운영일지 미작성,051-266-6404,,수질,2026-01-16,3340000,부산광역시 사하구
연일금속,부산광역시,사하구,부산광역시 사하구 다산로225번길 28,부산광역시 사하구 장림동 1088-8,35.0736905237,128.9535540496,폐수운영일지 미작성,051-000-0000,,수질,2026-01-16,3340000,부산광역시 사하구
호성산업사,부산광역시,사하구,부산광역시 사하구 하신중앙로3번길 20,부산광역시 사하구 장림동 865,35.0782297672,128.9625746389,폐수배출시설 변경신고 미이행,051-000-0000,,수질,2026-01-16,3340000,부산광역시 사하구
의료법인성신의료재단 다대수병원,부산광역시,사하구,부산광역시 사하구 다대로 565,부산광역시 사하구 다대동 769,35.05591868,128.9708486,폐수배출시설 및 방지시설 운영일지 미작성,051-260-1000,,수질,2026-01-16,3340000,부산광역시 사하구
남성주유소,부산광역시,사하구,부산광역시 사하구 하신중앙로 240,부산광역시 사하구 하단동 870-301,35.0999071723,128.9611318318,폐수배출시설 및 방지시설 운영일지 미작성,051-205-4631,,수질,2026-01-16,3340000,부산광역시 사하구
호성금속,부산광역시,사하구,부산광역시 사하구 다산로225번길 30,부산광역시 사하구 장림동 1088-7,35.0740433088,128.9537461841,폐수배출허용기준 초과 총유기탄소량(TOC) 96.4㎎/L(기준 75㎎/L) 시안함유량(CN) 2.82㎎/L(기준 1㎎/L),051-202-5146,,수질,2026-01-16,3340000,부산광역시 사하구
형제화학공업사,부산광역시,사하구,부산광역시 사하구 다산로225번길 25,부산광역시 사하구 장림동 1087-10,35.0735953,128.9531492,폐수배출허용기준 초과 총유기탄소량(TOC) 96.4㎎/L(기준 75㎎/L),051-262-8479,,수질,2026-01-16,3340000,부산광역시 사하구
한성산업,부산광역시,사하구,부산광역시 사하구 다산로225번길 30,부산광역시 사하구 장림동 1088-7,35.0740433088,128.9537461841,폐수배출허용기준 초과 총유기탄소량(TOC) 96.4㎎/L(기준 75㎎/L) 시안함유량(CN) 2.82㎎/L(기준 1㎎/L),051-905-9880,,수질,2026-01-16,3340000,부산광역시 사하구
태원산업,부산광역시,사하구,부산광역시 사하구 다산로 232,부산광역시 사하구 장림동 1089-6,35.0734978556,128.9556888999,폐수배출허용기준 초과 총유기탄소량(TOC) 96.4㎎/L(기준 75㎎/L),051-000-0000,,수질,2026-01-16,3340000,부산광역시 사하구
태양금속,부산광역시,사하구,부산광역시 사하구 다산로 240,부산광역시 사하구 장림동 1089-5,35.0746001101,128.9562806333,폐수배출허용기준 초과 총유기탄소량(TOC) 96.4㎎/L(기준 75㎎/L),051-000-0000,,수질,2026-01-16,3340000,부산광역시 사하구
태성산업,부산광역시,사하구,부산광역시 사하구 다산로225번길 30,부산광역시 사하구 장림동 1088-7,35.0740433088,128.9537461841,폐수배출허용기준 초과 총유기탄소량(TOC) 96.4㎎/L(기준 75㎎/L),051-263-9977,,수질,2026-01-16,3340000,부산광역시 사하구
코아트라인,부산광역시,사하구,부산광역시 사하구 다산로225번길 24,부산광역시 사하구 장림동 1088-9,35.0736112837,128.9537329,폐수배출허용기준 초과 총유기탄소량(TOC) 96.4㎎/L(기준 75㎎/L),051-261-4401,,수질,2026-01-16,3340000,부산광역시 사하구
진흥테크㈜,부산광역시,사하구,부산광역시 사하구 다산로225번길 34,부산광역시 사하구 장림동 1088-6,35.0743929,128.953527,폐수배출허용기준 초과 총유기탄소량(TOC) 96.4㎎/L(기준 75㎎/L),051-262-8812,,수질,2026-01-16,3340000,부산광역시 사하구
진성금속,부산광역시,사하구,부산광역시 사하구 다산로225번길 13,부산광역시 사하구 장림동 1087-15,35.07258162,128.9533875988,폐수배출허용기준 초과 총유기탄소량(TOC) 96.4㎎/L(기준 75㎎/L) 시안함유량(CN) 2.82㎎/L(기준 1㎎/L),051-000-0000,,수질,2026-01-16,3340000,부산광역시 사하구
원테크,부산광역시,사하구,부산광역시 사하구 다산로 254,부산광역시 사하구 장림동 1089,35.0755786203,128.9549274,폐수배출허용기준 초과 총유기탄소량(TOC) 96.4㎎/L(기준 75㎎/L),051-961-0013,,수질,2026-01-16,3340000,부산광역시 사하구
써테크씨앤피 장림지점,부산광역시,사하구,부산광역시 사하구 다산로 254,부산광역시 사하구 장림동 1089,35.0755786203,128.9549274,폐수배출허용기준 초과 총유기탄소량(TOC) 96.4㎎/L(기준 75㎎/L) 시안함유량(CN) 2.82㎎/L(기준 1㎎/L),051-000-0000,,수질,2026-01-16,3340000,부산광역시 사하구
주식회사 더존테크,부산광역시,사하구,부산광역시 사하구 다산로225번길 46,부산광역시 사하구 장림동 1088-2,35.07545932,128.9530503121,폐수배출허용기준 초과 총유기탄소량(TOC) 96.4㎎/L(기준 75㎎/L),051-000-0000,,수질,2026-01-16,3340000,부산광역시 사하구
제일금속,부산광역시,사하구,부산광역시 사하구 다산로225번길 30,부산광역시 사하구 장림동 1088-7,35.0740433088,128.9537461841,폐수배출허용기준 초과 총유기탄소량(TOC) 96.4㎎/L(기준 75㎎/L) 시안함유량(CN) 2.82㎎/L(기준 1㎎/L),051-000-0000,,수질,2026-01-16,3340000,부산광역시 사하구
일호금속,부산광역시,사하구,부산광역시 사하구 다산로225번길 31,부산광역시 사하구 장림동 1087-8,35.07407893,128.9529851265,폐수배출허용기준 초과 총유기탄소량(TOC) 96.4㎎/L(기준 75㎎/L) 시안함유량(CN) 2.82㎎/L(기준 1㎎/L),051-000-0000,,수질,2026-01-16,3340000,부산광역시 사하구
유성금속,부산광역시,사하구,부산광역시 사하구 다산로225번길 27,부산광역시 사하구 장림동 1087-9,35.07383712,128.9531578709,폐수배출허용기준 초과 총유기탄소량(TOC) 96.4㎎/L(기준 75㎎/L) 시안함유량(CN) 2.82㎎/L(기준 1㎎/L),051-000-0000,,수질,2026-01-16,3340000,부산광역시 사하구
위너택,부산광역시,사하구,부산광역시 사하구 다산로225번길 8,부산광역시 사하구 장림동 1088-14,35.0728767718,128.95424,폐수배출허용기준 초과 총유기탄소량(TOC) 96.4㎎/L(기준 75㎎/L) 시안함유량(CN) 2.82㎎/L(기준 1㎎/L),051-263-1628,,수질,2026-01-16,3340000,부산광역시 사하구
우창금속,부산광역시,사하구,부산광역시 사하구 다산로 250,부산광역시 사하구 장림동 1089-1,35.0749804303,128.9552237547,폐수배출허용기준 초과 총유기탄소량(TOC) 96.4㎎/L(기준 75㎎/L) 시안함유량(CN) 2.82㎎/L(기준 1㎎/L),051-000-0000,,수질,2026-01-16,3340000,부산광역시 사하구
우성연마,부산광역시,사하구,부산광역시 사하구 다산로 250,부산광역시 사하구 장림동 1089-1,35.0749804303,128.9552237547,폐수배출허용기준 초과 총유기탄소량(TOC) 96.4㎎/L(기준 75㎎/L),051-000-0000,,수질,2026-01-16,3340000,부산광역시 사하구
우경금속,부산광역시,사하구,부산광역시 사하구 다산로225번길 27,부산광역시 사하구 장림동 1087-9,35.07383712,128.9531578709,폐수배출허용기준 초과 총유기탄소량(TOC) 96.4㎎/L(기준 75㎎/L),051-266-1891,,수질,2026-01-16,3340000,부산광역시 사하구
영광사,부산광역시,사하구,부산광역시 사하구 다산로 250,부산광역시 사하구 장림동 1089-1,35.0749804303,128.9552237547,폐수배출허용기준 초과 총유기탄소량(TOC) 96.4㎎/L(기준 75㎎/L) 시안함유량(CN) 2.82㎎/L(기준 1㎎/L),051-262-6373,,수질,2026-01-16,3340000,부산광역시 사하구
연일금속,부산광역시,사하구,부산광역시 사하구 다산로225번길 28,부산광역시 사하구 장림동 1088-8,35.0736905237,128.9535540496,폐수배출허용기준 초과 총유기탄소량(TOC) 96.4㎎/L(기준 75㎎/L) 시안함유량(CN) 2.82㎎/L(기준 1㎎/L),051-000-0000,,수질,2026-01-16,3340000,부산광역시 사하구
해양산업명판,부산광역시,사하구,부산광역시 사하구 장평로15번길 14,부산광역시 사하구 장림동 525-9,35.06873639,128.9747974544,환경기술인 교육 미이수(폐수 위탁면제 과정),051-265-8522,,수질,2026-01-16,3340000,부산광역시 사하구
주식회사 서문,부산광역시,사하구,부산광역시 사하구 다대로1066번길 47,부산광역시 사하구 장림동 1081-9,35.0789803603,128.9568610057,환경기술인 교육 미이수,051-000-0000,,수질,2026-01-16,3340000,부산광역시 사하구
동흥,부산광역시,사하구,부산광역시 사하구 을숙도대로569번길 13,부산광역시 사하구 신평동 370-59,35.0867215832,128.9664121361,환경기술인 교육 미이수(2차),051-203-7880,,수질,2026-01-16,3340000,부산광역시 사하구
㈜유노테크,부산광역시,사하구,부산광역시 사하구 감천항로176번길 29,부산광역시 사하구 구평동 253-1,35.0787275433,128.9892225,폐수배출허용기준 초과구리 및 그 화합물 6.764mg/L(기준 3mg/L),051-264-8981,,수질,2026-01-16,3340000,부산광역시 사하구
기성전선㈜,부산광역시,사하구,부산광역시 사하구 장평로 219,부산광역시 사하구 신평동 531,35.0857385493,128.9722042206,폐수운영일지 미작성,051-203-1451,,수질,2026-01-16,3340000,부산광역시 사하구
대우제약㈜,부산광역시,사하구,부산광역시 사하구 다대로 153,부산광역시 사하구 신평동 579,35.08903756,128.9779444071,폐수배출허용기준 초과+총유기탄소량(TOC) 83.6㎎/L(기준 75㎎/L),051-204-3831,,수질,2026-01-16,3340000,부산광역시 사하구
대우제약㈜,부산광역시,사하구,부산광역시 사하구 다대로 153,부산광역시 사하구 신평동 579,35.08903756,128.9779444071,폐수배출허용기준 초과+총유기탄소량(TOC) 122.1㎎/L(기준 75㎎/L)+부유물질량(SS) 238.3㎎/L(기준 120㎎/L),051-204-3831,,수질,2026-01-16,3340000,부산광역시 사하구
의료법인 양경의료재단,부산광역시,사하구,부산광역시 사하구 감천로 59,부산광역시 사하구 감천동 713-5,35.0905940475,128.9990944967,폐수배출시설 운영일지(위탁처리 관련) 미작성,051-000-0000,,수질,2026-01-16,3340000,부산광역시 사하구
㈜성운,부산광역시,사하구,부산광역시 사하구 암남공원로 477,부산광역시 사하구 감천동 354,35.0807795655,129.0067448933,폐수배출시설 운영일지 허위기재,051-266-1373,,수질,2026-01-16,3340000,부산광역시 사하구
해수산,부산광역시,사하구,부산광역시 사하구 다산로225번길 49,부산광역시 사하구 장림동 1087-21,35.0755646085,128.9525045922,폐수배출시설 운영일지 미작성,051-000-0000,,수질,2026-01-16,3340000,부산광역시 사하구
성창사,부산광역시,사하구,부산광역시 사하구 다산로 230,부산광역시 사하구 장림동 1089-7,35.07365303,128.955885,폐수배출시설 변경신고 미이행,051-000-0000,,수질,2026-01-16,3340000,부산광역시 사하구
대경화학㈜,부산광역시,사하구,부산광역시 사하구 다산로226번길 33,부산광역시 사하구 장림동 1089-3,35.0749138958,128.9558352,폐수배출시설 변경신고 미이행,051-263-1490,,수질,2026-01-16,3340000,부산광역시 사하구
훼미리식품(주)부산공장,부산광역시,사하구,부산광역시 사하구 하신중앙로 175,부산광역시 사하구 신평동 646,35.09418276,128.9620466845,폐수운영일지 거짓 작성,051-000-0000,,수질,2026-01-16,3340000,부산광역시 사하구
㈜가남환경,부산광역시,사하구,부산광역시 사하구 다산로208번길 42,부산광역시 사하구 장림동 914-36,35.0718407,128.9599535075,폐수배출시설 및 방지시설 운영일지 미작성,051-000-0000,,수질,2026-01-16,3340000,부산광역시 사하구
정공사,부산광역시,사하구,부산광역시 사하구 보덕포1길 108,부산광역시 사하구 장림동 910-3,35.07173304,128.9620481,폐수배출시설 및 방지시설 운영일지 미작성,051-000-0000,,수질,2026-01-16,3340000,부산광역시 사하구
사하구청 신평차고지,부산광역시,사하구,부산광역시 사하구 신산로 55,부산광역시 사하구 신평동 370-4,35.0903303813,128.9616186329,폐수를 방지시설에 유입하지 아니하고 배출,051-000-0000,,수질,2026-01-16,3340000,부산광역시 사하구
신도플라텍㈜,부산광역시,사하구,부산광역시 사하구 다산로225번길 28,부산광역시 사하구 장림동 1088-8,35.0736905237,128.9535540496,미신고 폐수배출시설 설치·운영,051-000-0000,,수질,2026-01-16,3340000,부산광역시 사하구
혜인씨푸드,부산광역시,사하구,부산광역시 사하구 다산로225번길 52,부산광역시 사하구 장림동 1086-10,35.0760722511,128.9532710054,폐수운영일지 미작성,051-000-0000,,수질,2026-01-16,3340000,부산광역시 사하구
한신모방㈜,부산광역시,사하구,부산광역시 사하구 하신번영로107번길 2,부산광역시 사하구 신평동 651-7,35.0924424714,128.959597931,폐수배출시설 변경신고 미이행,051-000-0000,,수질,2026-01-16,3340000,부산광역시 사하구
극동염직(주),부산광역시,사하구,부산광역시 사하구 신산로 32,부산광역시 사하구 신평동 657-2,35.0891080178,128.9587145839,폐수를 방지시설에 유입하지 아니하고 배출,051-000-0000,,수질,2026-01-16,3340000,부산광역시 사하구
㈜오토패밀리,부산광역시,사하구,부산광역시 사하구 다대로 361,부산광역시 사하구 장림동 506-1,35.07017354,128.9776778693,환경기술인 교육 미이수,051-000-0000,,수질,2026-01-16,3340000,부산광역시 사하구
동흥,부산광역시,사하구,부산광역시 사하구 을숙도대로569번길 13,부산광역시 사하구 신평동 370-59,35.0867215832,128.9664121361,환경기술인 교육 미이수,051-203-7880,,수질,2026-01-16,3340000,부산광역시 사하구
㈜써테크씨앤피장림지점,부산광역시,사하구,부산광역시 사하구 다산로 254,부산광역시 사하구 장림동 1089,35.0755786203,128.9549274,환경기술인 교육 미이수,051-000-0000,,수질,2026-01-16,3340000,부산광역시 사하구
아진일렉트론3공장,부산광역시,사하구,부산광역시 사하구 다산로225번길 19,부산광역시 사하구 장림동 1087-12,35.0730294619,128.9534276837,폐수배출허용기준 재초과,051-000-0000,,수질,2026-01-16,3340000,부산광역시 사하구
부산장림표면처리사업협동조합,부산광역시,사하구,부산광역시 사하구 다산로 246,부산광역시 사하구 장림동 1089-2,35.07515636,128.955502613,폐수배출허용기준 재초과,051-264-3430,,수질,2026-01-16,3340000,부산광역시 사하구
평길그린워터,부산광역시,사하구,부산광역시 사하구 감천항로 517,부산광역시 사하구 구평동 494-3,35.04881489,128.9993591,폐수배출시설 변경허가 미이행,051-265-8824,,수질,2026-01-16,3340000,부산광역시 사하구
평길그린워터,부산광역시,사하구,부산광역시 사하구 감천항로 517,부산광역시 사하구 구평동 494-3,35.04881489,128.9993591,폐수처리업의 폐수 배출허용기준 초과,051-265-8824,,수질,2026-01-16,3340000,부산광역시 사하구
㈜삼진네트,부산광역시,사하구,부산광역시 사하구 하신번영로 77,부산광역시 사하구 신평동 657-6,35.0895187376,128.9599883475,폐수운영일지 미작성,051-000-0000,,수질,2026-01-16,3340000,부산광역시 사하구
㈜정도참치,부산광역시,사하구,부산광역시 사하구 장평로83번길 20,부산광역시 사하구 장림동 581-1,35.0734066338,128.971703071,폐수배출시설 및 방지시설 운영일지 미작성,051-000-0000,,수질,2026-01-16,3340000,부산광역시 사하구
㈜보람식품,부산광역시,사하구,부산광역시 사하구 다대로1066번길 34,부산광역시 사하구 장림동 1085-4,35.077347675,128.9552186383,폐수배출허용기준 초과·총인(T-P) 13.644㎎/L(기준 8㎎/L),051-000-0000,,수질,2026-01-16,3340000,부산광역시 사하구
세정식품,부산광역시,사하구,부산광역시 사하구 다대로1066번길 32,부산광역시 사하구 장림동 1085-2,35.07790794,128.9551182254,폐수배출허용기준 초과·총인(T-P) 13.644㎎/L(기준 8㎎/L),051-633-0019,,수질,2026-01-16,3340000,부산광역시 사하구
㈜부산식품 장림공장,부산광역시,사하구,부산광역시 사하구 다대로1066번길 24,부산광역시 사하구 장림동 1085,35.0780334074,128.954200467,폐수배출허용기준 초과·총인(T-P) 13.644㎎/L(기준 8㎎/L),051-247-3231,,수질,2026-01-16,3340000,부산광역시 사하구
㈜효성어묵,부산광역시,사하구,부산광역시 사하구 다대로1066번길 40,부산광역시 사하구 장림동 1084-2,35.0769373409,128.9558847879,폐수배출허용기준 초과·총인(T-P) 13.644㎎/L(기준 8㎎/L),1661-2528,,수질,2026-01-16,3340000,부산광역시 사하구
(주)남청(1공장),부산광역시,사하구,부산광역시 사하구 다대로1066번길 42,부산광역시 사하구 장림동 1084-1,35.0779020813,128.9559900385,폐수배출허용기준 초과·총인(T-P) 13.644㎎/L(기준 8㎎/L),051-290-3100,,수질,2026-01-16,3340000,부산광역시 사하구
해나라수산,부산광역시,사하구,부산광역시 사하구 다대로1066번길 50,부산광역시 사하구 장림동 1084,35.07845903,128.9568996,폐수배출허용기준 초과·총인(T-P) 13.644㎎/L(기준 8㎎/L),051-000-0000,,수질,2026-01-16,3340000,부산광역시 사하구
㈜복주,부산광역시,사하구,부산광역시 사하구 다대로1066번길 43,부산광역시 사하구 장림동 1082-7,35.0800188198,128.9580711113,폐수배출허용기준 초과·총인(T-P) 13.644㎎/L(기준 8㎎/L),051-262-2088,,수질,2026-01-16,3340000,부산광역시 사하구
㈜대광에프앤씨,부산광역시,사하구,부산광역시 사하구 다대로1066번길 61,부산광역시 사하구 장림동 1082-6,35.07925956,128.9580133034,폐수배출허용기준 초과·총인(T-P) 13.644㎎/L(기준 8㎎/L),051-263-7797,,수질,2026-01-16,3340000,부산광역시 사하구
(주)등대식품,부산광역시,사하구,부산광역시 사하구 다대로1066번길 59,부산광역시 사하구 장림동 1082-5,35.0792220239,128.9578176838,폐수배출허용기준 초과·총인(T-P) 13.644㎎/L(기준 8㎎/L),051-900-6410,,수질,2026-01-16,3340000,부산광역시 사하구
㈜맛뜰안식품,부산광역시,사하구,부산광역시 사하구 다대로1066번길 55,부산광역시 사하구 장림동 1082-3,35.0801333472,128.957441403,폐수배출허용기준 초과·총인(T-P) 13.644㎎/L(기준 8㎎/L),051-265-8537,,수질,2026-01-16,3340000,부산광역시 사하구
(주)태성물산,부산광역시,사하구,부산광역시 사하구 장림로93번길 19,부산광역시 사하구 장림동 1082-2,35.08060669,128.9576888161,폐수배출허용기준 초과·총인(T-P) 13.644㎎/L(기준 8㎎/L),051-261-9843,,수질,2026-01-16,3340000,부산광역시 사하구
(주)현대에프앤씨,부산광역시,사하구,부산광역시 사하구 장림로93번길 21,부산광역시 사하구 장림동 1082-1,35.08072209,128.9578842539,폐수배출허용기준 초과·총인(T-P) 13.644㎎/L(기준 8㎎/L),051-000-0000,,수질,2026-01-16,3340000,부산광역시 사하구
㈜세윤식품,부산광역시,사하구,부산광역시 사하구 다대로1066번길 41-1,부산광역시 사하구 장림동 1081-12,35.07893546,128.9555329,폐수배출허용기준 초과·총인(T-P) 13.644㎎/L(기준 8㎎/L),051-203-5510,,수질,2026-01-16,3340000,부산광역시 사하구
㈜블루씨푸드 부산공장,부산광역시,사하구,부산광역시 사하구 다대로1066번길 41,부산광역시 사하구 장림동 1081-11,35.07876335,128.9558112,폐수배출허용기준 초과·총인(T-P) 13.644㎎/L(기준 8㎎/L),051-262-7204,,수질,2026-01-16,3340000,부산광역시 사하구
해맑은식품㈜,부산광역시,사하구,부산광역시 사하구 다대로1066번길 53,부산광역시 사하구 장림동 1081-10,35.07976974,128.9566134773,폐수배출허용기준 초과·총인(T-P) 13.644㎎/L(기준 8㎎/L),051-266-0808,,수질,2026-01-16,3340000,부산광역시 사하구
(주)일진에이엔씨,부산광역시,사하구,부산광역시 사하구 다대로1066번길 47,부산광역시 사하구 장림동 1081-9,35.07896891,128.9568610057,폐수배출허용기준 초과·총인(T-P) 13.644㎎/L(기준 8㎎/L),051-261-9155,,수질,2026-01-16,3340000,부산광역시 사하구
(주)대진물산(2공장),부산광역시,사하구,부산광역시 사하구 다대로1066번길 47,부산광역시 사하구 장림동 1081-9,35.0789803603,128.9568610057,폐수배출허용기준 초과·총인(T-P) 13.644㎎/L(기준 8㎎/L),051-263-5595,,수질,2026-01-16,3340000,부산광역시 사하구
(주)에스아이홀푸드,부산광역시,사하구,부산광역시 사하구 다대로1066번길 45,부산광역시 사하구 장림동 1081-7,35.078974,128.9565574,폐수배출허용기준 초과·총인(T-P) 13.644㎎/L(기준 8㎎/L),051-000-0000,,수질,2026-01-16,3340000,부산광역시 사하구
삼진식품㈜,부산광역시,사하구,부산광역시 사하구 다대로1066번길 51,부산광역시 사하구 장림동 1081-4,35.0794929,128.9567218564,폐수배출허용기준 초과·총인(T-P) 13.644㎎/L(기준 8㎎/L),051-412-5468,,수질,2026-01-16,3340000,부산광역시 사하구
미도식품,부산광역시,사하구,부산광역시 사하구 장림로93번길 23,부산광역시 사하구 장림동 1081-3,35.0805031716,128.9570689508,폐수배출허용기준 초과·총인(T-P) 13.644㎎/L(기준 8㎎/L),051-261-4910,,수질,2026-01-16,3340000,부산광역시 사하구
㈜지앤비푸드,부산광역시,사하구,부산광역시 사하구 장림로93번길 37,부산광역시 사하구 장림동 1081-1,35.080129844,128.9557209217,폐수배출허용기준 초과·총인(T-P) 13.644㎎/L(기준 8㎎/L),051-264-3335,,수질,2026-01-16,3340000,부산광역시 사하구
(사)부산어묵전략사업단,부산광역시,사하구,부산광역시 사하구 장림로93번길 43,부산광역시 사하구 장림동 1081,35.0799754731,128.9550614406,폐수배출허용기준 초과·총인(T-P) 13.644㎎/L(기준 8㎎/L),051-902-7004,,수질,2026-01-16,3340000,부산광역시 사하구
부산수산물가공특화사업협동조합,부산광역시,사하구,부산광역시 사하구 장림로 89,부산광역시 사하구 장림동 1082,35.0808785251,128.9588346,폐수배출허용기준 초과·총인(T-P) 13.644㎎/L(기준 8㎎/L),051-264-3773,,수질,2026-01-16,3340000,부산광역시 사하구
부산수산물가공특화사업협동조합,부산광역시,사하구,부산광역시 사하구 장림로 89,부산광역시 사하구 장림동 1082,35.0808785251,128.9588346,수질오염방지시설 변경신고 미이행+스크린조(9.6㎥x2기)변경신고 하지 않고 폐쇄,051-264-3773,,수질,2026-01-16,3340000,부산광역시 사하구
㈜경기색소,부산광역시,사하구,부산광역시 사하구 을숙도대로 526,부산광역시 사하구 신평동 370-39,35.0847087203,128.962957143,폐수배출시설 변경신고 미이행(신규오염물질 검출 바륨·자일렌),051-262-0268,,수질,2026-01-16,3340000,부산광역시 사하구
합성염색공업사,부산광역시,사하구,부산광역시 사하구 하신번영로107번길 8,부산광역시 사하구 신평동 651-6,35.09230282,128.9588095,폐수 일지 미작성,051-201-0754,,수질,2026-01-16,3340000,부산광역시 사하구
㈜경기색소,부산광역시,사하구,부산광역시 사하구 을숙도대로 526,부산광역시 사하구 신평동 370-39,35.0847087203,128.962957143,폐수배출허용기준 초과+생물화학적산소요구량(BOD) 129.6㎎/L (기준 120㎎/L),051-262-0268,,수질,2026-01-16,3340000,부산광역시 사하구
(주)산양종합개발,부산광역시,사하구,,부산광역시 사하구 다대동 산31-6,35.0695460133,128.9589131244,비산먼지발생 억제를 위한 조치 미이행,051-000-0000,,대기,2026-01-16,3340000,부산광역시 사하구
대양산업[임차 대호수산],부산광역시,사하구,부산광역시 사하구 다산로225번길 55,부산광역시 사하구 장림동 1087-22,35.0763126283,128.9525531126,폐수배출허용기준 초과·총인(T-P) 13.644㎎/L(기준 8㎎/L),051-000-0000,,수질,2026-01-16,3340000,부산광역시 사하구
해수산,부산광역시,사하구,부산광역시 사하구 다산로225번길 49,부산광역시 사하구 장림동 1087-21,35.0755646085,128.9525045922,폐수배출허용기준 초과·총인(T-P) 13.644㎎/L(기준 8㎎/L),051-000-0000,,수질,2026-01-16,3340000,부산광역시 사하구
씨케이글로벌㈜,부산광역시,사하구,부산광역시 사하구 다산로225번길 51,부산광역시 사하구 장림동 1087-20,35.07579125,128.9525776,폐수배출허용기준 초과·총인(T-P) 13.644㎎/L(기준 8㎎/L),051-266-4418,,수질,2026-01-16,3340000,부산광역시 사하구
삼원시푸드,부산광역시,사하구,부산광역시 사하구 다산로225번길 51,부산광역시 사하구 장림동 1087-20,35.07579125,128.9525776,폐수배출허용기준 초과·총인(T-P) 13.644㎎/L(기준 8㎎/L),051-264-3800,,수질,2026-01-16,3340000,부산광역시 사하구
한양식품(주) 장림지점,부산광역시,사하구,부산광역시 사하구 다산로225번길 59,부산광역시 사하구 장림동 1087-18,35.0769427196,128.9524314275,폐수배출허용기준 초과·총인(T-P) 13.644㎎/L(기준 8㎎/L),051-262-6697,,수질,2026-01-16,3340000,부산광역시 사하구
청구수산,부산광역시,사하구,부산광역시 사하구 다산로225번길 63,부산광역시 사하구 장림동 1087-17,35.07701226,128.9522598,폐수배출허용기준 초과·총인(T-P) 13.644㎎/L(기준 8㎎/L),051-000-0000,,수질,2026-01-16,3340000,부산광역시 사하구
정인수산,부산광역시,사하구,부산광역시 사하구 다산로225번길 63,부산광역시 사하구 장림동 1087-17,35.07701226,128.9522598,폐수배출허용기준 초과·총인(T-P) 13.644㎎/L(기준 8㎎/L),051-000-0000,,수질,2026-01-16,3340000,부산광역시 사하구
㈜서종산업,부산광역시,사하구,부산광역시 사하구 다산로225번길 67,부산광역시 사하구 장림동 1087-16,35.0771355333,128.9523612585,폐수배출허용기준 초과·총인(T-P) 13.644㎎/L(기준 8㎎/L),051-266-0242,,수질,2026-01-16,3340000,부산광역시 사하구
㈜선일물산,부산광역시,사하구,부산광역시 사하구 다대로1066번길 6,부산광역시 사하구 장림동 1087-2,35.07750875,128.9520978734,폐수배출허용기준 초과·총인(T-P) 13.644㎎/L(기준 8㎎/L),051-261-4949,,수질,2026-01-16,3340000,부산광역시 사하구
동진수산,부산광역시,사하구,부산광역시 사하구 다산로 265,부산광역시 사하구 장림동 1086-14,35.0759564,128.9539283,폐수배출허용기준 초과·총인(T-P) 13.644㎎/L(기준 8㎎/L),051-000-0000,,수질,2026-01-16,3340000,부산광역시 사하구
㈜마린푸드,부산광역시,사하구,부산광역시 사하구 다산로 265,부산광역시 사하구 장림동 1086-14,35.0759564,128.9539283,폐수배출허용기준 초과·총인(T-P) 13.644㎎/L(기준 8㎎/L),051-263-7681,,수질,2026-01-16,3340000,부산광역시 사하구
경지복수산,부산광역시,사하구,부산광역시 사하구 다산로 263,부산광역시 사하구 장림동 1086-13,35.0758266776,128.9537127402,폐수배출허용기준 초과·총인(T-P) 13.644㎎/L(기준 8㎎/L),051-722-0662,,수질,2026-01-16,3340000,부산광역시 사하구
㈜퍼플오션,부산광역시,사하구,부산광역시 사하구 다산로225번길 52,부산광역시 사하구 장림동 1086-10,35.0760722511,128.9532710054,폐수배출허용기준 초과·총인(T-P) 13.644㎎/L(기준 8㎎/L),051-923-1784,,수질,2026-01-16,3340000,부산광역시 사하구
㈜수정씨푸드,부산광역시,사하구,부산광역시 사하구 다산로225번길 52,부산광역시 사하구 장림동 1086-10,35.0760722511,128.9532710054,폐수배출허용기준 초과·총인(T-P) 13.644㎎/L(기준 8㎎/L),051-262-1644,,수질,2026-01-16,3340000,부산광역시 사하구
㈜제이에스산업,부산광역시,사하구,부산광역시 사하구 다산로 267,부산광역시 사하구 장림동 1086-9,35.0763529178,128.9541411997,폐수배출허용기준 초과·총인(T-P) 13.644㎎/L(기준 8㎎/L),051-266-0060,,수질,2026-01-16,3340000,부산광역시 사하구
우영수산㈜,부산광역시,사하구,부산광역시 사하구 다산로 271,부산광역시 사하구 장림동 1086-8,35.0765580124,128.9535551104,폐수배출허용기준 초과·총인(T-P) 13.644㎎/L(기준 8㎎/L),051-000-0000,,수질,2026-01-16,3340000,부산광역시 사하구
(주)정원화학,부산광역시,사하구,부산광역시 사하구 다산로225번길 56,부산광역시 사하구 장림동 1086-7,35.07634265,128.9530174847,폐수배출허용기준 초과·총인(T-P) 13.644㎎/L(기준 8㎎/L),051-000-0000,,수질,2026-01-16,3340000,부산광역시 사하구
㈜송림수산,부산광역시,사하구,부산광역시 사하구 다산로225번길 58,부산광역시 사하구 장림동 1086-6,35.07673912,128.9530034,폐수배출허용기준 초과·총인(T-P) 13.644㎎/L(기준 8㎎/L),051-261-0216,,수질,2026-01-16,3340000,부산광역시 사하구
(주)유림수산유통,부산광역시,사하구,부산광역시 사하구 다산로225번길 58,부산광역시 사하구 장림동 1086-6,35.07673912,128.9530034,폐수배출허용기준 초과·총인(T-P) 13.644㎎/L(기준 8㎎/L),051-261-0216,,수질,2026-01-16,3340000,부산광역시 사하구
㈜대마상사,부산광역시,사하구,부산광역시 사하구 다산로225번길 66,부산광역시 사하구 장림동 1086-4,35.0772028533,128.9527044,폐수배출허용기준 초과·총인(T-P) 13.644㎎/L(기준 8㎎/L),051-000-0000,,수질,2026-01-16,3340000,부산광역시 사하구
㈜늘푸른바다,부산광역시,사하구,부산광역시 사하구 다산로 277,부산광역시 사하구 장림동 1086-3,35.07752903,128.9533486045,폐수배출허용기준 초과·총인(T-P) 13.644㎎/L(기준 8㎎/L),051-266-2395,,수질,2026-01-16,3340000,부산광역시 사하구
제일식품,부산광역시,사하구,부산광역시 사하구 다산로 276,부산광역시 사하구 장림동 1085-5,35.0775033123,128.9543578509,폐수배출허용기준 초과·총인(T-P) 13.644㎎/L(기준 8㎎/L),051-000-0000,,수질,2026-01-16,3340000,부산광역시 사하구
신성피혁,부산광역시,사하구,부산광역시 사하구 다산로 268,부산광역시 사하구 장림동 1085-11,35.0765883546,128.9543843695,폐수배출허용기준 초과·총인(T-P) 13.644㎎/L(기준 8㎎/L),051-000-0000,,수질,2026-01-16,3340000,부산광역시 사하구
대양식품,부산광역시,사하구,부산광역시 사하구 다산로 272,부산광역시 사하구 장림동 1085-10,35.0770084144,128.9547524224,폐수배출허용기준 초과·총인(T-P) 13.644㎎/L(기준 8㎎/L),051-000-0000,,수질,2026-01-16,3340000,부산광역시 사하구
화신피혁,부산광역시,사하구,부산광역시 사하구 다산로 270,부산광역시 사하구 장림동 1085-9,35.07682179,128.9548174162,폐수배출허용기준 초과·총인(T-P) 13.644㎎/L(기준 8㎎/L),051-000-0000,,수질,2026-01-16,3340000,부산광역시 사하구
(주)대림씨푸드,부산광역시,사하구,부산광역시 사하구 다대로1066번길 38,부산광역시 사하구 장림동 1085-8,35.07669362,128.955261459,폐수배출허용기준 초과·총인(T-P) 13.644㎎/L(기준 8㎎/L),051-000-0000,,수질,2026-01-16,3340000,부산광역시 사하구
(주)에스엔에스식품,부산광역시,사하구,부산광역시 사하구 다대로1066번길 38,부산광역시 사하구 장림동 1085-8,35.07669362,128.955261459,폐수배출허용기준 초과·총인(T-P) 13.644㎎/L(기준 8㎎/L),051-000-0000,,수질,2026-01-16,3340000,부산광역시 사하구
케이투(K2)레포츠,부산광역시,사하구,부산광역시 사하구 하신중앙로3번다길 3-6,부산광역시 사하구 장림동 961-3,35.07715498,128.9605489,미신고 대기배출시설 설치·운영,051-000-0000,,대기,2026-01-16,3340000,부산광역시 사하구
디와이(DY)조선,부산광역시,사하구,부산광역시 사하구 다대로605번길 41,부산광역시 사하구 다대동 380-2,35.0527104636,128.9753661689,비산먼지 발생사업 미신고,051-000-0000,,대기,2026-01-16,3340000,부산광역시 사하구
㈜부영개발,부산광역시,사하구,부산광역시 사하구 다산로208번길 44,부산광역시 사하구 장림동 914-8,35.0719332959,128.9607383516,비산먼지발생 억제를 위한 조치 미이행,051-265-3640,,대기,2026-01-16,3340000,부산광역시 사하구
지에스칼텍스(주)다대주유소,부산광역시,사하구,부산광역시 사하구 다대로 377,부산광역시 사하구 장림동 506-12,35.06917039,128.9782695732,압력감쇄 누설검사 기준미달 2기,051-000-0000,,대기,2026-01-16,3340000,부산광역시 사하구
㈜지오에너지 새마당주유소,부산광역시,사하구,부산광역시 사하구 장평로 152,부산광역시 사하구 장림동 334-6,35.07980836,128.9729370393,유증기 회수율 검사 기준미달 2기,051-000-0000,,대기,2026-01-16,3340000,부산광역시 사하구
성창기업,부산광역시,사하구,부산광역시 사하구 다대로 627,부산광역시 사하구 다대동 380,35.0506138959,128.9720681234,측정기기의 운영관리기준 미준수,051-260-3333,,대기,2026-01-16,3340000,부산광역시 사하구
케이피싱,부산광역시,사하구,부산광역시 사하구 하신중앙로3번다길 19,부산광역시 사하구 장림동 975-54,35.07734458,128.9607616,미신고 대기배출시설 설치·운영,051-000-0000,,대기,2026-01-16,3340000,부산광역시 사하구
㈜부광푸드,부산광역시,사하구,부산광역시 사하구 장림번영로 72,부산광역시 사하구 장림동 335-2,35.0800409618,128.9731598,대기배출허용기준 초과먼지 82.1 ㎎/S㎥(기준 30),051-262-8733,,대기,2026-01-16,3340000,부산광역시 사하구
신해종합건설(주),부산광역시,사하구,부산광역시 사하구 윤공단로17번길 43,부산광역시 사하구 다대동 948-3,35.05385037,128.9662672855,비산먼지 발생사업 미신고,051-000-0000,,대기,2026-01-16,3340000,부산광역시 사하구
삼정건설㈜,부산광역시,사하구,부산광역시 사하구 승학로3번길 47,부산광역시 사하구 하단동 510-15,35.1085489503,128.9676636,방진벽 일부 설치미흡,051-000-0000,,대기,2026-01-16,3340000,부산광역시 사하구
해양조선㈜,부산광역시,사하구,부산광역시 사하구 감천항로 153,부산광역시 사하구 구평동 178-11,35.0792642911,128.9905340679,비산먼지발생 억제를 위한 조치 미이행,051-265-8824,,대기,2026-01-16,3340000,부산광역시 사하구
해양조선㈜,부산광역시,사하구,부산광역시 사하구 감천항로 153,부산광역시 사하구 구평동 178-11,35.0792642911,128.9905340679,비산먼지발생 억제를 위한 조치 미이행,051-000-0000,,대기,2026-01-16,3340000,부산광역시 사하구
흥진엔지니어링,부산광역시,사하구,부산광역시 사하구 감천항로419번길 31,부산광역시 사하구 구평동 478-5,35.0542049051,128.9969797,대기자가측정 미이행,051-000-0000,,대기,2026-01-16,3340000,부산광역시 사하구
(주)홍산경금속,부산광역시,사하구,부산광역시 사하구 장평로 232,부산광역시 사하구 신평동 577,35.0867745418,128.9735230348,대기배출허용기준 초과  탄화수소(THC) 66.8ppm(기준 40ppm),051-201-4178,,대기,2026-01-16,3340000,부산광역시 사하구
㈜부광푸드,부산광역시,사하구,부산광역시 사하구 장림번영로 72,부산광역시 사하구 장림동 335-2,35.0800409618,128.9731598,방지시설에 딸린 기계·기구류의 고장 및 훼손 방치,051-262-8733,,대기,2026-01-16,3340000,부산광역시 사하구
거명종합건설㈜,부산광역시,사하구,부산광역시 사하구 낙동대로485번길 5,부산광역시 사하구 하단동 528-3,35.10741332,128.9669772,비산먼지 변경신고 미이행,051-000-0000,,대기,2026-01-16,3340000,부산광역시 사하구
(주)천일석유(대진주유소),부산광역시,사하구,부산광역시 사하구 낙동대로 339,부산광역시 사하구 괴정동 1123-8,35.1001956081,128.9798188978,유증기 회수율 검사 기준미달 1기(10120647),051-206-6489,,대기,2026-01-16,3340000,부산광역시 사하구
부산패션칼라산업협동조합,부산광역시,사하구,부산광역시 사하구 신산로13번길 33,부산광역시 사하구 신평동 642-5,35.0923907102,128.9559789638,대기배출시설 변경신고 미이행,051-200-0500,,대기,2026-01-16,3340000,부산광역시 사하구
평길그린워터,부산광역시,사하구,부산광역시 사하구 감천항로 517,부산광역시 사하구 구평동 494-3,35.04881489,128.9993591,방지시설에 딸린 기계·기구류의 고장 및 훼손 방치,051-265-8824,,대기,2026-01-16,3340000,부산광역시 사하구
진우종합목재상사,부산광역시,사하구,부산광역시 사하구 감천항로429번길 27,부산광역시 사하구 구평동 482-1,35.0533965317,128.9964013,대기배출시설 및 방지시설 운영일지 미작성,051-262-7256,,대기,2026-01-16,3340000,부산광역시 사하구
(주)홍산경금속,부산광역시,사하구,부산광역시 사하구 장평로 232,부산광역시 사하구 신평동 577,35.0867745418,128.9735230348,대기배출허용기준 초과 탄화수소(THC) 60.9ppm(기준 40ppm),051-201-4178,,대기,2026-01-16,3340000,부산광역시 사하구
동성FM,부산광역시,사하구,부산광역시 사하구 하신번영로 19,부산광역시 사하구 신평동 370-116,35.0842066,128.9584165335,환경기술인 교육 미이수,051-000-0000,,대기,2026-01-16,3340000,부산광역시 사하구
비앤더비주식회사,부산광역시,사하구,부산광역시 사하구 신산로29번길 25,부산광역시 사하구 신평동 650-4,35.0930146773,128.9586308457,자가측정결과 미제출,051-000-0000,,대기,2026-01-16,3340000,부산광역시 사하구
㈜동광화학,부산광역시,사하구,부산광역시 사하구 신산북로 21,부산광역시 사하구 신평동 470,35.0916290404,128.9668488223,폐수배출시설 변경신고 미이행(위탁처리업체),051-204-2621,,수질,2026-01-16,3340000,부산광역시 사하구
의료법인 성신의료재단 다대수병원,부산광역시,사하구,부산광역시 사하구 다대로 565,부산광역시 사하구 다대동 769,35.05591868,128.9708486,폐수배출시설 및 방지시설 운영일지 미작성,051-260-1000,,수질,2026-01-16,3340000,부산광역시 사하구
현우수산,부산광역시,사하구,부산광역시 사하구 다산로 261,부산광역시 사하구 장림동 1086-12,35.07580667,128.9535115,폐수배출허용기준 초과·총인(T-P) 13.644㎎/L(기준 8㎎/L),051-000-0000,,수질,2026-01-16,3340000,부산광역시 사하구
㈜서문,부산광역시,사하구,부산광역시 사하구 다대로1066번길 47,부산광역시 사하구 장림동 1081-9,35.0789803603,128.9568610057,폐수배출허용기준 초과·총인(T-P) 13.644㎎/L(기준 8㎎/L),051-000-0000,,수질,2026-01-16,3340000,부산광역시 사하구
㈜등푸른식품,부산광역시,사하구,부산광역시 사하구 다산로 265,부산광역시 사하구 장림동 1086-14,35.0759564,128.9539283,폐수배출허용기준 초과·총인(T-P) 13.644㎎/L(기준 8㎎/L),051-263-6363,,수질,2026-01-16,3340000,부산광역시 사하구
코오롱생명과학㈜충주공장,충청북도,충주시,충청북도 충주시 대소원면 기업도시1로 54,충청북도 충주시 대소원면 완오리 11-1,36.98162137,127.8621554,대기배출시설 변경신고 미이행(신고되지 않은 오염물질),043-841-7400,,대기,2026-01-01,4390000,충청북도 충주시
㈜디에스메탈,충청북도,충주시,충청북도 충주시 충주호수로 317,충청북도 충주시 용탄동 637-5,37.0183137,127.9511864,대기배출(방지)시설 고장방치,043-857-2250,,대기,2026-01-01,4390000,충청북도 충주시
일호자동차,서울특별시,서초구,서울특별시 서초구 사평대로 333-18,서울특별시 서초구 반포동 742-1,37.5039943536,127.0192952481,배출허용기준 초과,02-512-2628,,수질,2025-12-24,3210000,서울특별시 서초구
(의)청해의료제단 제일병원,서울특별시,서초구,서울특별시 서초구 서초대로 116,서울특별시 서초구 방배동 896-1,37.4878291518,126.9950526796,환경기술인 교육 미수료,02-586-5557,,수질,2025-12-24,3210000,서울특별시 서초구
서울21세기병원,서울특별시,서초구,서울특별시 서초구 서초중앙로 39,서울특별시 서초구 서초동 1602-8,37.4852789881,127.0157125282,변경신고 미이행,02-3489-8151,,수질,2025-12-24,3210000,서울특별시 서초구
국립한국해양대학교,부산광역시,영도구,부산광역시 영도구 태종로 727,,35.07440796,129.0873481,대기배출시설 및 폐수배출시설 변경신고 미이행,051-415-5558,,대기,2025-12-23,3280000,부산광역시 영도구
태종대온천주유소,부산광역시,영도구,부산광역시 영도구 태종로 806-1,,35.06467933,129.0804518,유증기회수설비 회수율 검사 부적합,051-405-2530,,대기,2025-12-23,3280000,부산광역시 영도구
㈜나부코직영우원주유소,부산광역시,영도구,부산광역시 영도구 태종로 181,,35.09493194,129.047733,유증기회수설비 회수율 검사 부적합,051-416-2233,,대기,2025-12-23,3280000,부산광역시 영도구
영도병원,부산광역시,영도구,부산광역시 영도구 태종로 85,,35.092242,129.0405264,폐수배출허용기준 초과,051-419-7662,,수질,2025-12-23,3280000,부산광역시 영도구
청학소형자동차,부산광역시,영도구,부산광역시 영도구 와치로 112-6,,35.08436975,129.0618676,대기배출시설 설치신고 미이행,051-416-0098,,대기,2025-12-23,3280000,부산광역시 영도구
주식회사대광인더스트리,대전광역시,서구,대전광역시 서구 벌곡로 371,대전광역시 서구 평촌동 348,36.23884907,127.3172568,사업장의 대표자 변경 후 2개월 이내 변경신고 미이행「대기환경보전법」제23조 제3항,042-586-1880,"김종대, 나병무",대기,2026-01-12,3660000,대전광역시 서구
화성그린,대전광역시,서구,대전광역시 서구 우명길 733,대전광역시 서구 우명동 422,36.2498803,127.2804615,방지시설 부대장치 고장 훼손 방치(대기환경보전법제31조의제1항제4호),042-841-7250,박태숙,대기,2026-01-12,3660000,대전광역시 서구
모든모터스,대전광역시,서구,대전광역시 서구 도산로 169(변동),대전광역시 서구 변동 60-21,36.32368072,127.3778995,대기배출시설 배출허용기준 초과(THC),042-484-5459,이한성,대기,2026-01-12,3660000,대전광역시 서구
㈜씨엘키즈 서구국민체육센터,대전광역시,서구,대전광역시 서구 정림서로181(정림동),대전광역시 서구 정림동 402-2,36.30377915,127.3628884,대기배출시설 자가측정 미실시,042-583-8486,,대기,2026-01-12,3660000,대전광역시 서구
전성 CAR FACTORY,대전광역시,서구,대전광역시 서구 괴정로 110,대전광역시 서구 괴정동 80-18,36.337749,127.3847954,운영일지 미작성,042-526-2900,조영기,수질,2026-01-12,3660000,대전광역시 서구
세차의 고수(대전 서구점),대전광역시,서구,대전광역시 서구 유등로 445(가장동),대전광역시 서구 가장동 21-5,36.32998114,127.3906526,배출허용기준초과(1차) / TOC,000-0000-0000,오창숙,수질,2026-01-12,3660000,대전광역시 서구
둔산세강세차장,대전광역시,서구,,대전광역시 서구 둔산동 1325,36.35314151,127.3813268,배출허용기준초과(1차) / ABS,042-482-1030,권영기,수질,2026-01-12,3660000,대전광역시 서구
예현세차,대전광역시,서구,대전광역시 서구 둔산대로117번길 88,대전광역시 서구 만년동 392,36.36889941,127.3825698,운영일지 미작성,042-482-0489,조용진,수질,2026-01-12,3660000,대전광역시 서구
든든카,대전광역시,서구,대전광역시 서구 조달청길 49,대전광역시 서구 도마동 62-12,36.31951728,127.3746049,운영일지 미작성,042-525-9765,김종만,수질,2026-01-12,3660000,대전광역시 서구
낙원자동차써비스,대전광역시,서구,대전광역시 서구 변동로 94,대전광역시 서구 변동 42-5,36.32392224,127.3832787,운영일지 미작성,042-532-6601,이진성,수질,2026-01-12,3660000,대전광역시 서구
금성광택,대전광역시,서구,"대전광역시 서구 월드컵대로484번길 45, 3동 101호 (월평동)",대전광역시 서구 월평동 155,36.34769089,127.3540617,운영일지 미작성,042-537-2110,김영배,수질,2026-01-12,3660000,대전광역시 서구
중부모터스㈜,대전광역시,서구,대전광역시 서구 벌곡로 1358(가수원동),대전광역시 서구 가수원동 474,36.30248374,127.3554331,배출허용기준초과(2차) / TOC,042-631-3369,,수질,2026-01-12,3660000,대전광역시 서구
중부모터스㈜,대전광역시,서구,대전광역시 서구 벌곡로 1358(가수원동),대전광역시 서구 가수원동 474,36.30248374,127.3554331,배출허용기준초과(1차) / TOC,042-631-3369,,수질,2026-01-12,3660000,대전광역시 서구
더 에이치 안경원,대전광역시,서구,대전광역시 서구 원도안로 224번안길 49(도안동),대전광역시 서구 도안동 1058,36.32530642,127.3465681,기타수질오염원 설치신고 미이행,000-0000-0000,임동현,수질,2026-01-12,3660000,대전광역시 서구
부산성소병원,부산광역시,남구,부산광역시 남구 수영로 175,,35.135181,129.085832,폐수배출시설 및 방지시설 운영기록부 미작성,051-633-1123,박희두,수질,2025-12-17,3310000,부산광역시 남구
주식회사 지엠로드,경기도,가평군,경기도 가평군 상면 청군로 1579-100,,37.851814,127.33653,배출시설 및 방지시설의 운영에 관한 상황을 사실대로 기록 보존하지 아니함,031-594-8308,,대기,2026-01-14,4160000,경기도 가평군
국제흥업개발㈜신소재지점,경기도,가평군,경기도 가평군 북면 화악지암길 274번길 81,,37.948497,127.587526,배출시설 및 방지시설의 운영에 관한 상황을 사실대로 기록 보존하지 아니함,031-582-5995,,대기,2026-01-14,4160000,경기도 가평군
㈜한송,경기도,가평군,,경기도 가평군 상면 항사리 산36-2,37.851814,127.33653,배출허용기준초과,031-589-5077,,수질,2026-01-14,4160000,경기도 가평군
㈜엘에스무역,경기도,가평군,경기도 가평군 설악면 묵안로 64-159,,37.851814,127.33653,자가측정미이행,000-000-0000,,대기,2026-01-14,4160000,경기도 가평군
㈜케이피에프 충주공장,충청북도,충주시,충청북도 충주시 충주산단5로 50,충청북도 충주시 용탄동 601,37.01366322,127.9500094,대기배출시설 설치허가 미이행,043-849-1114,,대기,2026-01-01,4390000,충청북도 충주시
㈜케이피에프 충주공장,충청북도,충주시,충청북도 충주시 충주산단5로 50,충청북도 충주시 용탄동 601,37.01366322,127.9500094,대기배출시설 변경신고 미이행,043-849-1114,,대기,2026-01-01,4390000,충청북도 충주시
금곡기공,충청북도,충주시,충청북도 충주시 대소원면 쇠실로 792-32,충청북도 충주시 대소원면 금곡리 232,36.95488218,127.820252,대기배출시설 설치신고 미이행,043-850-0000,안교정,대기,2026-01-01,4390000,충청북도 충주시
㈜케이이씨,충청북도,충주시,충청북도 충주시 가주농공1길 17(풍동),충청북도 충주시 풍동 579-11,36.93571793,127.9010234,환경기술인 교육 미이수,043-856-0246,,수질,2026-01-01,4390000,충청북도 충주시
㈜케이이씨,충청북도,충주시,충청북도 충주시 가주농공1길 17(풍동),충청북도 충주시 풍동 579-11,36.93571793,127.9010234,환경기술인 교육 미이수,043-856-0246,,대기,2026-01-01,4390000,충청북도 충주시
태성건설(주),충청북도,충주시,충청북도 충주시 대소원면 중원대로 4052,충청북도 충주시 대소원면 만정리 503-7,36.96543866,127.8564231,공공수역 토사유출,043-852-9477,,수질,2026-01-01,4390000,충청북도 충주시
문성레저개발㈜,충청북도,충주시,충청북도 충주시 노은면 감노로 1327,충청북도 충주시 노은면 문성리 613-8,37.04030803,127.7436893,대기배출시설 자가측정 미이행,043-850-0000,,수질,2026-01-01,4390000,충청북도 충주시
올데이로얄포레,충청북도,충주시,충청북도 충주시 신니면 화치3길 35,충청북도 충주시 신니면 대화리 182,36.99445098,127.6780186,폐수배출(방지)시설 운영일지 미작성,043-853-8000,,수질,2026-01-01,4390000,충청북도 충주시
올데이로얄포레,충청북도,충주시,충청북도 충주시 신니면 화치3길 35,충청북도 충주시 신니면 대화리 182,36.99445098,127.6780186,폐수배출(방지)시설 운영일지 미작성,043-853-8000,,대기,2026-01-01,4390000,충청북도 충주시
케이비아이동양철관㈜충주지점,충청북도,충주시,충청북도 충주시 충주호수로 403(용탄동),충청북도 충주시 용탄동 168-7,37.01933548,127.9608508,대기배출(방지)시설 고장방치,043-853-3131,,대기,2026-01-01,4390000,충청북도 충주시
신훈,충청북도,충주시,충청북도 충주시 충주산단6로 47,충청북도 충주시 용탄동 615-6,37.01627719,127.9514799,대기배출(방지)시설 운영일지 미작성,043-846-7140,최광훈외1인,대기,2026-01-01,4390000,충청북도 충주시
SST,충청북도,충주시,충청북도 충주시 충주산단6로 47,충청북도 충주시 용탄동 615-6,37.01627719,127.9514799,대기배출(방지)시설 운영일지 미작성,043-846-7140,최광훈외1인,대기,2026-01-01,4390000,충청북도 충주시
동인푸드 농업회사법인 주식회사,충청북도,충주시,충청북도 충주시 신니면 신의안길 18-16,충청북도 충주시 신니면 신청리 380,37.00706986,127.7379798,폐수배출(방지)시설 운영일지 미작성,043-724-0800,,수질,2026-01-01,4390000,충청북도 충주시
와이에이치 주식회사,충청북도,충주시,충청북도 충주시 용탄농공길 35-1(용탄동),충청북도 충주시 용탄동 168-10,37.02162371,127.9586356,환경기술인 준수사항 위반(비상근),070-4636-1715,지용현,대기,2026-01-01,4390000,충청북도 충주시
충주종합모터스CTM,충청북도,충주시,충청북도 충주시 도장관주로 208(호암동),충청북도 충주시 호암동 276-15,36.95065712,127.9382485,폐수배출시설 변경신고 미이행(사업장명 및대표자),043-850-0000,이학선,수질,2026-01-01,4390000,충청북도 충주시
세미테크,충청북도,충주시,충청북도 충주시 앙성면 가느게길 56-9,충청북도 충주시 앙성면 본평리 417,37.10382381,127.7326969,폐수배출(방지)시설 운영일지 거짓작성,043-850-0000,이은열,수질,2026-01-01,4390000,충청북도 충주시
농업회사법인 엠에스,충청북도,충주시,충청북도 충주시 신니면 동화실길 1,충청북도 충주시 신니면 대화리 458,36.9945043,127.6711427,공공수역 유출(폐기물),043-850-0000,최경자,수질,2026-01-01,4390000,충청북도 충주시
(주)신니개발,충청북도,충주시,충청북도 충주시 신니면 화치3길 53,충청북도 충주시 신니면 대화리 182,36.99445098,127.6780186,폐수배출(방지)시설 운영일지 미작성,043-853-8000,,수질,2026-01-01,4390000,충청북도 충주시
농업회사법인(주)정푸드코리아,충청북도,충주시,충청북도 충주시 수안보면 큰갓골길 11,충청북도 충주시 수안보면 중산리 287,36.88338139,127.994977,대기배출(방지)시설 운영일지 미작성,043-857-0280,,대기,2026-01-01,4390000,충청북도 충주시
NH농협생명 수안보수련원,충청북도,충주시,충청북도 충주시 수안보면 온천중앙길 43,충청북도 충주시 수안보면 온천리 108-1,36.84567566,127.9930613,공공수역 유출(유류),043-848-4950,,수질,2026-01-01,4390000,충청북도 충주시
(주)에스피씨삼립,충청북도,충주시,충청북도 충주시 주덕읍 주덕농공길 73,충청북도 충주시 주덕읍 삼청리 248-73,36.96872509,127.7878186,폐수배출허용기준 초과,043-842-6762,,수질,2026-01-01,4390000,충청북도 충주시
(주)백두레미콘,충청북도,충주시,충청북도 충주시 동량면 수회길 110,충청북도 충주시 동량면 대전리 180-3,37.04277968,127.9498334,방지시설설치 면제자 준수사항 위반,043-844-9989,,수질,2026-01-01,4390000,충청북도 충주시
㈜삼마산업,충청북도,충주시,충청북도 충주시 중앙탑면 첨단산업로 1211,충청북도 충주시 중앙탑면 봉황리 422-2,37.07974859,127.8336592,대기배출(방지)시설 운영일지 미작성,043-855-5568,임금순,대기,2026-01-01,4390000,충청북도 충주시
주식회사 호호,충청북도,충주시,충청북도 충주시 중앙탑면 일곱실길 16,충청북도 충주시 중앙탑면 용전리 97-2,37.01163708,127.845628,폐수배출(방지)시설 운영일지 미작성,043-755-2992,,수질,2026-01-01,4390000,충청북도 충주시
㈜에이치비티,충청북도,충주시,충청북도 충주시 충주산단6로 36,충청북도 충주시 용탄동 620-22,37.01484492,127.9529754,폐수배출(방지)시설 운영일지 미작성,043-857-9801,,수질,2026-01-01,4390000,충청북도 충주시
농업회사법인㈜티엔에스푸드,충청북도,충주시,충청북도 충주시 동량면 대전리1길 88-5,충청북도 충주시 동량면 대전리 1224-1,37.05294064,127.9407086,폐수배출허용기준 초과,043-851-0456,,수질,2026-01-01,4390000,충청북도 충주시
미디어엔지니어링㈜,충청북도,충주시,충청북도 충주시 충주호수로 31,충청북도 충주시 목행동 728,37.0172526,127.9212264,환경기술인 교육 미이수,043-846-6653,안희경,수질,2026-01-01,4390000,충청북도 충주시
㈜티엔팀버,충청북도,충주시,충청북도 충주시 엄정면 웃세고개길 35-8,충청북도 충주시 엄정면 신만리 105-5,37.09449798,127.9522977,환경기술인 교육 미이수,070-7433-3351,,대기,2026-01-01,4390000,충청북도 충주시
㈜보원케미칼,충청북도,충주시,충청북도 충주시 주덕읍 중원산업로 101,충청북도 충주시 주덕읍 당우리 822-13,37.00473366,127.7495499,대기배출(방지)시설 운영일지 미작성,043-853-8801,,대기,2026-01-01,4390000,충청북도 충주시
대성실업,충청북도,충주시,충청북도 충주시 하용두5길 45,충청북도 충주시 용두동 292-1,36.96552878,127.8906534,폐수배출허용기준 초과,043-853-3233,,수질,2026-01-01,4390000,충청북도 충주시
㈜신진개발,충청북도,충주시,충청북도 충주시 대소원면 산정독정길 143-1,충청북도 충주시 대소원면 만정리 381,36.95323667,127.8640476,대기배출(방지)시설 운영일지 미작성,043-853-1360,이웅수,대기,2026-01-01,4390000,충청북도 충주시
개인(김복경),충청북도,충주시,충청북도 충주시 산척면 덕해길 72-18,충청북도 충주시 산척면 영덕리 755-1,37.07126699,127.9542461,공공수역 유출(유류),043-850-0000,김복경,수질,2026-01-01,4390000,충청북도 충주시
대영산업,충청북도,충주시,충청북도 충주시 노은면 덕고개로 546,충청북도 충주시 노은면 문성리 613-8,37.04030803,127.7436893,대기배출시설 자가측정 미이행,043-850-0000,정완근,대기,2026-01-01,4390000,충청북도 충주시
㈜덕산,충청북도,충주시,충청북도 충주시 주덕읍 화곡1길 347,충청북도 충주시 주덕읍 화곡리 160-1,37.0046056,127.8067537,대기배출시설 변경신고 미이행(대표자),043-846-8822,강성덕,대기,2026-01-01,4390000,충청북도 충주시
에코링크㈜,충청북도,충주시,충청북도 충주시 신니면 덕고개로 303-9,충청북도 충주시 신니면 화석리 331-2,37.02274872,127.7293061,공공수역 유출(유류),043-724-0052,이선도,수질,2026-01-01,4390000,충청북도 충주시
인케어팩토리,충청북도,충주시,충청북도 충주시 중앙탑면 원앙1길 9,충청북도 충주시 중앙탑면 용전리 777,37.01760861,127.8237579,환경기술인 교육 미이수,0507-1322-824,김학규,수질,2026-01-01,4390000,충청북도 충주시
㈜오공,충청북도,충주시,충청북도 충주시 용탄농공1길 22-11(용탄동),충청북도 충주시 용탄동 168-8,37.02038945,127.9596365,대기배출(방지)시설 운영일지 미작성,070-4489-3049,김윤정,대기,2026-01-01,4390000,충청북도 충주시
충주충전소,충청북도,충주시,충청북도 충주시 중원대로 3123(단월동),충청북도 충주시 단월동 234-2,36.95084125,127.9149384,폐수배출(방지)시설 운영일지 거짓작성,043-844-0112,박상민,수질,2026-01-01,4390000,충청북도 충주시
카랜드라인,충청북도,충주시,충청북도 충주시 팽고리산길 91(금릉동),충청북도 충주시 금릉동 133-1,36.99332899,127.9248794,대기배출(방지)시설 운영일지 미작성,043-855-1600,김미선,대기,2026-01-01,4390000,충청북도 충주시
공군제19전투비행단,충청북도,충주시,,충청북도 충주시 금가면 매하리 383-1,37.03728372,127.8854372,폐수배출시설 변경신고 미이행(상호),043-849-5136,공승배,수질,2026-01-01,4390000,충청북도 충주시
㈜금강비앤에프,충청북도,충주시,충청북도 충주시 대소원면 두산길 106,충청북도 충주시 대소원면 영평리 291-1,36.98714978,127.812257,폐수배출허용기준 초과,043-852-4163,한평식,수질,2026-01-01,4390000,충청북도 충주시
㈜플라프로,충청북도,충주시,충청북도 충주시 주덕읍 당우리길 382,충청북도 충주시 주덕읍 장록리 129-6,37.00884437,127.7680884,환경기술인 미선임,070-4770-0618,이호영,대기,2026-01-01,4390000,충청북도 충주시
㈜레오켐,충청북도,충주시,충청북도 충주시 주덕읍 당우리길 386,충청북도 충주시 주덕읍 장록리 129,37.00952071,127.7683336,대기배출(방지)시설 운영일지 미작성,043-910-0199,이호영,대기,2026-01-01,4390000,충청북도 충주시
공유제재소,충청북도,충주시,충청북도 충주시 주덕읍 신덕로 1203-43,충청북도 충주시 주덕읍 장록리 526-4,36.98425866,127.7813953,대기배출(방지)시설 운영일지 미작성,043-850-0000,공유석,대기,2026-01-01,4390000,충청북도 충주시
주식회사 삼마산업,충청북도,충주시,충청북도 충주시 중앙탑면 첨단산업로 1211,충청북도 충주시 중앙탑면 봉황리 422-2,37.07974859,127.8336592,대기배출(방지)시설 운영일지 미작성,043-855-5568,,수질,2026-01-01,4390000,충청북도 충주시
주식회사 삼마산업,충청북도,충주시,충청북도 충주시 중앙탑면 첨단산업로 1211,충청북도 충주시 중앙탑면 봉황리 422-2,37.07974859,127.8336592,대기배출(방지)시설 운영일지 미작성,043-855-5568,,대기,2026-01-01,4390000,충청북도 충주시
구룡산업 제2공장,충청북도,충주시,충청북도 충주시 금가면 마사1길 131,충청북도 충주시 금가면 사암리 71-4,37.03357431,127.9238289,방지시설설치 면제자 준수사항 위반,043-853-5522,우필환,수질,2026-01-01,4390000,충청북도 충주시
정안산업,충청북도,충주시,충청북도 충주시 살미면 문강로 202,충청북도 충주시 살미면 세성리 산 11-1,36.90176599,127.9534355,대기배출(방지)시설 운영일지 미작성,043-857-2111,,대기,2026-01-01,4390000,충청북도 충주시
㈜지성코퍼레이션,충청북도,충주시,충청북도 충주시 신니면 거석2길,충청북도 충주시 신니면 마수리 249-2,36.97955816,127.7467227,폐수배출(방지)시설 운영일지 미작성,043-846-6613,,수질,2026-01-01,4390000,충청북도 충주시
엔아이스틸㈜,충청북도,충주시,충청북도 충주시 동량면 수회길 264,충청북도 충주시 동량면 대전리 14-1,37.05242744,127.9653654,대기배출(방지)시설 운영일지 미작성,02-758-6789,,대기,2026-01-01,4390000,충청북도 충주시
문성레저개발㈜,충청북도,충주시,충청북도 충주시 노은면 감노로 1327,충청북도 충주시 노은면 문성리 산24-1,37.05677422,127.7446575,폐수배출(방지)시설 운영일지 미작성,043-722-0731,,수질,2026-01-01,4390000,충청북도 충주시
충주축협TMR공장,충청북도,충주시,충청북도 충주시 대소원면 금곡만정길 119-11,충청북도 충주시 대소원면 장성리 495-72,36.96582661,127.8357246,대기배출시설 변경신고 미이행(상호),043-846-2231,,대기,2026-01-01,4390000,충청북도 충주시
일성산업,충청북도,충주시,충청북도 충주시 주덕읍 중원산업로 100,충청북도 충주시 주덕읍 당우리 825-3,37.00347357,127.7502843,공공수역 유출(유류),043-850-0000,김민욱,수질,2026-01-01,4390000,충청북도 충주시
㈜디엔농업회사법인,충청북도,충주시,충청북도 충주시 엄정면 웃세고개길 35-14,충청북도 충주시 엄정면 신만리 105-13,37.09526378,127.9518472,폐수배출허용기준 초과,043-724-2000,,수질,2026-01-01,4390000,충청북도 충주시
㈜유한산업,충청북도,충주시,충청북도 충주시 신니면 거석길 11,충청북도 충주시 신니면 마수리 244,36.97864889,127.7471525,환경기술인 교육 미이수,043-857-5114,,수질,2026-01-01,4390000,충청북도 충주시
㈜삼성테이프,충청북도,충주시,충청북도 충주시 용탄농공2길7(용탄동),충청북도 충주시 용탄동 168-3,37.01845197,127.9597162,폐수배출허용기준 초과,043-856-9390,,수질,2026-01-01,4390000,충청북도 충주시
㈜신한에스엔지,충청북도,충주시,충청북도 충주시 주덕읍 충청대로 2195-31,충청북도 충주시 주덕읍 대곡리 103-3,36.96089431,127.7639994,부식마모로 인한 대기오염물질이 누출되는 배출시설이나 방지시설 방치,070-4948-8551,,대기,2026-01-01,4390000,충청북도 충주시
농업회사법인㈜금성농산,충청북도,충주시,충청북도 충주시 온기미길 77-11,충청북도 충주시 산척면 영덕리 1472-6,37.07962981,127.9347273,대기배출시설 변경신고 미이행(대표자),043-857-3333,,대기,2026-01-01,4390000,충청북도 충주시
㈜부원비엠에스,충청북도,충주시,충청북도 충주시 충주산단2로 162,충청북도 충주시 용탄동 590,37.01224867,127.9506845,대기배출(방지)시설 운영일지 미작성,043-856-6640,,대기,2026-01-01,4390000,충청북도 충주시
케이유엠 유한책임회사 충주공장,충청북도,충주시,충청북도 충주시 대소원면 기업도시2로 47,충청북도 충주시 대소원면 영평리 532,37.0007434,127.8268864,폐수배출(방지)시설 운영일지 미작성,043-857-8210,,수질,2026-01-01,4390000,충청북도 충주시
주식회사 성진산업개발,충청북도,충주시,충청북도 충주시 중앙탑면 묘곡내동길 133-50,충청북도 충주시 중앙탑면 하구암리 230-3,37.04236935,127.8407999,폐수배출(방지)시설 운영일지 미작성,043-850-0000,,수질,2026-01-01,4390000,충청북도 충주시
컴인워시 충주점,충청북도,충주시,충청북도 충주시 예성로 3(호암동),충청북도 충주시 호암동 558-20,36.96068095,127.9270446,환경기술인 교육 미이수,043-850-0000,정례근,수질,2026-01-01,4390000,충청북도 충주시
착한충전소,충청북도,충주시,충청북도 충주시 충원대로 713,충청북도 충주시 금릉동 421-1,36.98946682,127.9169744,폐수배출시설 변경신고 미이행(상호),0507-1478-477,박병훈,수질,2026-01-01,4390000,충청북도 충주시
충주크로스핏대림셀프세차장,충청북도,충주시,충청북도 충주시 팽고리산길 77-2,충청북도 충주시 금릉동 170-3,36.99417551,127.9239574,폐수배출시설 변경신고 미이행(상호),043-850-0000,신현미,수질,2026-01-01,4390000,충청북도 충주시
㈜삼일캐스트,충청북도,충주시,충청북도 충주시 가주농공1길 23(풍동),충청북도 충주시 풍동 566-5,36.93542076,127.901282,환경기술인 교육 미이수,043-842-2229,,대기,2026-01-01,4390000,충청북도 충주시
㈜필맥스에이엠피,충청북도,충주시,충청북도 충주시 대소원면 첨단산업9로 46,충청북도 충주시 대소원면 완오리 1083,36.99989115,127.8360227,공공수역 유출(유류),043-842-3611,,수질,2026-01-01,4390000,충청북도 충주시
신훈,충청북도,충주시,충청북도 충주시 충주산단6로 47,충청북도 충주시 용탄동 615-6,37.01627719,127.9514799,대기배출(방지)시설 측정기기 미부착,043-846-7140,최광훈외1명,대기,2026-01-01,4390000,충청북도 충주시
SST,충청북도,충주시,충청북도 충주시 충주산단6로 47,충청북도 충주시 용탄동 615-6,37.01627719,127.9514799,대기배출(방지)시설 측정기기 미부착,043-846-7140,최광훈외1명,대기,2026-01-01,4390000,충청북도 충주시
(주)홍창엠앤티,경상북도,영천시,경상북도 영천시 금호읍 어은길 27-63,경상북도 영천시 금호읍 냉천리 96,35.9262086685,128.8876002,물환경보전법 제32조(배출허용기준),000-0000-0000,,수질,2025-11-17,5100000,경상북도 영천시
동방산업,경상북도,영천시,경상북도 영천시 대창면 금창로 549-70 (외 3필지),경상북도 영천시 대창면 대창리 208,35.8882101662,128.8960822558,물환경보전법 제67조 (환경기술인 등의 교육),000-0000-0000,,수질,2025-11-17,5100000,경상북도 영천시
(주)삼세,경상북도,영천시,경상북도 영천시 동강포길 29-5 (도남동),경상북도 영천시 도남동 695,35.9284797344,128.9290391755,물환경보전법 제33조(배출시설의 설치허가 및 신고)제1항 내지 3항,000-0000-0000,,수질,2025-11-17,5100000,경상북도 영천시
(주)태산,경상북도,영천시,경상북도 영천시 신녕면 완전공단길 23,경상북도 영천시 신녕면 완전리 700-7,36.0388386921,128.7953104104,물환경보전법 제32조(배출허용기준),000-0000-0000,,수질,2025-11-17,5100000,경상북도 영천시
(주)신대영사,경상북도,영천시,경상북도 영천시 금호읍 금창로 273,경상북도 영천시 금호읍 오계리 85-4,35.9115659555,128.8891907243,물환경보전법 제32조(배출허용기준),000-0000-0000,,수질,2025-11-17,5100000,경상북도 영천시
(주)삼세,경상북도,영천시,경상북도 영천시 동강포길 29-5 (도남동),경상북도 영천시 도남동 695,35.9284797344,128.9290391755,물환경보전법 제38조(배출시설 및 방지시설의 운영) 제1항,000-0000-0000,,수질,2025-11-17,5100000,경상북도 영천시
(주)삼세,경상북도,영천시,경상북도 영천시 동강포길 29-5 (도남동),경상북도 영천시 도남동 695,35.9284797344,128.9290391755,물환경보전법 제33조(배출시설의 설치허가 및 신고)제2항 또는 3항,000-0000-0000,,수질,2025-11-17,5100000,경상북도 영천시
(주)사조대림 영천공장,경상북도,영천시,경상북도 영천시 화산면 화산공단길 17,경상북도 영천시 화산면 유성리 200-3,36.0197744381,128.8601537909,물환경보전법 제32조(배출허용기준),000-0000-0000,,수질,2025-11-17,5100000,경상북도 영천시
개인(백**),경상북도,영천시,,경상북도 영천시 채신동 산16-7,35.9068699027,128.964822,비산먼지발생사업 신고미이행,000-0000-0000,,대기,2025-11-17,5100000,경상북도 영천시
현대엔지니어링(주),경상북도,영천시,,경상북도 영천시 청통면 대평리 1153,35.9448862123,128.865831,비산먼지발생억제조치미흡,000-0000-0000,,대기,2025-11-17,5100000,경상북도 영천시
대상건설(주),경상북도,영천시,,경상북도 영천시 북안면 신리리 575-1,35.8828540494,129.0066159985,비산먼지발생사업변경신고미이행,031-636-7810,,대기,2025-11-17,5100000,경상북도 영천시
대아아스콘(주),경상북도,영천시,경상북도 영천시 고경면 산수골길 18,경상북도 영천시 고경면 삼산리 147,35.9949149097,129.088925,비산먼지 발생억제조치미흡,000-0000-0000,,대기,2025-11-17,5100000,경상북도 영천시
(주)진웅산업,경상북도,영천시,,경상북도 영천시 화산면 연계리 574-2,36.0271685633,128.8396003881,조치이행명령 미이행,000-0000-0000,,대기,2025-11-17,5100000,경상북도 영천시
블루탑엔지니어링 컨스트럭션,경상북도,영천시,,경상북도 영천시 화북면 입석리 254,36.1435565418,128.9591799513,비산먼지 발생억제조치미이행,000-0000-0000,,대기,2025-11-17,5100000,경상북도 영천시
블루탑엔지니어링 컨스트럭션,경상북도,영천시,,경상북도 영천시 화북면 입석리 254,36.1435565418,128.9591799513,비산먼지발생사업신고미이행,000-0000-0000,,수질,2025-11-17,5100000,경상북도 영천시
(주)디에이치씨,경상북도,영천시,경상북도 영천시 영천아이시로 106-90 (봉동),경상북도 영천시 봉동 810-4,35.9269827242,128.9463535534,대기환경보전법 제39조(자가측정) 의 1항,000-0000-0000,,대기,2025-11-17,5100000,경상북도 영천시
성림플라스틱,경상북도,영천시,경상북도 영천시 청통면 용내길 139-10,경상북도 영천시 청통면 계지리 66,36.0110764,128.8265014651,대기환경보전법 제23조(배출시설의 설치 허가 및 신고) 의 2항 또는 제23조 3항,000-0000-0000,,대기,2025-11-17,5100000,경상북도 영천시
(주)수안,경상북도,영천시,경상북도 영천시 고경면 상리공단길 23,경상북도 영천시 고경면 상리리 600-3,36.0037139837,129.0289376692,대기환경보전법 제23조(배출시설의 설치 허가 및 신고),000-0000-0000,,대기,2025-11-17,5100000,경상북도 영천시
(주)신하화학,경상북도,영천시,경상북도 영천시 고경면 상리공단길 57 (주)한미산업,경상북도 영천시 고경면 상리리 600-10 (주)한미산업,36.0047181676,129.0302763953,대기환경보전법 제31조(배출시설과 방지시설의 운영) 의 1항,000-0000-0000,,대기,2025-11-17,5100000,경상북도 영천시
(주)세운아이엔티(제2공장),경상북도,영천시,경상북도 영천시 대창면 한제길 20 (주)인텍,경상북도 영천시 대창면 사리리 283 (주)인텍,35.8780643,128.8734908,대기환경보전법 제 77조(환경기술인 등의 교육),000-0000-0000,,대기,2025-11-17,5100000,경상북도 영천시
성일중자,경상북도,영천시,경상북도 영천시 대창면 금창로 549-4,경상북도 영천시 대창면 대창리 404-2,35.8862867878,128.8915741296,대기환경보전법 제39조(자가측정) 의 1항,000-0000-0000,,대기,2025-11-17,5100000,경상북도 영천시
(주)호남금속,경상북도,영천시,경상북도 영천시 대창면 선진길 30-1,경상북도 영천시 대창면 대창리 888-3,35.8791632782,128.8864521111,대기환경보전법 제31조(배출시설과 방지시설의 운영) 의 1항,000-0000-0000,,대기,2025-11-17,5100000,경상북도 영천시
태원정비,부산광역시,연제구,부산광역시 연제구 거제대로182(거제동),부산광역시 연제구 거제동 820-1,35.18456131,129.0711121,"미신고 대기배출시설 설치, 운영",051-863-2707,강동수,대기,2025-11-18,3370000,부산광역시 연제구
대호정비,부산광역시,연제구,부산광역시 연제구 중앙대로1133번길 9(연산동),부산광역시 연제구 연산동 1124-23,35.18823783,129.0803616,"미신고 대기배출시설 설치, 운영",051-868-6969,박명식,대기,2025-11-18,3370000,부산광역시 연제구
피치스주유소 송도점,부산광역시,서구,부산광역시 서구 감천로 227,부산광역시 서구 암남동 10-4,35.08227183,129.0127785,폐수배출시설 운영일지 미작성,051-244-5151,,수질,2025-11-19,3260000,부산광역시 서구
한성종합상사,부산광역시,서구,부산광역시 서구 원양로 96,부산광역시 서구 암남동 720-13,35.0617926,129.0124143,폐수배출시설 운영일지 미작성,051-242-0013,이상진,수질,2025-11-19,3260000,부산광역시 서구
㈜해청수산,부산광역시,서구,"부산광역시 서구 원양로 1, B동 303호","부산광역시 서구 암남동 762, B동 303호",35.05543247,129.011224,폐수배출시설 운영일지 미작성,051-231-5515,,수질,2025-11-19,3260000,부산광역시 서구
㈜다원종합건설,부산광역시,서구,,부산광역시 서구 남부민동 653-8,35.0871898,129.0243558,비산먼지 발생억제시설 기준 미흡,051-831-0029,강경재,대기,2025-11-19,3260000,부산광역시 서구
㈜한국페트로 스타2주유소,부산광역시,서구,부산광역시 서구 원양로 260,부산광역시 서구 암남동 645-28,35.0742762,129.006518,유증기회수설비 검사 부적합(2차),051-243-6661,,대기,2025-11-19,3260000,부산광역시 서구
㈜부영에너지 직영 신일주유소,부산광역시,서구,부산광역시 서구 구덕로 273,부산광역시 서구 서대신동1가 1,35.1085601,129.0187556,유증기회수설비 검사 부적합(2차),000-0000-0000,하경림,대기,2025-11-19,3260000,부산광역시 서구
㈜동양/건재부문 부산공장,부산광역시,서구,부산광역시 서구 원양로 268,부산광역시 서구 암남동 655,35.0743304,129.0056631,비산먼지 발생억제시설 기준 미흡,051-250-5590,,대기,2025-11-19,3260000,부산광역시 서구
영남이공대앞주유소,대구광역시,남구,대구광역시 남구 현충로 187,,35.84934211,128.5804649,환경기술인 법정교육 미이행,053-655-1151,,수질,2025-11-22,3440000,대구광역시 남구
패밀리광택,경기도,수원시,경기도 수원시 권선구 서호서로13(서둔동),경기도 수원시 권선구 서둔동 95-22,37.2684802255,126.9817674033,배출허용기준 초과,031-292-2612,,수질,2025-11-27,3740000,경기도 수원시
㈜서진산업개발,경기도,수원시,,경기도 수원시 팔달구 우만동 산 58-3,37.2887248837,127.0413758532,변경신고 미이행,000-0000-0000,,수질,2025-11-27,3740000,경기도 수원시
㈜주왕,경기도,수원시,경기도 수원시 영통구 덕영대로 1727,,37.248255102,127.0802821561,변경신고 미이행(이동식샌딩기설치),031-205-4242,,대기,2025-11-27,3740000,경기도 수원시
㈜원자동차정비,경기도,수원시,경기도 수원시 권선구 매송고색로 787 (고색동),경기도 수원시 권선구 고색동 165,37.2540466434,126.9905907322,방지시설 부대기구류(활성탄) 훼손방치,031-295-7430,,대기,2025-11-27,3740000,경기도 수원시
㈜대산자동차공업사,경기도,수원시,경기도 수원시 권선구 매송고색로 808-2 (고색동),경기도 수원시 권선구 고색동 188-2,37.2533284116,126.9930592739,환경기술인 준수사항 위반,031-546-8116,,대기,2025-11-27,3740000,경기도 수원시
평동세차장,경기도,수원시,경기도 수원시 권선구 평동로 107-1 (평동),경기도 수원시 권선구 평동 13-87,37.2605927198,126.9949925025,폐수배출시설 및 방지시설 폐쇄,0507-1370-730,,수질,2025-11-27,3740000,경기도 수원시
종합광택,경기도,수원시,경기도 수원시 권선구 평동로 21 (고색동),경기도 수원시 권선구 고색동 12-2,37.2552183349,126.9882833785,폐수배출시설 및 방지시설 폐쇄,000-0000-0000,,수질,2025-11-27,3740000,경기도 수원시
수원세차장,경기도,수원시,경기도 수원시 권선구 권선로 699번길 24-24 (권선동),경기도 수원시 권선구 권선동 1016-6,37.2595614386,127.0294303138,폐수배출시설 및 방지시설 폐쇄,000-0000-0000,,수질,2025-11-27,3740000,경기도 수원시
우리세차장,경기도,수원시,경기도 수원시 권선구 권선로 720번길 3 (권선동),경기도 수원시 권선구 권선동 1026,37.2580546724,127.0299580786,폐수배출시설 및 방지시설 폐쇄,031-746-5176,,수질,2025-11-27,3740000,경기도 수원시
B&B 1급 모터스,경기도,수원시,경기도 수원시 권선구 평동로 107,경기도 수원시 권선구 평동 12-12,37.2604722538,126.9950736765,환경기술인 준수사항 위반,031-293-9990,,대기,2025-11-27,3740000,경기도 수원시
세덴 인계점,경기도,수원시,경기도 수원시 팔달구 장다리로 174,,37.265461752,127.0246157681,무신고 영업(폐쇄명령),031-232-7288,,대기,2025-11-27,3740000,경기도 수원시
퍼스트 세차장 주차장,경기도,수원시,경기도 수원시 영통구 동수원로 539-17,,37.2750462398,127.0493488367,배출허용기준초과,000-0000-0000,,수질,2025-11-27,3740000,경기도 수원시
경수모터스,경기도,수원시,경기도 수원시 권선구 평동로 46,경기도 수원시 권선구 고색동 178-9,37.2556378511,126.9913081309,환경기술인 준수사항 위반,031-298-2261,,대기,2025-11-27,3740000,경기도 수원시
수원태평양충전소,경기도,수원시,경기도 수원시 권선구 수인로 34,경기도 수원시 권선구 서둔동 9-17,37.2710480439,126.9948610245,환경기술인 비상근,031-278-7878,,수질,2025-11-27,3740000,경기도 수원시
수원 해월 LPG 충전소,경기도,수원시,경기도 수원시 영통구 삼성로 319,,37.2679288588,127.0681665169,운영일지 미작성 등,031-211-3121,,수질,2025-11-27,3740000,경기도 수원시
무궁화전자,경기도,수원시,경기도 수원시 영통구 매영로 205,,37.2635942458,127.0640823868,변경신고 미이행,031-210-2429,,대기,2025-11-27,3740000,경기도 수원시
㈜큐마인,경기도,수원시,"경기도 수원시 영통구 광교로 156, 1506호(이의동, 광교비즈니스센터)",경기도 수원시 영통구 이의동 1322-1,37.2938413569,127.0493847949,운영일지 미작성,070-8670-8277,,수질,2025-11-27,3740000,경기도 수원시
㈜선일종합건축사사무소 -> 워시존 개러지 망포점 (상호변경) (준공전이라 도로명주소 없음),경기도,수원시,,경기도 수원시 영통구 망포동 7,37.2475068598,127.0540772566,운영일지 미작성,000-0000-0000,,수질,2025-11-27,3740000,경기도 수원시
(주)제노스 디펙토리,경기도,수원시,경기도 수원시 영통구 창룡대로256번길 56 (이의동),경기도 수원시 영통구 이의동 1285-3,37.2955498401,127.0397428671,환경기술인 교육미이수,031-888-5100,,수질,2025-11-27,3740000,경기도 수원시
서울대학교 융합과학기술대학원,경기도,수원시,"경기도 수원시 영통구 광교로 145, D동 129(이의동, 차세대융합기술원)",경기도 수원시 영통구 이의동 864-1,37.2943386968,127.0461158238,운영일지 미작성,031-888-9125,,수질,2025-11-27,3740000,경기도 수원시
한국프라임제약㈜,경기도,수원시,"경기도 수원시 영통구 광교로 147, 5층(이의동, 경기바이오센터)",경기도 수원시 영통구 이의동 854,37.2943309681,127.0434425708,운영일지 미작성,070-7733-5293,,수질,2025-11-27,3740000,경기도 수원시
코아스템켐온㈜,경기도,수원시,"경기도 수원시 영통구 광교로 147, 15층(이의동, 경기바이오센터)",경기도 수원시 영통구 이의동 854,37.2943309681,127.0434425708,변경신고 미이행,031-329-9900,,수질,2025-11-27,3740000,경기도 수원시
큐알티㈜,경기도,수원시,"경기도 수원시 영통구 광교로 109, 1,3층 (이의동)",경기도 수원시 영통구 이의동 906-10,37.2932299343,127.0418475758,변경신고 미이행,031-8094-8205,,수질,2025-11-27,3740000,경기도 수원시
㈜유유제약 중앙연구소,경기도,수원시,"경기도 수원시 영통구 대학4로 17, 501호 등 (이의동, 에이스광교타워1)",경기도 수원시 영통구 이의동 1248-3,37.3001652898,127.0467106247,변경신고 미이행,031-548-2002,,수질,2025-11-27,3740000,경기도 수원시
㈜경기고속,경기도,수원시,경기도 수원시 영통구 매영로269번길 55 (원천동),경기도 수원시 영통구 원천동 415-11,37.2594869406,127.0673181756,환경기술인 미임명(위반일-2.26.),031-286-4266,,수질,2025-11-27,3740000,경기도 수원시
컴인워시HD광교점,경기도,수원시,경기도 수원시 영통구 광교호수로 124 (하동),경기도 수원시 영통구 하동 1030,37.279242367,127.0682479815,출허용기준 초과,000-0000-0000,,수질,2025-11-27,3740000,경기도 수원시
㈜대영오토모터스,경기도,수원시,경기도 수원시 영통구 매영로 219-8 (원천동),경기도 수원시 영통구 원천동 362-11,37.2614710411,127.0643937573,변경신고 미이행,02-912-9816,,대기,2025-11-27,3740000,경기도 수원시
아주대학교,경기도,수원시,경기도 수원시 영통구 월드컵로 206 (원천동),경기도 수원시 영통구 원천동 산 5-1,37.2830563757,127.043660039,배출허용기준 초과,031-219-3710,,수질,2025-11-27,3740000,경기도 수원시
에이케이플라자㈜수원점,경기도,수원시,,경기도 수원시 팔달구 매산로1가 18,37.2656768668,127.000096053,운영일지 미작성,031-547-6609,,대기,2025-11-27,3740000,경기도 수원시
MS모터스(상호변경 제세자동정비공업사),경기도,수원시,,경기도 수원시 팔달구 인계동 1132-6,37.2592520873,127.0322856112,가동개시 전 운영,031-242-7340,,대기,2025-11-27,3740000,경기도 수원시
의료법인토마스의료재단(윌스기념병원),경기도,수원시,,경기도 수원시 팔달구 인계동 994-3,37.265322885,127.0255443437,운영일지 미작성,031-240-6250,,대기,2025-11-27,3740000,경기도 수원시
보쉬대훈카써비스,경기도,수원시,,경기도 수원시 팔달구 고등동 46-3,37.2751064702,127.0060226659,운영일지 미작성,031-258-4271,,수질,2025-11-27,3740000,경기도 수원시
수원중앙병원,경기도,수원시,경기도 수원시 권선구 권선로 654(권선동),경기도 수원시 권선구 권선동 967-1,37.2599787709,127.0225987135,경기술인 비상근,031-229-9585,,수질,2025-11-27,3740000,경기도 수원시
윤 광택스팀,경기도,수원시,경기도 수원시 권선구 장다리로 124,경기도 수원시 권선구 권선동 958-8,37.2610460108,127.02283419,출허용기준 초과,000-0000-0000,,수질,2025-11-27,3740000,경기도 수원시
주식회사 커브,경기도,수원시,경기도 수원시 권선구 세화로 36,경기도 수원시 권선구 세류동 365-4,37.2586490646,127.0027307182,출허용기준 초과,031-1800-0892,,수질,2025-11-27,3740000,경기도 수원시
제이비공조,경기도,수원시,,경기도 수원시 권선구 평동 22-16,37.2610099085,126.9984677559,운영일지 미작성,000-0000-0000,,수질,2025-11-27,3740000,경기도 수원시
㈜호반티비엠,경기도,수원시,,경기도 수원시 권선구 오목천동 4-3,37.2521636361,126.9662137327,출허용기준 초과,000-0000-0000,,수질,2025-11-27,3740000,경기도 수원시
태양광택,경기도,수원시,경기도 수원시 권선구 매송고색로 838,,37.2552102169,126.9954653895,경기술인 비상근,000-0000-0000,,수질,2025-11-27,3740000,경기도 수원시
오성광택,경기도,수원시,,경기도 수원시 권선구 평동 13-189,37.2612721317,126.9956416794,변경신고 미이행,000-0000-0000,,수질,2025-11-27,3740000,경기도 수원시
록키세차장(상호변경:하예광택),경기도,수원시,,"경기도 수원시 권선구 고색동 213-4, 213-5번지",37.2525489858,126.9928334103,운영일지 미작성,000-0000-0000,,수질,2025-11-27,3740000,경기도 수원시
굿모닝광택,경기도,수원시,경기도 수원시 권선구 평동로58번길 51(평동),경기도 수원시 권선구 평동 47-15,37.2576699641,126.9940659727,운영일지 미작성,000-0000-0000,,수질,2025-11-27,3740000,경기도 수원시
타임 디테일링,경기도,수원시,,경기도 수원시 권선구 평동 2-133,37.258301131,126.9922652177,운영일지 미작성,000-0000-0000,,수질,2025-11-27,3740000,경기도 수원시
광택지존,경기도,수원시,,경기도 수원시 권선구 평동 2-132,37.2580346,126.9925143,운영일지 미작성,000-0000-0000,,수질,2025-11-27,3740000,경기도 수원시
좋은광택,경기도,수원시,경기도 수원시 권선구 평동로90번길 44-11,경기도 수원시 권선구 평동 49-1,37.2575340617,126.9955481067,운영일지 미작성,000-0000-0000,,수질,2025-11-27,3740000,경기도 수원시
㈜스킨사이언스(무단멸실),경기도,수원시,경기도 수원시 권선구 서호로 89,경기도 수원시 권선구 서둔동 103-2,37.2681451055,126.9870725567,폐수배출시설 및 방지시설 폐쇄,000-0000-0000,,수질,2025-11-27,3740000,경기도 수원시
타이어샵(무단멸실),경기도,수원시,경기도 수원시 권선구 곡선로 35(곡반정동),경기도 수원시 권선구 곡반정동 558-1,37.239410836,127.0287252082,폐수배출시설 및 방지시설 폐쇄,000-0000-0000,,수질,2025-11-27,3740000,경기도 수원시
하이웨이주유소,경기도,수원시,경기도 수원시 권선구 매송고색로 513(오목천동),경기도 수원시 권선구 오목천동 361-2,37.2451686043,126.9611597945,환경기술인 비상근,031-665-5152,,수질,2025-11-27,3740000,경기도 수원시
부영셀프세차장(무단멸실),경기도,수원시,경기도 수원시 권선구 탑동로 30(탑동),경기도 수원시 권선구 탑동 791-12,37.2715774443,126.9747826521,폐수배출시설 및 방지시설 폐쇄,000-0000-0000,,수질,2025-11-27,3740000,경기도 수원시
선경세차장(무단멸실),경기도,수원시,경기도 수원시 권선구 경수대로309번길 6-2(세류동),경기도 수원시 권선구 세류동 1079-2,37.2547177622,127.0206117704,폐수배출시설 및 방지시설 폐쇄,000-0000-0000,,수질,2025-11-27,3740000,경기도 수원시
강산카셀프세차장(무단멸실),경기도,수원시,경기도 수원시 권선구 탑동로47번길 1(탑동),경기도 수원시 권선구 탑동 782-8,37.2730282112,126.9739544761,폐수배출시설 및 방지시설 폐쇄,000-0000-0000,,수질,2025-11-27,3740000,경기도 수원시
화홍식품(무단멸실),경기도,수원시,경기도 수원시 권선구 서둔로 35 (고색동),경기도 수원시 권선구 고색동 889-80,37.2551355397,126.9837903827,폐수배출시설 및 방지시설 폐쇄,000-0000-0000,,수질,2025-11-27,3740000,경기도 수원시
대일종합카세차장,경기도,수원시,경기도 수원시 권선구 장다리로 107(권선동),경기도 수원시 권선구 권선동 972-9,37.2597845021,127.0216555605,환경기술인 비상근,031-238-1763,,수질,2025-11-27,3740000,경기도 수원시
농업회사법인주식회사가양주조(무단멸실),경기도,수원시,경기도 수원시 권선구 서수원로 143-9(오목천동),경기도 수원시 권선구 오목천동 557-2,37.2388974782,126.9700545759,폐수배출시설 및 방지시설 폐쇄,000-0000-0000,,수질,2025-11-27,3740000,경기도 수원시
㈜은광운수(폐업),경기도,수원시,경기도 수원시 권선구 서수원로63번길 139(오목천동),경기도 수원시 권선구 오목천동 885,37.231776638,126.9709396249,폐수배출시설 및 방지시설 폐쇄,000-0000-0000,,수질,2025-11-27,3740000,경기도 수원시
남경자세차장(폐업),경기도,수원시,경기도 수원시 권선구 효원로 168,,37.2663,127.0117,폐수배출시설 및 방지시설 폐쇄,000-0000-0000,,수질,2025-11-27,3740000,경기도 수원시
동진광택(무단멸실),경기도,수원시,경기도 수원시 권선구 권선로 700(권선동),경기도 수원시 권선구 권선동 1028-1,37.2585478336,127.0276522045,폐수배출시설 및 방지시설 폐쇄,000-0000-0000,,수질,2025-11-27,3740000,경기도 수원시
기성산업,경기도,수원시,경기도 수원시 권선구 세화로 20,경기도 수원시 권선구 세류동 362-2,37.2582999255,127.004055053,환경기술인비상근,031-293-6444,,대기,2025-11-27,3740000,경기도 수원시
㈜뉴평동공업사,경기도,수원시,"경기도 수원시 권선구 평동로79번길 45, 641~649호",경기도 수원시 권선구 평동 179,37.2598228316,126.9925679664,운영일지 미작성 등,031-278-8901,,대기,2025-11-27,3740000,경기도 수원시
일주자동차정비공업사,경기도,수원시,경기도 수원시 권선구 매송고색로 858(평동),경기도 수원시 권선구 평동 55-2,37.2570443734,126.9963913215,운영일지 미작성 등,031-296-1919,,대기,2025-11-27,3740000,경기도 수원시
현대자동차정비공업사,경기도,수원시,경기도 수원시 권선구 평동로 10(고색동),경기도 수원시 권선구 고색동 21-7,37.2535201738,126.9886516728,환경기술인 준수사항 위반,031-292-6741,,대기,2025-11-27,3740000,경기도 수원시
㈜신안전자동차공업사,경기도,수원시,경기도 수원시 권선구 효행로 40(오목천동),경기도 수원시 권선구 오목천동 408,37.2396626792,126.959291019,환경기술인 준수사항 위반,031-293-6036,,대기,2025-11-27,3740000,경기도 수원시
레인보우카워시,경기도,수원시,경기도 수원시 장안구 이목로63(이목동872),,37.3110322001,126.9880845319,환경기술인 교육 미이수,000-0000-0000,,수질,2025-11-27,3740000,경기도 수원시
에스케이넥실리스㈜,경기도,수원시,"경기도 수원시 장안구 정자로 102, 4층(정자동, SKC㈜첨단기술중앙연구소)",경기도 수원시 장안구 정자동 911-10,37.3016539558,126.9881400389,운영일지 미작성,031-688-6652,,수질,2025-11-27,3740000,경기도 수원시
오토스테이션,경기도,수원시,경기도 수원시 장안구 경수대로 834(조원동),경기도 수원시 장안구 조원동 563-3,37.2958206755,127.0161542822,환경기술인 교육 미이수,031-273-0181,,수질,2025-11-27,3740000,경기도 수원시
전일세차장,경기도,수원시,경기도 수원시 장안구 송정로 27(송죽동),경기도 수원시 장안구 정자동 56-2,37.2965675664,127.0000532342,출허용기준 초과,031-241-3742,,수질,2025-11-27,3740000,경기도 수원시
대영골드,경기도,수원시,경기도 수원시 영통구 신원로 125(신동),경기도 수원시 영통구 신동 396-6,37.2488786112,127.0548894306,운영일지 미작성,031-204-1594,,수질,2025-11-27,3740000,경기도 수원시
주식회사 메탈,경기도,수원시,경기도 수원시 영통구 신원로 296-5(원천동),경기도 수원시 영통구 원천동 344-7,37.2619053961,127.0610631033,변경신고 미이행,031-211-3471,,수질,2025-11-27,3740000,경기도 수원시
일흥도자기,경상남도,합천군,경상남도 합천군 야로면 금평길 102,경상남도 합천군 야로면 금평리 501-2,35.70102411,128.178781,법 제33조제1항에 따른 허가를 받거나 신고를 한 후 특별한 사유 없이 5년 이내에 배출시설 또는 방지시설을 설치하지 아니하거나 배출시설의 멸실 또는 폐업이 확인된 경우,055-933-2888,,수질,2025-12-01,5480000,경상남도 합천군
일흥도자기,경상남도,합천군,경상남도 합천군 야로면 금평길 102,경상남도 합천군 야로면 금평리 501-2,35.70102411,128.178781,[대기환경보전법]제23조제1항에 따른 허가를 받거나 신고를 한 후 특별한 사유 없이 5년 이내에 배출시설 또는 방지시설을 설치하지 아니하거나 배출시설의 멸실 또는 폐업이 확인된 경,055-933-2888,,대기,2025-12-01,5480000,경상남도 합천군
합천농협연합미곡종합처리장,경상남도,합천군,경상남도 합천군 합천읍 마령로 240,경상남도 합천군 합천읍 금양리 626,35.60894529,128.1657066,법 제23조제2항 또는 법 제23조제3항을 위반하여 변경신고를 하지 아니한 경우,055-931-5543,,대기,2025-12-01,5480000,경상남도 합천군
(주)텍스텍코퍼레이션,경상남도,합천군,경상남도 합천군 야로면 야로공단길 6,경상남도 합천군 야로면 매촌리 666-6,35.71620515,128.1661416,법 제33조제2항 또는 제3항에 따른 폐수배출시설 변경신고를 하지 아니한 경우,000-0000-0000,,수질,2025-12-01,5480000,경상남도 합천군
구포국수,경상남도,합천군,경상남도 합천군 가회면 황매산로 81,경상남도 합천군 가회면 덕촌리 482-4,35.4356407,128.0306419,법 제23조제2항 또는 법 제23조제3항을 위반하여 변경신고를 하지 아니한 경우,055-930-9988,,대기,2025-12-01,5480000,경상남도 합천군
대경,경상남도,합천군,경상남도 합천군 야로면 하빈1길 34-16,,35.71214804,128.1810384,법 제23조제2항 또는 법 제23조제3항을 위반하여 변경신고를 하지 아니한 경우,000-0000-0000,,대기,2025-12-01,5480000,경상남도 합천군
대보실업(주),경상남도,합천군,경상남도 합천군 대병면 대병3산로 345-14,경상남도 합천군 대병면 성리 1318-6,35.51911104,128.0466216,법 제37조제1항에 따른 가동개시 신고를 하고 조업 중인 폐수배출시설에서 배출되는 수질오염물질의 정도가 폐수배출시설 또는 방지시설의 결함ㆍ고장 또는 운전미숙 등으로 법 제32조에 ,055-931-6667,,수질,2025-12-01,5480000,경상남도 합천군
더블유카워시 합천점,경상남도,합천군,경상남도 합천군 합천읍 옥산로 122 세차장,경상남도 합천군 합천읍 합천리 360-11 세차장,35.56759526,128.1682224,법 제37조제1항에 따른 가동개시 신고를 하고 조업 중인 폐수배출시설에서 배출되는 수질오염물질의 정도가 폐수배출시설 또는 방지시설의 결함ㆍ고장 또는 운전미숙 등으로 법 제32조에 ,000-0000-0000,,수질,2025-12-01,5480000,경상남도 합천군
(주)한화,경상남도,합천군,,경상남도 합천군 대병면 대지리 362-3,35.54011616,127.9774176,법 제 15조 제1항 각 호의 어느 하나에 해당하는 행위를 한경우 - 공공수역에 다량의 토사를 유출하거나 버려 상수원 또는 하천·호소를 현저히 오염되게 하는 행위,055-723-4077,,수질,2025-12-01,5480000,경상남도 합천군
계림건강식품 영농조합법인,경상남도,합천군,경상남도 합천군 삼가면 하판로 23,,35.41727043,128.1082142,법 제33조제1항에 따른 허가를 받거나 신고를 한 후 특별한 사유 없이 5년 이내에 배출시설 또는 방지시설을 설치하지 아니하거나 배출시설의 멸실 또는 폐업이 확인된 경우,055-932-7700,,수질,2025-12-01,5480000,경상남도 합천군
아인세라믹,경상남도,합천군,경상남도 합천군 가야면 매화산로 56-3,경상남도 합천군 가야면 사촌리 930,35.74899696,128.1195816,[대기환경보전법]제23조제1항에 따른 허가를 받거나 신고를 한 후 특별한 사유 없이 5년 이내에 배출시설 또는 방지시설을 설치하지 아니하거나 배출시설의 멸실 또는 폐업이 확인된 경,055-932-0758,,대기,2025-12-01,5480000,경상남도 합천군
대진도예,경상남도,합천군,경상남도 합천군 가야면 구미2길 71,경상남도 합천군 가야면 구미리 310-1,35.74063228,128.1082946,[대기환경보전법]제23조제1항에 따른 허가를 받거나 신고를 한 후 특별한 사유 없이 5년 이내에 배출시설 또는 방지시설을 설치하지 아니하거나 배출시설의 멸실 또는 폐업이 확인된 경,055-933-9547,,대기,2025-12-01,5480000,경상남도 합천군
동흥식품,경상남도,합천군,경상남도 합천군 야로면 야로공단길 40,경상남도 합천군 야로면 매촌리 666-1,35.71830034,128.1652624,법 제33조제2항 또는 제3항에 따른 폐수배출시설 변경신고를 하지 아니한 경우,055-933-3401,,수질,2025-12-01,5480000,경상남도 합천군
(주)에이스푸드,경상남도,합천군,경상남도 합천군 야로면 야로공단길 37,경상남도 합천군 야로면 매촌리 666-9,35.71755852,128.1646509,법 제33조제2항 또는 제3항에 따른 폐수배출시설 변경신고를 하지 아니한 경우,055-932-2724,,수질,2025-12-01,5480000,경상남도 합천군
(주)에이스푸드,경상남도,합천군,,경상남도 합천군 야로면 매촌리 666-9,35.7174107,128.1647618,법 제37조제1항에 따른 가동개시 신고를 하고 조업 중인 폐수배출시설에서 배출되는 수질오염물질의 정도가 폐수배출시설 또는 방지시설의 결함ㆍ고장 또는 운전미숙 등으로 법 제32조에,055-932-2724,,수질,2025-12-01,5480000,경상남도 합천군
북부권농기계대여은행,경상남도,합천군,,경상남도 합천군 야로면 야로리 225-5,35.7091522,128.1726687,법 제37조제1항에 따른 가동개시 신고를 하고 조업 중인 폐수배출시설에서 배출되는 수질오염물질의 정도가 폐수배출시설 또는 방지시설의 결함ㆍ고장 또는 운전미숙 등으로 법 제32조에,055-930-3951,,수질,2025-12-01,5480000,경상남도 합천군
초계1급자동차정비공장,경상남도,합천군,,경상남도 합천군 초계면 아막리 61-1,35.5572224,128.2726983,법 제31조제2항에 따른 배출시설 및 방지시설의 운영에 관한 관리기록을 거짓으로 기재하였거나 보존·비치하지 아니한 경우,055-932-3020,,대기,2025-12-01,5480000,경상남도 합천군
진성개발(주),경상남도,합천군,,경상남도 합천군 용주면 팔산리 산5-1,35.5359827,128.1441763,법 제33조제2항 또는 제3항에 따른 폐수배출시설 변경신고를 하지 아니한 경우,055-931-7171,,수질,2025-12-01,5480000,경상남도 합천군
류림통상,경상남도,합천군,,경상남도 합천군 야로면 매촌리 675-124,35.7198568,128.1622578,법 제 67조의 규정을 위반하여 환경기술인등의 교육을 받게 하지 아니한 경우,055-931-0000,,수질,2025-12-01,5480000,경상남도 합천군
(주)현대약품,경상남도,합천군,,경상남도 합천군 율곡면 임북리 433-21,35.5766379,128.1819056,법 제23조제2항 또는 법 제23조제3항을 위반하여 변경신고를 하지 아니한 경우,055-931-5770,,대기,2025-12-01,5480000,경상남도 합천군
(주)경남실업,경상남도,합천군,,경상남도 합천군 대양면 무곡리 산158,35.5131545,128.1930073,법 제31조제2항에 따른 배출시설 및 방지시설의 운영에 관한 관리기록을 거짓으로 기재하였거나 보존·비치하지 아니한 경우,055-931-0000,,대기,2025-12-01,5480000,경상남도 합천군
(주)영중개발,경상남도,합천군,,경상남도 합천군 초계면 신촌리 산44-2,35.5105645,128.2488385,법 제31조제2항에 따른 배출시설 및 방지시설의 운영에 관한 관리기록을 거짓으로 기재하였거나 보존·비치하지 아니한 경우,055-931-0000,,대기,2025-12-01,5480000,경상남도 합천군
영진산업개발 주식회사,경상남도,합천군,,경상남도 합천군 대병면 성리 1313,35.5207817,128.0458119,법 제31조제2항에 따른 배출시설 및 방지시설의 운영에 관한 관리기록을 거짓으로 기재하였거나 보존·비치하지 아니한 경우,02-3481-0562,,대기,2025-12-01,5480000,경상남도 합천군
영진산업개발(주)(6공구),경상남도,합천군,,경상남도 합천군 대병면 성리 1313,35.5207817,128.0458119,법 제38조제3항에 따른 폐수배출시설 및 방지시설의 운영에 관한 관리기록을 거짓으로 기록하거나 보존ㆍ비치하지 아니한 경우,02-3481-0562,,수질,2025-12-01,5480000,경상남도 합천군
(주)한화,경상남도,합천군,,서울특별시 중구 장교동 1 한화빌딩,37.5673776,126.9865808,법 제37조제1항에 따른 가동개시 신고를 하고 조업 중인 폐수배출시설에서 배출되는 수질오염물질의 정도가 폐수배출시설 또는 방지시설의 결함ㆍ고장 또는 운전미숙 등으로 법 제32조에,055-934-4492,,수질,2025-12-01,5480000,경상남도 합천군
국제장여관목욕탕,경상남도,합천군,,경상남도 합천군 합천읍 합천리 415-4,35.5688243,128.1620521,법 제23조제2항 또는 법 제23조제3항을 위반하여 변경신고를 하지 아니한 경우,055-931-8300,,대기,2025-12-01,5480000,경상남도 합천군
장차건설(주)(대양3터널),경상남도,합천군,,경상남도 합천군 대양면 백암리 785-17,35.5006668,128.2112532,법 제37조제1항에 따른 가동개시 신고를 하고 조업 중인 폐수배출시설에서 배출되는 수질오염물질의 정도가 폐수배출시설 또는 방지시설의 결함ㆍ고장 또는 운전미숙 등으로 법 제32조에,055-932-3008,,수질,2025-12-01,5480000,경상남도 합천군
(주)한화(대병1터널),경상남도,합천군,,경상남도 합천군 대병면 대지리 산31-3,35.5389061,127.9775032,법 제37조제1항에 따른 가동개시 신고를 하고 조업 중인 폐수배출시설에서 배출되는 수질오염물질의 정도가 폐수배출시설 또는 방지시설의 결함ㆍ고장 또는 운전미숙 등으로 법 제32조에,055-934-4492,,수질,2025-12-01,5480000,경상남도 합천군
한국세라믹,경상남도,합천군,,경상남도 합천군 가야면 사촌리 851,35.7471077,128.1214696,법 제23조제2항 또는 법 제23조제3항을 위반하여 변경신고를 하지 아니한 경우,055-931-5689,,대기,2025-12-01,5480000,경상남도 합천군
(주)세광,경상남도,합천군,,경상남도 합천군 용주면 성산리 산64-1,35.5356954,128.150627,법 제31조제2항에 따른 배출시설 및 방지시설의 운영에 관한 관리기록을 거짓으로 기재하였거나 보존·비치하지 아니한 경우,055-931-5599,,대기,2025-12-01,5480000,경상남도 합천군
(주)세광,경상남도,합천군,,경상남도 합천군 용주면 성산리 산64-1,35.5356954,128.150627,법 제38조제3항에 따른 폐수배출시설 및 방지시설의 운영에 관한 관리기록을 거짓으로 기록하거나 보존ㆍ비치하지 아니한 경우,055-931-5599,,수질,2025-12-01,5480000,경상남도 합천군
(주)신원테크,경상남도,합천군,,경상남도 합천군 율곡면 임북리 433-16,35.5778916,128.1814119,법 제31조제2항에 따른 배출시설 및 방지시설의 운영에 관한 관리기록을 거짓으로 기재하였거나 보존·비치하지 아니한 경우,055-932-3616,,대기,2025-12-01,5480000,경상남도 합천군
신원테크,경상남도,합천군,,경상남도 합천군 율곡면 임북리 433-16,35.5778916,128.1814119,법 제38조제3항에 따른 폐수배출시설 및 방지시설의 운영에 관한 관리기록을 거짓으로 기록하거나 보존ㆍ비치하지 아니한 경우,055-932-3616,,수질,2025-12-01,5480000,경상남도 합천군
대경,경상남도,합천군,,경상남도 합천군 야로면 하빈리 573-5,35.7121685,128.1810304,법 제39조제1항에 따른 자가측정을 위반한 다음과 같은 경우-자가측정을 하지 아니하거나 자가측정 횟수가 적정하지 아니한 경우,055-932-8815,,대기,2025-12-01,5480000,경상남도 합천군
(주)흙사랑,경상남도,합천군,,경상남도 합천군 합천읍 서산리 231,35.6034422,128.1359864,법 제39조제1항에 따른 자가측정을 위반한 다음과 같은 경우-자가측정을 하지 아니하거나 자가측정 횟수가 적정하지 아니한 경우,055-932-3603,,대기,2025-12-01,5480000,경상남도 합천군
초계석재,경상남도,합천군,,경상남도 합천군 율곡면 낙민리 산267-2,35.5725997,128.2476952,법 제33조제2항 또는 제3항에 따른 폐수배출시설 변경신고를 하지 아니한 경우,055-931-0000,,수질,2025-12-01,5480000,경상남도 합천군
(주)기남,경상남도,합천군,,경상남도 합천군 야로면 매촌리 675-125,35.7195132,128.1630308,법 제37조제1항에 따른 가동개시 신고를 하고 조업 중인 폐수배출시설에서 배출되는 수질오염물질의 정도가 폐수배출시설 또는 방지시설의 결함ㆍ고장 또는 운전미숙 등으로 법 제32조에,055-934-1100,,수질,2025-12-01,5480000,경상남도 합천군
(주)백광테크합천공장,경상남도,합천군,,경상남도 합천군 야로면 매촌리 666-6,35.7159664,128.1663283,법 제33조제2항 또는 제3항에 따른 폐수배출시설 변경신고를 하지 아니한 경우,055-932-2001,,수질,2025-12-01,5480000,경상남도 합천군
(주)기남,경상남도,합천군,,경상남도 합천군 야로면 매촌리 675-125,35.7195132,128.1630308,법 제38조제3항에 따른 폐수배출시설 및 방지시설의 운영에 관한 관리기록을 거짓으로 기록하거나 보존ㆍ비치하지 아니한 경우,055-934-1100,,수질,2025-12-01,5480000,경상남도 합천군
경남기업(주),경상남도,합천군,,충청남도 아산시 권곡동 528-12,36.7891306,127.0124641,법 제33조제2항 또는 제3항에 따른 폐수배출시설 변경신고를 하지 아니한 경우,055-932-3008,,수질,2025-12-01,5480000,경상남도 합천군
주식회사경산세라믹,경상남도,합천군,,경상남도 합천군 율곡면 임북리 433-17,35.5781246,128.1823392,법 제23조제2항 또는 법 제23조제3항을 위반하여 변경신고를 하지 아니한 경우,055-931-1240,,대기,2025-12-01,5480000,경상남도 합천군
주식회사 유림골재,경상남도,합천군,,경상남도 합천군 덕곡면 본곡리 371,35.6386515,128.3137296,법 제23조제2항 또는 법 제23조제3항을 위반하여 변경신고를 하지 아니한 경우,055-932-3114,,대기,2025-12-01,5480000,경상남도 합천군
(주)경남실업,경상남도,합천군,,경상남도 합천군 대양면 무곡리 산158,35.5131545,128.1930073,법 제33조제2항 또는 제3항에 따른 폐수배출시설 변경신고를 하지 아니한 경우,055-931-0000,,수질,2025-12-01,5480000,경상남도 합천군
(주)경남실업,경상남도,합천군,,경상남도 합천군 대양면 무곡리 산158,35.5131545,128.1930073,법 제23조제2항 또는 법 제23조제3항을 위반하여 변경신고를 하지 아니한 경우,055-931-0000,,대기,2025-12-01,5480000,경상남도 합천군
농업회사법인 합천유통(주),경상남도,합천군,,경상남도 합천군 합천읍 금양리 314,35.5893662,128.1752582,법 제37조제1항에 따른 가동개시 신고를 하고 조업 중인 폐수배출시설에서 배출되는 수질오염물질의 정도가 폐수배출시설 또는 방지시설의 결함ㆍ고장 또는 운전미숙 등으로 법 제32조에,055-933-9100,,수질,2025-12-01,5480000,경상남도 합천군
참빛동아산업1공장,경상남도,합천군,,경상남도 합천군 율곡면 임북리 493,35.5823074,128.1820397,법 제31조제2항에 따른 배출시설 및 방지시설의 운영에 관한 관리기록을 거짓으로 기재하였거나 보존·비치하지 아니한 경우,055-933-3301,,대기,2025-12-01,5480000,경상남도 합천군
합천축산업협동좋합 섬유질사료공장,경상남도,합천군,,경상남도 합천군 율곡면 임북리 571,35.5751155,128.175194,법 제31조제1항을 위반하여 다음과 같은 행위를 하는 경우-방지시설에 딸린 기계·기구류(예비용을 포함한다)의 고장 또는 훼손을 정당한 사유 없이 방치하는 행위,055-932-8000,,대기,2025-12-01,5480000,경상남도 합천군
주식회사보광아스콘,경상남도,합천군,,경상남도 합천군 율곡면 와리 152-2,35.6242994,128.2008362,법 제23조제2항 또는 법 제23조제3항을 위반하여 변경신고를 하지 아니한 경우,055-934-1042,,대기,2025-12-01,5480000,경상남도 합천군
합천농협주유소,경상남도,합천군,,경상남도 합천군 합천읍 합천리 433,35.5683976,128.1643349,방지시설의 결함 가동요원의 기술미숙 등으로 처리한 폐수가 배출허용기준을 초과한 경우,055-933-8600,,수질,2025-12-01,5480000,경상남도 합천군
동방정미소,경상남도,합천군,,경상남도 합천군 초계면 중리 269-2,35.5602837,128.2578279,법 제39조제1항에 따른 자가측정을 위반한 다음과 같은 경우-자가측정을 하지 아니하거나 자가측정 횟수가 적정하지 아니한 경우,055-932-1076,,대기,2025-12-01,5480000,경상남도 합천군
(주)한주,경상남도,합천군,,경상남도 합천군 청덕면 적포리 859-3,35.5531388,128.3465632,법 제23조제2항 또는 법 제23조제3항을 위반하여 변경신고를 하지 아니한 경우,055-934-2182,,대기,2025-12-01,5480000,경상남도 합천군
나동조경자재(주)합천공장,경상남도,합천군,,경상남도 합천군 삼가면 금리 544,35.4156935,128.1179532,법 제23조에 따라 배출시설설치허가(변경허가를 포함한다)를 받지 아니하거나 신고를 하지 아니하고 배출시설을 설치한 경우-해당지역이 배출시설의 설치가 불가능한 지역인 경우,055-761-6667,,대기,2025-12-01,5480000,경상남도 합천군
경원요업,경상남도,합천군,,경상남도 합천군 가야면 사촌리 850-4,35.7467293,128.1213032,법 제23조제2항 또는 법 제23조제3항을 위반하여 변경신고를 하지 아니한 경우,055-931-5689,,대기,2025-12-01,5480000,경상남도 합천군
합천축산업협동좋합 섬유질사료공장,경상남도,합천군,,경상남도 합천군 율곡면 임북리 571,35.5751155,128.175194,법 제23조제2항 또는 법 제23조제3항을 위반하여 변경신고를 하지 아니한 경우,055-932-8000,,대기,2025-12-01,5480000,경상남도 합천군
합천농협연합미곡종합처리장,경상남도,합천군,,경상남도 합천군 합천읍 금양리 633,35.6090923,128.1660185,법 제39조제1항에 따른 자가측정을 위반한 다음과 같은 경우-자가측정을 하지 아니하거나 자가측정 횟수가 적정하지 아니한 경우,055-931-5543,,대기,2025-12-01,5480000,경상남도 합천군
나동조경자재(주)합천공장,경상남도,합천군,,경상남도 합천군 삼가면 금리 544,35.4156935,128.1179532,법 제23조의 규정에 의하여 배출시설설치허가(변경허가를 포함한다)를 받지 아니하거나 신고를 하지아니하고 배출시설을 설치한 경우 당해 지역이 배출시설의 설치가 가능한 지역일 경우,055-761-6667,,대기,2025-12-01,5480000,경상남도 합천군
첫눈에반한딸기 영농조합법인,경상남도,합천군,,경상남도 합천군 율곡면 제내리 794,35.5785398,128.2044513,법 제33조제2항 또는 제3항에 따른 폐수배출시설 변경신고를 하지 아니한 경우,055-932-7772,,수질,2025-12-01,5480000,경상남도 합천군
(주)보림산업,경상남도,합천군,,경상남도 합천군 용주면 방곡리 826-13,35.5687435,128.1047509,법 제30조에 따른 가동개시신고를 하고 가동 중인 배출시설에서 배출되는 대기오염물질의 정도가 배출시설 또는 방지시설의 결함·고장 또는 운전미숙 등으로 인하여 법 제16조에 따른 배,055-932-0771,,대기,2025-12-01,5480000,경상남도 합천군
(주)대경산업,경상남도,합천군,,경상남도 합천군 율곡면 임북리 433-10,35.5785441,128.1790853,법 제30조에 따른 가동개시신고를 하고 가동 중인 배출시설에서 배출되는 대기오염물질의 정도가 배출시설 또는 방지시설의 결함·고장 또는 운전미숙 등으로 인하여 법 제16조에 따른 배,055-931-9688,,대기,2025-12-01,5480000,경상남도 합천군
(주)에이스푸드,경상남도,합천군,,경상남도 합천군 야로면 매촌리 666-9,35.7174107,128.1647618,법 제38조제1항 각 호의 어느 하나에 해당하는 행위를 한 경우-법 제38조제1항제3호 단서에 따른 인정을 받지 아니하고 수질오염물질을 희석하여 배출한 경우,055-934-2347,,수질,2025-12-01,5480000,경상남도 합천군
도보산업(주),경상남도,합천군,,경상남도 합천군 초계면 대동리 435,35.5664848,128.2494305,폐수배출시설 변경신고 미이행,055-932-7868,,수질,2025-12-01,5480000,경상남도 합천군
주식회사경산세라믹,경상남도,합천군,,경상남도 합천군 율곡면 임북리 433-17,35.5781246,128.1823392,운영기록부 미작성,055-931-1240,,대기,2025-12-01,5480000,경상남도 합천군
(주)영중개발,경상남도,합천군,,경상남도 합천군 야로면 묵촌리 169,35.6967439,128.1500121,대기배출시설 및 방지시설 운영기록부 거짓작성,055-931-0000,,대기,2025-12-01,5480000,경상남도 합천군
(주)구일알앤씨,경상남도,합천군,,경상남도 합천군 율곡면 임북리 433-11,35.5786238,128.1800123,법 제31조제1항을 위반하여 다음과 같은 행위를 하는 경우-배출시설 가동 시에 방지시설을 가동하지 아니하거나 오염도를 낮추기 위하여 배출시설에서 배출되는 대기오염물질에 공기를 섞어,055-931-9197,,대기,2025-12-01,5480000,경상남도 합천군
진양세차장,경상남도,합천군,,경상남도 합천군 대양면 정양리 104-1,35.5562846,128.1631519,법 제37조제1항에 따른 가동개시 신고를 하고 조업 중인 폐수배출시설에서 배출되는 수질오염물질의 정도가 폐수배출시설 또는 방지시설의 결함ㆍ고장 또는 운전미숙 등으로 법 제32조에,055-934-0555,,수질,2025-12-01,5480000,경상남도 합천군
현대약품(주),경상남도,합천군,,경상남도 합천군 율곡면 임북리 433-21,35.5766379,128.1819056,법 제37조제1항에 따른 가동개시 신고를 하고 조업 중인 폐수배출시설에서 배출되는 수질오염물질의 정도가 폐수배출시설 또는 방지시설의 결함ㆍ고장 또는 운전미숙 등으로 법 제32조에,055-931-5770,,수질,2025-12-01,5480000,경상남도 합천군
상민석재,경상남도,합천군,,경상남도 합천군 율곡면 임북리 493-10,35.5800926,128.1803024,법 제38조제3항에 따른 폐수배출시설 및 방지시설의 운영에 관한 관리기록을 거짓으로 기록하거나 보존ㆍ비치하지 아니한 경우,055-932-3659,,수질,2025-12-01,5480000,경상남도 합천군
진성개발(주),경상남도,합천군,,경상남도 합천군 용주면 팔산리 산5-1,35.5359827,128.1441763,기술요원을 정당한 사유 없이 법 제67조에 따른 교육에 불참하게 한 경우,055-931-7171,,수질,2025-12-01,5480000,경상남도 합천군
동산주유소,경상남도,합천군,,경상남도 합천군 초계면 중리 83,35.5624657,128.253279,법 제 67조의 규정을 위반하여 환경기술인등의 교육을 받게 하지 아니한 경우,055-931-0000,,수질,2025-12-01,5480000,경상남도 합천군
구포식품,경상남도,합천군,,경상남도 합천군 가회면 오도리 437-2,35.4439083,128.024421,기술요원을 정당한 사유 없이 법 제67조에 따른 교육에 불참하게 한 경우,055-931-9988,,수질,2025-12-01,5480000,경상남도 합천군
대성화학,경상남도,합천군,,경상남도 합천군 쌍책면 다라리 619,35.5744115,128.292009,기술요원을 정당한 사유 없이 법 제67조에 따른 교육에 불참하게 한 경우,055-931-0000,,수질,2025-12-01,5480000,경상남도 합천군
원진기업주식회사,경상남도,합천군,,경상남도 합천군 율곡면 임북리 433-11,35.5786238,128.1800123,법 제77조를 위반하여 환경기술인 등의 교육을 받게 하지 아니하였을 경우,055-931-9197,,대기,2025-12-01,5480000,경상남도 합천군
(주)현대약품,경상남도,합천군,,경상남도 합천군 율곡면 임북리 433-21,35.5766379,128.1819056,법 제31조제1항을 위반하여 다음과 같은 행위를 하는 경우-부식·마모로 인하여 대기오염물질이 누출되는 배출시설이나 방지시설을 정당한 사유 없이 방치하는 행위,055-931-5770,,대기,2025-12-01,5480000,경상남도 합천군
(주)에이스텍스,경상남도,합천군,,경상남도 합천군 야로면 매촌리 675-125,35.7195132,128.1630308,법 제33조제2항 또는 제3항에 따른 폐수배출시설 변경신고를 하지 아니한 경우,055-934-1100,,수질,2025-12-01,5480000,경상남도 합천군
현대약품공업주식회사,경상남도,합천군,,경상남도 합천군 율곡면 임북리 433-21,35.5766379,128.1819056,법 제37조제1항에 따른 가동개시 신고를 하고 조업 중인 폐수배출시설에서 배출되는 수질오염물질의 정도가 폐수배출시설 또는 방지시설의 결함ㆍ고장 또는 운전미숙 등으로 법 제32조에,055-931-5770,,수질,2025-12-01,5480000,경상남도 합천군
합천군청(합천소각장),경상남도,합천군,,경상남도 합천군 대양면 정양리 11,35.549355,128.1746306,법 제30조에 따른 가동개시신고를 하고 가동 중인 배출시설에서 배출되는 대기오염물질의 정도가 배출시설 또는 방지시설의 결함·고장 또는 운전미숙 등으로 인하여 법 제16조에 따른 배,055-931-9285,,대기,2025-12-01,5480000,경상남도 합천군
원진기업주식회사,경상남도,합천군,,경상남도 합천군 율곡면 임북리 433-11,35.5786238,128.1800123,법 제38조제1항 각 호의 어느 하나에 해당하는 행위를 한 경우-폐수배출시설에서 배출되는 수질오염물질을 방지시설에 유입하지 아니하고 배출한 경우,055-931-9197,,수질,2025-12-01,5480000,경상남도 합천군
(주)신안그로,경상남도,합천군,,경상남도 합천군 율곡면 임북리 493-5,35.5829236,128.1798785,법 제23조에 따라 배출시설설치허가(변경허가를 포함한다)를 받지 아니하거나 신고를 하지 아니하고 배출시설을 설치한 경우-해당지역이 배출시설의 설치가 가능한 지역인 경우,055-932-4134,,대기,2025-12-01,5480000,경상남도 합천군
해인,경상남도,합천군,,경상남도 합천군 적중면 죽고리 838-9,35.5635045,128.2921569,법 제33조제2항 또는 제3항에 따른 폐수배출시설 변경신고를 하지 아니한 경우,055-931-0000,,수질,2025-12-01,5480000,경상남도 합천군
원진기업주식회사,경상남도,합천군,,경상남도 합천군 율곡면 임북리 433-11,35.5786238,128.1800123,법 제33조제2항 또는 제3항에 따른 폐수배출시설 변경신고를 하지 아니한 경우,055-931-9197,,수질,2025-12-01,5480000,경상남도 합천군
원진기업주식회사,경상남도,합천군,,경상남도 합천군 율곡면 임북리 433-11,35.5786238,128.1800123,법 제23조제2항 또는 법 제23조제3항을 위반하여 변경신고를 하지 아니한 경우,055-931-9197,,대기,2025-12-01,5480000,경상남도 합천군
경남합천농축산업영농조합,경상남도,합천군,,경상남도 합천군 율곡면 낙민리 산108,35.5773476,128.2259853,법 제77조를 위반하여 환경기술인 등의 교육을 받게 하지 아니하였을 경우,055-934-1400,,대기,2025-12-01,5480000,경상남도 합천군
동산주유소,경상남도,합천군,,경상남도 합천군 초계면 중리 83,35.5624657,128.253279,법 제37조제1항에 따른 가동개시 신고를 하고 조업 중인 폐수배출시설에서 배출되는 수질오염물질의 정도가 폐수배출시설 또는 방지시설의 결함ㆍ고장 또는 운전미숙 등으로 법 제32조에,055-931-0000,,수질,2025-12-01,5480000,경상남도 합천군
(주)해인,경상남도,합천군,,경상남도 합천군 적중면 죽고리 838-9,35.5635045,128.2921569,법 제33조제2항 또는 제3항에 따른 폐수배출시설 변경신고를 하지 아니한 경우,055-931-0000,,수질,2025-12-01,5480000,경상남도 합천군
성림Textile,경상남도,합천군,,경상남도 합천군 야로면 매촌리 675-124,35.7198568,128.1622578,법 제 67조의 규정을 위반하여 환경기술인등의 교육을 받게 하지 아니한 경우,055-931-0000,,수질,2025-12-01,5480000,경상남도 합천군
(주)제이엔에스,경상남도,합천군,,경상남도 합천군 율곡면 임북리 433-11,35.5786238,128.1800123,법 제 67조의 규정을 위반하여 환경기술인등의 교육을 받게 하지 아니한 경우,055-931-9197,,수질,2025-12-01,5480000,경상남도 합천군
(주)성지이테크,경상남도,합천군,,경상남도 합천군 율곡면 두사리 300,35.6050051,128.2241425,법 제33조제2항 또는 제3항에 따른 폐수배출시설 변경신고를 하지 아니한 경우,055-932-9200,,수질,2025-12-01,5480000,경상남도 합천군
경남합천농축산업영농조합,경상남도,합천군,,경상남도 합천군 율곡면 낙민리 산108,35.5773476,128.2259853,법 제40조에 따른 환경기술인 임명 등을 위반한 다음과 같은 경우-환경관리인의 준수사항 및 관리사항을 이행하지 아니한 경우·,055-934-1400,,대기,2025-12-01,5480000,경상남도 합천군
삼성요업,경상남도,합천군,,경상남도 합천군 가야면 황산리 53,35.7577533,128.1375202,제10조제2항 또는 제3항의 규정에 의한 변경신고를 하지 아니한 자,055-931-7011,,수질,2025-12-01,5480000,경상남도 합천군
초계석재,경상남도,합천군,,경상남도 합천군 율곡면 낙민리 산267-2,35.5725997,128.2476952,수질환경보전법 제15조 제1항 제2호 위반(폐수방지시설에 유입되는 오염물질(폐수)을 최종방류구를 거치지 아니하고 배출),055-931-0000,,수질,2025-12-01,5480000,경상남도 합천군
(주)경산세라믹,경상남도,합천군,,경상남도 합천군 율곡면 임북리 433-1617,35.5776903,128.1834195,수질환경보전법 제15조(배출시설 및 방지시설의 운영) 제1항 1호,055-931-1240,,수질,2025-12-01,5480000,경상남도 합천군
(주)경산세라믹,경상남도,합천군,,경상남도 합천군 율곡면 임북리 433-17,35.5781246,128.1823392,수질환경보전법 제15조 제1항 제 1호,055-931-1240,,수질,2025-12-01,5480000,경상남도 합천군
대광수지,경상남도,합천군,,경상남도 합천군 쌍책면 다라리 619,35.5744115,128.292009,수질환경보전법 제48조(환경관리인 보충교육 미이수),055-931-0000,,수질,2025-12-01,5480000,경상남도 합천군
쌍백석물,경상남도,합천군,,경상남도 합천군 쌍백면 평지리 1282-1,35.4386371,128.1620001,수질환경보전법 제14조 제1항 위반(가동개시신고를 하지 아니하고 폐수배출시설을 이용조업),055-932-3659,,수질,2025-12-01,5480000,경상남도 합천군
(주)명로샘물,경상남도,합천군,,경상남도 합천군 묘산면 반포리 553-1,35.6416988,128.0839432,수질환경보전법 제14조 제1항(배출시설등의 가동개시신고),055-931-8460,,수질,2025-12-01,5480000,경상남도 합천군
동아도시산업(주),경상남도,합천군,,경상남도 합천군 율곡면 임북리 493,35.5823074,128.1820397,대기환경보전법 제8조(배출허용기준을초과),055-933-3301,,대기,2025-12-01,5480000,경상남도 합천군
(주)길원합천공장,경상남도,합천군,,경상남도 합천군 야로면 매촌리 675-126,35.7191248,128.1636711,수질환경보전법 제48조(환경관리인등의 교육),055-931-6477,,수질,2025-12-01,5480000,경상남도 합천군
대광수지,경상남도,합천군,,경상남도 합천군 쌍책면 다라리 619,35.5744115,128.292009,수질환경보전법 제48조(환경관리인 등의 교육),055-931-0000,,수질,2025-12-01,5480000,경상남도 합천군
(주)명성,경상남도,합천군,,경상남도 합천군 율곡면 임북리 433-22,35.5775956,128.1804513,수질환경보전법 제48조(환경관리인 등의 교육),055-933-9556,,수질,2025-12-01,5480000,경상남도 합천군
대림석재,경상남도,합천군,,경상남도 합천군 묘산면 관기리 902,35.6543141,128.1203461,비정상운영,055-931-1990,,수질,2025-12-01,5480000,경상남도 합천군
주식회사한일석재,경상남도,합천군,,경상남도 합천군 묘산면 산제리 116-2,35.6568775,128.1069974,비정상운영,055-933-1424,,수질,2025-12-01,5480000,경상남도 합천군
은창실업,경상남도,합천군,,경상남도 합천군 율곡면 임북리 433-22,35.5775956,128.1804513,미신고 폐수배출시설 설치,055-933-4782,,수질,2025-12-01,5480000,경상남도 합천군
한국환경자원공사합천사업소,경상남도,합천군,,경상남도 합천군 쌍백면 장전리 376-1,35.485238,128.1560431,미신고 배출시설 설치,055-933-0830,,대기,2025-12-01,5480000,경상남도 합천군
주식회사대유인터내셔날야로공장,경상남도,합천군,,경상남도 합천군 야로면 나대리 699,35.7343258,128.1605405,배출허용기준초과,055-931-8104,,수질,2025-12-01,5480000,경상남도 합천군
국제장여관목욕탕,경상남도,합천군,,경상남도 합천군 합천읍 합천리 415-4,35.5688243,128.1620521,배출허용기준초과,055-931-8300,,대기,2025-12-01,5480000,경상남도 합천군
황강대중목욕탕,경상남도,합천군,,경상남도 합천군 합천읍 합천리 852-5,35.5618539,128.1572946,배출허용기준초과,055-933-2165,,대기,2025-12-01,5480000,경상남도 합천군
두남휄트,경상남도,합천군,,경상남도 합천군 청덕면 두곡리 610,35.5527902,128.3090159,자가측정 미실시,055-931-7117,,대기,2025-12-01,5480000,경상남도 합천군
흥진산업주식회사,경상남도,합천군,,경상남도 합천군 적중면 죽고리 888,35.5598888,128.2889117,배출허용기준초과,055-931-0541,,대기,2025-12-01,5480000,경상남도 합천군
초계자동차정비,경상남도,합천군,,경상남도 합천군 초계면 아막리 61-1,35.5572224,128.2726983,폐수무단방류,055-932-3020,,수질,2025-12-01,5480000,경상남도 합천군
(주)마이크로21,경상남도,합천군,,경상남도 합천군 삼가면 어전리 500-2,35.3867248,128.1155224,비정상운영,055-932-9760,,수질,2025-12-01,5480000,경상남도 합천군
성진산업개발㈜,경기도,안양시,경기도 안양시 동안구 엘에스로 79,경기도 안양시 동안구 호계동 1029-24,37.36981622,126.9508246,"대기배출시설 운영상황 미작성(운영일지), 자가측정 미이행",000-000-0000,,대기,2025-11-30,3830000,경기도 안양시
매직터치관양점,경기도,안양시,경기도 안양시 동안구 관악대로 303,경기도 안양시 동안구 관양동 1385-5,37.40331955,126.9565234,대기배출시설 설치신고 미이행,000-000-0000,,대기,2025-11-30,3830000,경기도 안양시
KDC자동차외형복원,경기도,안양시,경기도 안양시 동안구 부림로 194,경기도 안양시 동안구 관양동 1126,37.40000656,126.9613491,대기배출시설 설치신고 미이행,000-000-0000,,대기,2025-11-30,3830000,경기도 안양시
스타덴트광택,경기도,안양시,경기도 안양시 동안구 경수대로 603,경기도 안양시 동안구호계동 943-25,37.37631971,126.955713,대기배출시설 설치신고 미이행,000-000-0000,,대기,2025-11-30,3830000,경기도 안양시
성대자동차공업사,경기도,안양시,경기도 안양시 동안구 전파로95번길 6,경기도 안양시 동안구 호계동 893-8,37.39011704,126.9435144,대기배출시설 운영상황 미작성(운영일지),000-000-0000,,대기,2025-11-30,3830000,경기도 안양시
디비대박모터스,경기도,안양시,경기도 안양시 동안구 부림로188번길 31,경기도 안양시 동안구 관양동 736-10,37.40107782,126.9610477,대기배출시설 운영상황 미작성(운영일지),000-000-0000,,대기,2025-11-30,3830000,경기도 안양시
마하주유소,경기도,안양시,경기도 안양시 만안구 엘에스로237,경기도 안양시 만안구 안양동 325-17,37.37971091,126.9387908,대기환경보전법 제44조제6항,031-444-5175,,대기,2025-11-30,3830000,경기도 안양시
서율주유소 석수점,경기도,안양시,경기도 안양시 만안구 안양로 574,경기도 안양시 만안구 석수동 259-1,37.4201667074,126.9073302,대기환경보전법 제44조제6항,031-473-6017,,대기,2025-11-30,3830000,경기도 안양시
세덴 안양 1호점,경기도,안양시,경기도 안양시 만안구 만안로 331,경기도 안양시 만안구 안양동 853-83,37.40844402,126.9159209,대기환경보전법 제23조제1항,031-443-2204,,대기,2025-11-30,3830000,경기도 안양시
덴트박스,경기도,안양시,경기도 안양시 만안구 현충로 52,경기도 안양시 만안구 안양동 468-25,37.3908007071,126.9257054,대기환경보전법 제23조제1항,031-466-7766,,대기,2025-11-30,3830000,경기도 안양시
안양알찬주유소,경기도,안양시,경기도 안양시 만안구 안양로 49,경기도 안양시 만안구 안양동 367-12,37.3800444,126.9368907,대기환경보전법 제44조제6항,031-449-5757,,대기,2025-11-30,3830000,경기도 안양시
㈜안국에너지 서진주유소,경기도,안양시,경기도 안양시 만안구 안양로 425,경기도 안양시 만안구 안양동 836-29,37.4082412,126.913188,대기환경보전법 제44조제6항,031-469-6050,,대기,2025-11-30,3830000,경기도 안양시
㈜노루코일코팅,경기도,안양시,경기도 안양시 만안구 박달로 351,경기도 안양시 만안구 박달동 615,37.4055829578,126.89174396,대기환경보전법 제31조제2항,031-467-6414,,대기,2025-11-30,3830000,경기도 안양시
태양당인쇄㈜,경기도,안양시,경기도 안양시 만안구 석수로 492,경기도 안양시 만안구 석수동 433-1,37.43164862,126.9004025,"대기환경보전법 제16조, 제34조",031-471-1251,,대기,2025-11-30,3830000,경기도 안양시
㈜삼우테크코리아,경기도,안양시,경기도 안양시 만안구 덕천로 34,경기도 안양시 만안구 안양동 218,37.38408219,126.9368153,대기환경보전법 제31조제2항,031-446-4200,,대기,2025-11-30,3830000,경기도 안양시
목업브라운건,경기도,안양시,경기도 안양시 만안구 전파로44번길 24,경기도 안양시 만안구 안양동 196-11,37.38927681,126.9373865,대기환경보전법 제31조제2항,031-000-0000,,대기,2025-11-30,3830000,경기도 안양시
뉴그린주유소,경기도,안양시,경기도 안양시 만안구 박달로 569,경기도 안양시 만안구 안양동 693-7,37.40291117,126.9162351,대기환경보전법 제44조제6항,031-447-0309,,대기,2025-11-30,3830000,경기도 안양시
안양동주유소,경기도,안양시,경기도 안양시 만안구 박달로 552,경기도 안양시 만안구 안양동 695-2,37.40235992,126.9141265,배출허용기준 초과,000-000-0000,,수질,2025-11-30,3830000,경기도 안양시
"소망 손세차장, 스팀",경기도,안양시,,경기도 안양시 동안구 호계동 741-4,37.37003365,126.959912,"운영일지 미기록, 미보존",000-000-0000,,수질,2025-11-30,3830000,경기도 안양시
안양종합열처리,경기도,안양시,경기도 안양시 동안구 벌말로102번길 17,경기도 안양시 동안구 관양동 886-1,37.39777246,126.9696126,운영일지 미기록,031-425-8298,,수질,2025-11-30,3830000,경기도 안양시
주식회사 동안판매,경기도,안양시,경기도 안양시 동안구 귀인로 76,경기도 안양시 동안구 호계동 208-5,37.38233249,126.9480676,운영일지 미기록,031-458-2288,,수질,2025-11-30,3830000,경기도 안양시
주식회사 유워시,경기도,안양시,경기도 안양시 만안구 덕천로 80,경기도 안양시 만안구 안양동 195-38,37.3883986604,126.9353513838,운영일지 거짓작성,000-000-0000,,수질,2025-11-30,3830000,경기도 안양시
안양카세차장,경기도,안양시,경기도 안양시 만안구 만안로 66,경기도 안양시 만안구 안양동 535-24,37.38914141,126.9335692,거짓신고,000-000-0000,,수질,2025-11-30,3830000,경기도 안양시
씨앤씨뱅크,경기도,안양시,경기도 안양시 만안구 전파로24번길 35-19,경기도 안양시 만안구 안양동 196-39,37.38951673,126.9366617,운영일지 미기록,031-442-5332,,수질,2025-11-30,3830000,경기도 안양시
㈜토탈베스틸정공,경기도,안양시,경기도 안양시 만안구 덕천로72번길 39,경기도 안양시 만안구 안양동 196-37,37.3884095237,126.9371108,환경기술인 교육 미이수,02-803-9989,,수질,2025-11-30,3830000,경기도 안양시
만안현대서비스㈜,경기도,안양시,경기도 안양시 만안구 박달로 473,경기도 안양시 만안구 박달동 134-4,37.40277378,126.9049487,환경기술인 교육 미이수,031-447-8400,,수질,2025-11-30,3830000,경기도 안양시
성원자동차공업사 성원셀프세차장,경기도,안양시,경기도 안양시 만안구 박달로 561,경기도 안양시 만안구 안양동 693-23,37.4028332,126.9150493,환경기술인 교육 미이수,031-469-8555,,수질,2025-11-30,3830000,경기도 안양시
성광카센타,경기도,안양시,경기도 안양시 만안구 양화로 75,경기도 안양시 만안구 안양동 908-45,37.4001006484,126.9124719,"환경기술인 교육 미이수, 운영일지 미작성, 거짓작성",031-448-8988,,수질,2025-11-30,3830000,경기도 안양시
㈜중앙자동차정비,경기도,안양시,경기도 안양시 동안구 흥안대로 451,경기도 안양시 동안구 평촌동 87-1,37.39447941,126.9749908,운영일지 거짓기록,031-269-7669,,수질,2025-11-30,3830000,경기도 안양시
정진정밀공업사,경기도,안양시,경기도 안양시 만안구 덕천로 44,경기도 안양시 만안구 안양동 203-2,37.38514394,126.9364233,운영일지 미기록,031-442-1120,,수질,2025-11-30,3830000,경기도 안양시
에이치디현대오일뱅크㈜ 직영 동안주유소,경기도,안양시,경기도 안양시 동안구 시민대로 98,경기도 안양시 동안구 호계동 907-3,37.38602157,126.9447421,환경기술인 교육 미이수,000-000-0000,,수질,2025-11-30,3830000,경기도 안양시
에이치에스효성더클래스㈜안양평촌서비스센터,경기도,안양시,경기도 안양시 동안구 흥안대로427번길 73,경기도 안양시 동안구 관양동 946-1,37.39198026,126.9704216,배출허용기준 초과,000-000-0000,,수질,2025-11-30,3830000,경기도 안양시
주식회사 경동건설,경기도,안양시,,경기도 안양시 동안구 관양동 643-2,37.40853394,126.9586482848,공공수역에 특정수질유해물질 유출,000-000-0000,,수질,2025-11-30,3830000,경기도 안양시
㈜엘엠에스,경기도,안양시,경기도 안양시 동안구 흥안대로439번길 48-37,경기도 안양시 동안구 관양동 913-4,37.39516711,126.9715402,운영일지 거짓기록,031-421-2345,,수질,2025-11-30,3830000,경기도 안양시
평촌현대모터스㈜,경기도,안양시,경기도 안양시 동안구 벌말로 38,경기도 안양시 동안구 관양동 963-2,37.39126465,126.9696359,운영일지 거짓기록,031-424-9400,,수질,2025-11-30,3830000,경기도 안양시
평촌오토자동차㈜,경기도,안양시,경기도 안양시 동안구 시민대로 362,경기도 안양시 동안구 관양동 915-1,37.39571334,126.9707343,운영일지 거짓기록,000-000-0000,,수질,2025-11-30,3830000,경기도 안양시
㈜동구바이오제약,경기도,안양시,경기도 안양시 동안구 학의로 282,경기도 안양시 동안구 관양동 810,37.4010649982,126.9691155,변경신고 미이행,031-353-5411,,수질,2025-11-30,3830000,경기도 안양시
㈜에스에스티,경기도,안양시,경기도 안양시 동안구 시민대로365번길 52,경기도 안양시 동안구 관양동 860,37.39864321,126.9708266,운영일지 미기록,031-424-0021,,수질,2025-11-30,3830000,경기도 안양시
캠텍코리아,대구광역시,달서구,대구광역시 달서구 성서공단로 72-25 (대천동),,35.8326386758,128.491159387,미신고 대기배출시설 운영,000-000-0000,,대기,2025-12-01,3470000,대구광역시 달서구
세진애드,대구광역시,달서구,대구광역시 달서구 성서로5길 116 (월암동),,35.8298276743,128.5027484515,미신고 대기배출시설 운영,000-000-0000,,대기,2025-12-01,3470000,대구광역시 달서구
화성정밀,대구광역시,달서구,대구광역시 달서구 성서로9길 65 (대천동),,35.8274226737,128.50450426,방지시설에 딸린 기계·기구류 훼손 방치,000-000-0000,,대기,2025-12-01,3470000,대구광역시 달서구
(주)신진정밀,대구광역시,달서구,대구광역시 달서구 달서대로109길 63 (호산동),,35.8474226637,128.4842977685,변경신고 미이행,000-000-0000,,대기,2025-12-01,3470000,대구광역시 달서구
보광,대구광역시,달서구,대구광역시 달서구 성서공단남로 161 (월암동),,35.8308903312,128.510381003,방지시설에 딸린 기계·기구류 훼손 방치,000-000-0000,,대기,2025-12-01,3470000,대구광역시 달서구
(주)삼주기업2공장,대구광역시,달서구,대구광역시 달서구 달서대로64길 25 (대천동),,35.8280881841,128.4952626343,운영일지 허위작성,000-000-0000,,대기,2025-12-01,3470000,대구광역시 달서구
태경산업(주),대구광역시,달서구,대구광역시 달서구 호산로 93 (파호동),,35.8481918793,128.4776978477,자가측정 미이행 확인서 징구,000-000-0000,,대기,2025-12-01,3470000,대구광역시 달서구
대아알미늄(주),대구광역시,달서구,대구광역시 달서구 성서공단로21길 85 (갈산동),,35.8428663556,128.4930138909,방지시설에 딸린 기계·기구류 훼손 방치,000-000-0000,,대기,2025-12-01,3470000,대구광역시 달서구
지구알미늄,대구광역시,달서구,대구광역시 달서구 성서공단북로 253 (갈산동),,35.8451519038,128.5002098546,변경신고 미이행,000-000-0000,,대기,2025-12-01,3470000,대구광역시 달서구
명지산업,대구광역시,달서구,대구광역시 달서구 성서서로33길 28-9 (갈산동),,35.8418765621,128.4979771266,운영일지 허위작성,000-000-0000,,대기,2025-12-01,3470000,대구광역시 달서구
(주)한영프론텍,대구광역시,달서구,대구광역시 달서구 성서공단로54길 48 (월암동),,35.8316818824,128.5116373076,변경신고 미이행,000-000-0000,,대기,2025-12-01,3470000,대구광역시 달서구
연진특수가공,대구광역시,달서구,대구광역시 달서구 성서공단남로10길 20 (대천동),,35.8285209464,128.4963393816,방지시설 부식 및 마모 방치,000-000-0000,,대기,2025-12-01,3470000,대구광역시 달서구
현대패브릭&amp;코팅,대구광역시,달서구,대구광역시 달서구 성서공단로21길 38 (갈산동),,35.8384919029,128.4947999389,방지시설에 딸린 기계·기구류 훼손 방치,000-000-0000,,대기,2025-12-01,3470000,대구광역시 달서구
(주)다윈프릭션,대구광역시,달서구,대구광역시 달서구 달구벌대로250길 42 (갈산동),,35.8479843101,128.5034559282,방지시설에 딸린 기계·기구류 훼손 방치,000-000-0000,,대기,2025-12-01,3470000,대구광역시 달서구
(주)제이브이엠,대구광역시,달서구,대구광역시 달서구 호산동로 121 (호산동),,35.846600579,128.4845640258,방지시설에 딸린 기계·기구류 훼손 방치,000-000-0000,,대기,2025-12-01,3470000,대구광역시 달서구
금강파이프(주),대구광역시,달서구,대구광역시 달서구 성서공단남로 36 (대천동),,35.8298206194,128.4964682487,방지시설에 딸린 기계·기구류 훼손 방치,000-000-0000,,대기,2025-12-01,3470000,대구광역시 달서구
(주)진영R&amp;S,대구광역시,달서구,대구광역시 달서구 성서공단로21길 5 (갈산동),,35.8359165195,128.4937601373,방지시설에 딸린 기계·기구류 훼손 방치,000-000-0000,,대기,2025-12-01,3470000,대구광역시 달서구
(주)엠엠티에스엠,대구광역시,달서구,대구광역시 달서구 성서공단남로10길 12 (대천동),,35.8292144012,128.4969101251,방지시설에 딸린 기계·기구류 훼손 방치,000-000-0000,,대기,2025-12-01,3470000,대구광역시 달서구
(주)류림산업,대구광역시,달서구,대구광역시 달서구 성서로9길 1 (대천동),,35.8217142533,128.5052177457,방지시설에 딸린 기계·기구류 훼손 방치,000-000-0000,,대기,2025-12-01,3470000,대구광역시 달서구
대양열처리,대구광역시,달서구,대구광역시 달서구 성서공단로47길 12 (장동),,35.8368900317,128.5093083607,방지시설에 딸린 기계·기구류 훼손 방치,000-000-0000,,대기,2025-12-01,3470000,대구광역시 달서구
(주)대호분체산업,대구광역시,달서구,대구광역시 달서구 달서대로91길 97 (호림동),,35.839167078,128.481351421,운영일지 허위작성,000-000-0000,,대기,2025-12-01,3470000,대구광역시 달서구
창문애아트블라인드,대구광역시,달서구,대구광역시 달서구 성서공단북로18길 7 (호산동),,35.8435702257,128.482507453,방지시설 부식 및 마모 방치,000-000-0000,,대기,2025-12-01,3470000,대구광역시 달서구
흥일알티,대구광역시,달서구,대구광역시 달서구 성서공단북로 377 (장동),,35.8431111544,128.5138873507,자가측정 미이행 확인서 징구,000-000-0000,,대기,2025-12-01,3470000,대구광역시 달서구
원진자동차정비공장,대구광역시,달서구,대구광역시 달서구 와룡로9길 8 (본동),,35.836843377,128.5362761851,변경신고 미이행,000-000-0000,,대기,2025-12-01,3470000,대구광역시 달서구
제이에스,대구광역시,달서구,대구광역시 달서구 성서서로48길 13 (갈산동),,35.8463657223,128.5013386645,방지시설에 딸린 기계·기구류 훼손 방치,000-000-0000,,대기,2025-12-01,3470000,대구광역시 달서구
(주)스누콘,대구광역시,달서구,대구광역시 달서구 성서로75길 9 (이곡동),,35.8504162944,128.5061587041,자가측정 미이행 확인서 징구,000-000-0000,,대기,2025-12-01,3470000,대구광역시 달서구
에스엘(주) 성산공장,대구광역시,달서구,대구광역시 달서구 성서로67길 28 (갈산동),,35.848147737,128.5043016622,변경신고 미이행,000-000-0000,,대기,2025-12-01,3470000,대구광역시 달서구
(주)구상모터스,대구광역시,달서구,대구광역시 달서구 성서4차첨단로 182 (월암동2필지),,35.828800289,128.5188802355,운영일지 허위작성,000-000-0000,,대기,2025-12-01,3470000,대구광역시 달서구
Y&amp;T파워텍 주식회사,대구광역시,달서구,대구광역시 달서구 달서대로 552 (신당동),,35.8475774229,128.4939141922,운영일지 미작성,000-000-0000,,대기,2025-12-01,3470000,대구광역시 달서구
㈜셀피글로벌,대구광역시,달서구,대구광역시 달서구 호산동로7길 17 (호림동),,35.8380689827,128.4837419872,운영일지 허위작성,000-000-0000,,대기,2025-12-01,3470000,대구광역시 달서구
(주)희성피브이씨,대구광역시,달서구,대구광역시 달서구 성서공단북로 61 (호산동),,35.8454788633,128.4798120094,운영일지 허위작성,000-000-0000,,대기,2025-12-01,3470000,대구광역시 달서구
(주)성림티앤티,대구광역시,달서구,대구광역시 달서구 성서공단로 182 (월암동),,35.8345092002,128.5025685998,방지시설에 딸린 기계·기구류 훼손 방치,000-000-0000,,대기,2025-12-01,3470000,대구광역시 달서구
(주)우주엔비텍,대구광역시,달서구,대구광역시 달서구 성서4차첨단로 11 (대천동),,35.8180427533,128.5054827877,방지시설에 딸린 기계·기구류 훼손 방치,000-000-0000,,대기,2025-12-01,3470000,대구광역시 달서구
대한금속,대구광역시,달서구,대구광역시 달서구 성서공단로51길 24 (장동),,35.8378812169,128.5112368798,방지시설에 딸린 기계·기구류 훼손 방치,000-000-0000,,대기,2025-12-01,3470000,대구광역시 달서구
동아고주파,대구광역시,달서구,대구광역시 달서구 달서대로85길 82 (호림동),,35.8376811191,128.48272024,변경신고 미이행,000-000-0000,,대기,2025-12-01,3470000,대구광역시 달서구
동경산업,대구광역시,달서구,대구광역시 달서구 성서공단북로43길 24(신당동),,35.846723,128.49642,배출허용기준 초과,000-000-0000,,수질,2025-12-01,3470000,대구광역시 달서구
(주)수성레미콘,대구광역시,달서구,대구광역시 달서구 성서동로 289 (장기동),,35.8465221723,128.5148058876,폐수배출시설 운영일지 허위작성,000-000-0000,,수질,2025-12-01,3470000,대구광역시 달서구
승리금속공업사,대구광역시,달서구,대구광역시 달서구 성서공단북로 341 (갈산동),,35.8439274594,128.5099602419,변경신고 미이행,000-000-0000,,수질,2025-12-01,3470000,대구광역시 달서구
(주)일성도금,대구광역시,달서구,대구광역시 달서구 성서공단북로 341 (갈산동),,35.8439274594,128.5099602419,변경신고 미이행,000-000-0000,,수질,2025-12-01,3470000,대구광역시 달서구
프라임메탈,대구광역시,달서구,대구광역시 달서구 성서공단북로 341 (갈산동),,35.8439274594,128.5099602419,변경신고 미이행,000-000-0000,,수질,2025-12-01,3470000,대구광역시 달서구
(주)백광테크 성서공장,대구광역시,달서구,대구광역시 달서구 성서공단북로 341 (갈산동),,35.8439274594,128.5099602419,변경신고 미이행,000-000-0000,,수질,2025-12-01,3470000,대구광역시 달서구
(주)마그테크,대구광역시,달서구,대구광역시 달서구 성서공단북로 341 (갈산동),,35.8439274594,128.5099602419,변경신고 미이행,000-000-0000,,수질,2025-12-01,3470000,대구광역시 달서구
잘만정공(주)3공장,대구광역시,달서구,대구광역시 달서구 성서4차첨단로 38 (대천동),,35.819604,128.508378179,배출허용기준 초과,000-000-0000,,수질,2025-12-01,3470000,대구광역시 달서구
(주)동우금속,대구광역시,달서구,대구광역시 달서구 성서로64길 26(갈산동),,35.844903,128.5099764075,배출허용기준 초과,000-000-0000,,수질,2025-12-01,3470000,대구광역시 달서구
(주)대원산업,대구광역시,달서구,대구광역시 달서구 성서로64길 26(갈산동),,35.844903,128.5099764075,배출허용기준 초과,000-000-0000,,수질,2025-12-01,3470000,대구광역시 달서구
경남도금,대구광역시,달서구,대구광역시 달서구 성서로64길 26(갈산동),,35.844903,128.5099764075,배출허용기준 초과,000-000-0000,,수질,2025-12-01,3470000,대구광역시 달서구
대구축협육가공공장,대구광역시,달서구,대구광역시 달서구 성서로5길 23(대천동),,35.8202096045,128.5016719877,"배출허용기준 초과, 변경신고 미이행",000-000-0000,,수질,2025-12-01,3470000,대구광역시 달서구
세양섬유,대구광역시,달서구,대구광역시 달서구 성서로5길 46 (대천동),,35.8234217241,128.5028384591,배출허용기준 초과,000-000-0000,,수질,2025-12-01,3470000,대구광역시 달서구
(주)삼미전착,대구광역시,달서구,대구광역시 달서구 성서서로33길 26 (갈산동),,35.841334,128.4979955721,폐수배출시설 운영일지 미작성,000-000-0000,,수질,2025-12-01,3470000,대구광역시 달서구
태양산업,대구광역시,달서구,대구광역시 달서구 성서로67안길 37(이곡동),,35.850561,128.5005289629,배출허용기준 초과,000-000-0000,,수질,2025-12-01,3470000,대구광역시 달서구
(주)명아스틸,대구광역시,달서구,대구광역시 달서구 성서로9길 11(대천동),,35.8220010133,128.504842749,변경신고 미이행,000-000-0000,,수질,2025-12-01,3470000,대구광역시 달서구
주식회사 오아시스카워시,대구광역시,달서구,대구광역시 달서구 월배로5길 98(유천동),,35.8172752332,128.50904,배출허용기준 초과,000-000-0000,,수질,2025-12-01,3470000,대구광역시 달서구
(주)옵티모,대구광역시,달서구,대구광역시 달서구 성서서로47길 42(신당동),,35.846109,128.4952419707,배출허용기준 초과,000-000-0000,,수질,2025-12-01,3470000,대구광역시 달서구
(주)욱일기업,대구광역시,달서구,대구광역시 달서구 성서공단남로10길 50-7(대천동),,35.825648,128.49638,"폐수배출시설 운영일지 허위작성, 방지시설의 설치가 면제되는 자의 준수사항 위반",000-000-0000,,수질,2025-12-01,3470000,대구광역시 달서구
(주)엠지테크윈,대구광역시,달서구,대구광역시 달서구 성서공단남로10길 50-11 (대천동),,35.825761,128.495898,"폐수배출시설 운영일지 허위작성, 배출허용기준 초과",000-000-0000,,수질,2025-12-01,3470000,대구광역시 달서구
(주)맥테크,대구광역시,달서구,"대구광역시 달서구 성서서로47길 19,  (신당동)",,35.845798,128.497623,폐수배출시설 운영일지 미작성,000-000-0000,,수질,2025-12-01,3470000,대구광역시 달서구
유신정공,대구광역시,달서구,대구광역시 달서구 성서4차첨단로 172 (월암동),,35.8285318176,128.5177332389,폐수배출시설 운영일지 미작성,000-000-0000,,수질,2025-12-01,3470000,대구광역시 달서구
(주)이정,대구광역시,달서구,대구광역시 달서구 성서로67안길 21 (갈산동),,35.8490390912,128.5006036317,변경신고 미이행,000-000-0000,,수질,2025-12-01,3470000,대구광역시 달서구
(주)다담패키지,대구광역시,달서구,대구광역시 달서구 월곡로99길 28 (월성동),,35.8323824284,128.5203526116,변경신고 미이행,000-000-0000,,수질,2025-12-01,3470000,대구광역시 달서구
한솔인쇄포장,대구광역시,달서구,대구광역시 달서구 문화회관11길 15 (장동),,35.838411,128.52609,폐수배출시설 운영일지 미작성,000-000-0000,,수질,2025-12-01,3470000,대구광역시 달서구
세원텍스(주),대구광역시,달서구,대구광역시 달서구 성서공단로51길 7(장동),,35.8366791629,128.5105559265,배출허용기준 초과,000-000-0000,,수질,2025-12-01,3470000,대구광역시 달서구
천명테크,대구광역시,달서구,대구광역시 달서구 성서로52길 14(장동),,35.8396261276,128.5088781057,환경기술인 교육 미이수,000-000-0000,,수질,2025-12-01,3470000,대구광역시 달서구
화성산업,대구광역시,달서구,"대구광역시 달서구  호산동로 67,  (호산동)",,35.8410076892,128.4855419717,환경기술인 교육 미이수,000-000-0000,,수질,2025-12-01,3470000,대구광역시 달서구
새부산식품,대구광역시,달서구,대구광역시 달서구 성서서로 274(갈산동),,35.849489,128.5004309902,배출허용기준 초과,000-000-0000,,수질,2025-12-01,3470000,대구광역시 달서구
더워시24시실내셀프세차장,대구광역시,달서구,대구광역시 달서구 월배로 259(상인동),,35.820679,128.5409408481,배출허용기준 초과,000-000-0000,,수질,2025-12-01,3470000,대구광역시 달서구
(유)명성자동차공업사,전라남도,강진군,전라남도 강진군 강진읍 강진공단길 20-5,전라남도 강진군 강진읍 서성리 379-11,34.6323336,126.7576782,법 제23조제2항 또는 법 제23조제3항을 위반하여 변경신고를 하지 아니한 경우,061-433-9909,,대기,2025-12-08,5865000,전남광주통합특별시 강진군
대성자동차공업사,전라남도,강진군,전라남도 강진군 강진읍 강진공단길 40,전라남도 강진군 강진읍 서성리 379,34.6336809,126.7563695,법 제77조를 위반하여 환경기술인 등의 교육을 받게 하지 아니하였을 경우,061-433-4310,,대기,2025-12-08,5865000,전남광주통합특별시 강진군
농업회사법인 가온축산(주),전라남도,강진군,전라남도 강진군 성전면 강진산단로1길 71,전라남도 강진군 성전면 명산리 1486-1,34.68059779,126.7426196,법 제67조의 규정을 위반하여 환경기술인등의 교육을 받게 하지 아니한 경우,061-434-3001,,수질,2025-12-08,5865000,전남광주통합특별시 강진군
농업회사법인 가온축산(주),전라남도,강진군,전라남도 강진군 성전면 강진산단로1길 71,전라남도 강진군 성전면 명산리 1486-1,34.68059779,126.7426196,법 제33조제2항 또는 제3항에 따른 폐수배출시설 변경신고를 하지 아니한 경우,061-434-3001,,수질,2025-12-08,5865000,전남광주통합특별시 강진군
(주)대원환경산업,전라남도,강진군,전라남도 강진군 작천면 사문로 309,전라남도 강진군 작천면 갈동리 1018,34.72070157,126.7410803,법 제43조에 따른 비산먼지 발생사업과 관련된 다음의 경우-법 제43조제1항에 따른 필요한 조치를 이행하지 아니한 경우,061-434-5847,,대기,2025-12-08,5865000,전남광주통합특별시 강진군
(주)대원환경산업,전라남도,강진군,전라남도 강진군 작천면 사문로 309,전라남도 강진군 작천면 갈동리 1018,34.72070157,126.7410803,법 제31조제1항을 위반하여 다음과 같은 행위를 하는 경우-방지시설에 딸린 기계·기구류(예비용을 포함한다)의 고장 또는 훼손을 정당한 사유 없이 방치하는 행위,061-434-5847,,대기,2025-12-08,5865000,전남광주통합특별시 강진군
중앙자동차공업사,전라남도,강진군,전라남도 강진군 강진읍 해강로 1390,전라남도 강진군 강진읍 학명리 715-1,34.6286368,126.7559508,법 제31조제2항에 따른 배출시설 및 방지시설의 운영에 관한 관리기록을 거짓으로 기재하였거나 보존·비치하지 아니한 경우,061-434-3811,,대기,2025-12-08,5865000,전남광주통합특별시 강진군
동광영농조합법인,전라남도,강진군,전라남도 강진군 강진읍 해강로 1391,전라남도 강진군 강진읍 학명리 717,34.62872871,126.7556821,법 제23조제2항 또는 법 제23조제3항을 위반하여 변경신고를 하지 아니한 경우,061-433-7799,,대기,2025-12-08,5865000,전남광주통합특별시 강진군
남양산업(주),전라남도,강진군,전라남도 강진군 군동면 진흥로 54,전라남도 강진군 군동면 호계리 831,34.64294423,126.7876404,법 제31조제1항을 위반하여 다음과 같은 행위를 하는 경우-방지시설에 딸린 기계·기구류(예비용을 포함한다)의 고장 또는 훼손을 정당한 사유 없이 방치하는 행위,061-434-3665,,대기,2025-12-08,5865000,전남광주통합특별시 강진군
희망주유소 자동세차장,전라남도,강진군,전라남도 강진군 강진읍 보은로 94,전라남도 강진군 강진읍 평동리 3-2,34.63557793,126.7696173,법 제38조제3항에 따른 폐수배출시설 및 방지시설의 운영에 관한 관리기록을 거짓으로 기록하거나 보존ㆍ비치하지 아니한 경우,061-434-3669,,수질,2025-12-08,5865000,전남광주통합특별시 강진군
(유)호식식품,전북특별자치도,군산시,전북특별자치도 군산시 서수면 용천로 334-9,전북특별자치도 군산시 서수면 마룡리 93-5,36.01217233,126.8816578,법 제33조제2항 또는 제3항에 따른 폐수배출시설 변경신고를 하지 아니한 경우,000-0000-0000,이창희,수질,2025-12-05,4671000,전북특별자치도 군산시
제이케이셀프세차장,전북특별자치도,군산시,전북특별자치도 군산시 개정면 번영로 838,전북특별자치도 군산시 개정면 통사리 309-3,35.9485251,126.8045462,법 제 67조의 규정을 위반하여 환경기술인등의 교육을 받게 하지 아니한 경우,000-0000-0000,이재경,수질,2025-12-05,4671000,전북특별자치도 군산시
대광세차장,전북특별자치도,군산시,전북특별자치도 군산시 조촌5길 35 (조촌동),전북특별자치도 군산시 조촌동 841-10,35.972668,126.737152,법 제38조제3항에 따른 폐수배출시설 및 방지시설의 운영에 관한 관리기록을 거짓으로 기록하거나 보존ㆍ비치하지 아니한 경우,000-0000-0000,강석봉,수질,2025-12-05,4671000,전북특별자치도 군산시
토탈카써비스,전북특별자치도,군산시,전북특별자치도 군산시 조촌로 107 (조촌동),전북특별자치도 군산시 조촌동 841-1,35.97366833,126.7372556,법 제 67조의 규정을 위반하여 환경기술인등의 교육을 받게 하지 아니한 경우,000-0000-0000,이현호,수질,2025-12-05,4671000,전북특별자치도 군산시
동서중기공업사,전북특별자치도,군산시,전북특별자치도 군산시 대야면 만경로 1929-16,전북특별자치도 군산시 대야면 지경리 13-21,35.94358791,126.8154712,법 제31조제2항에 따른 배출시설 및 방지시설의 운영에 관한 관리기록을 거짓으로 기재하였거나 보존·비치하지 아니한 경우,000-0000-0000,신현만,대기,2025-12-05,4671000,전북특별자치도 군산시
(유)구도일군산주유소,전북특별자치도,군산시,전북특별자치도 군산시 외항로 83 (산북동),전북특별자치도 군산시 산북동 1433,35.97453321,126.6592889,법 제 67조의 규정을 위반하여 환경기술인등의 교육을 받게 하지 아니한 경우,000-0000-0000,한봉식,수질,2025-12-05,4671000,전북특별자치도 군산시
유한회사 하늘,전북특별자치도,군산시,전북특별자치도 군산시 나포면 십자들로 712-69,전북특별자치도 군산시 나포면 옥곤리 138,36.0335677,126.84084,법 제31조제1항을 위반하여 다음과 같은 행위를 하는 경우-방지시설에 딸린 기계·기구류(예비용을 포함한다)의 고장 또는 훼손을 정당한 사유 없이 방치하는 행위,000-0000-0000,,대기,2025-12-05,4671000,전북특별자치도 군산시
(주)대두식품제3공장,전북특별자치도,군산시,전북특별자치도 군산시 서수면 상장곤윗길 39,전북특별자치도 군산시 서수면 마룡리 93-20,36.00998747,126.8834081,법 제23조에 따라 배출시설설치허가(변경허가를 포함한다)를 받지 아니하거나 신고를 하지 아니하고 배출시설을 설치한 경우-해당지역이 배출시설의 설치가 가능한 지역인 경우,000-0000-0000,,대기,2025-12-05,4671000,전북특별자치도 군산시
바른길주유소,전북특별자치도,군산시,전북특별자치도 군산시 미성로 458 (산북동),전북특별자치도 군산시 산북동 357-5,35.95548716,126.6711764,법 제 67조의 규정을 위반하여 환경기술인등의 교육을 받게 하지 아니한 경우,000-0000-0000,조정재 외 1명(조정도),수질,2025-12-05,4671000,전북특별자치도 군산시
흥남주유소,전북특별자치도,군산시,전북특별자치도 군산시 팔마로 104 (서흥남동),전북특별자치도 군산시 서흥남동 822-7,35.97339905,126.7126072,법 제 67조의 규정을 위반하여 환경기술인등의 교육을 받게 하지 아니한 경우,000-0000-0000,박청동,수질,2025-12-05,4671000,전북특별자치도 군산시
오마이카 셀프세차장,전북특별자치도,군산시,전북특별자치도 군산시 경포천로 140 (미장동),전북특별자치도 군산시 미장동 396-13,35.9713449,126.7266649,법 제 67조의 규정을 위반하여 환경기술인등의 교육을 받게 하지 아니한 경우,000-0000-0000,오동근,수질,2025-12-05,4671000,전북특별자치도 군산시
(주)성진폴리머,전북특별자치도,군산시,전북특별자치도 군산시 임피면 동군산로 592,전북특별자치도 군산시 임피면 미원리 435-2,35.98337234,126.8388728,법 제23조제2항 또는 법 제23조제3항을 위반하여 변경신고를 하지 아니한 경우,000-0000-0000,심성희,대기,2025-12-05,4671000,전북특별자치도 군산시
(주)삼덕아스콘,전북특별자치도,군산시,전북특별자치도 군산시 성산면 왕골로 277,전북특별자치도 군산시 성산면 대명리 157-3,36.00539632,126.8181937,법 제23조제2항 또는 법 제23조제3항을 위반하여 변경신고를 하지 아니한 경우,000-0000-0000,양복순,대기,2025-12-05,4671000,전북특별자치도 군산시
(주)삼덕아스콘,전북특별자치도,군산시,전북특별자치도 군산시 성산면 왕골로 277,전북특별자치도 군산시 성산면 대명리 157-3,36.00539632,126.8181937,법 제30조에 따른 가동개시신고를 하고 가동 중인 배출시설에서 배출되는 대기오염물질의 정도가 배출시설 또는 방지시설의 결함·고장 또는 운전미숙 등으로 인하여 법 제16조에 따른 배,000-0000-0000,양복순,대기,2025-12-05,4671000,전북특별자치도 군산시
서군산농업협동조합,전북특별자치도,군산시,전북특별자치도 군산시 문창3길 9 (산북동),전북특별자치도 군산시 산북동 2961,35.95249448,126.6547955,법 제77조를 위반하여 환경기술인 등의 교육을 받게 하지 아니하였을 경우,000-0000-0000,조합장,대기,2025-12-05,4671000,전북특별자치도 군산시
(주)현성환경,전북특별자치도,군산시,전북특별자치도 군산시 성산면 산남길 141,전북특별자치도 군산시 성산면 산곡리 624-1,35.97205796,126.8086296,법 제23조제2항 또는 법 제23조제3항을 위반하여 변경신고를 하지 아니한 경우,000-0000-0000,,대기,2025-12-05,4671000,전북특별자치도 군산시
(주)우주환경,전북특별자치도,군산시,전북특별자치도 군산시 옥서북길 275-37 (내초동),전북특별자치도 군산시 내초동 218-1,35.94315435,126.6184231,법 제23조제2항 또는 법 제23조제3항을 위반하여 변경신고를 하지 아니한 경우,000-0000-0000,,대기,2025-12-05,4671000,전북특별자치도 군산시
금석석재,전북특별자치도,군산시,전북특별자치도 군산시 서수면 황등서로 555,전북특별자치도 군산시 서수면 화등리 655-7,36.01644914,126.8918887,법 제38조제3항에 따른 폐수배출시설 및 방지시설의 운영에 관한 관리기록을 거짓으로 기록하거나 보존ㆍ비치하지 아니한 경우,000-0000-0000,김연수,수질,2025-12-05,4671000,전북특별자치도 군산시
(유)호원레미콘,전북특별자치도,군산시,전북특별자치도 군산시 임피면 남산로 181-19,전북특별자치도 군산시 임피면 보석리 5-5,35.97083733,126.8587701,법 제31조제2항에 따른 배출시설 및 방지시설의 운영에 관한 관리기록을 거짓으로 기재하였거나 보존·비치하지 아니한 경우,000-0000-0000,,대기,2025-12-05,4671000,전북특별자치도 군산시
군산성신병원,전북특별자치도,군산시,전북특별자치도 군산시 백토로 33 (문화동),전북특별자치도 군산시 문화동 881-1,35.97625839,126.7060941,영 제33조(근거법령 법 제35조 법 제 42조)제2호에 따라 폐수를 위탁처리한다는 사유로 방지시설을 설치하지 아니한 자-폐수를 위탁하지 아니하고 그냥 배출한 경우,000-0000-0000,최민성,수질,2025-12-05,4671000,전북특별자치도 군산시
(유)아리울수산,전북특별자치도,군산시,전북특별자치도 군산시 성산면 십자들로 103-15,전북특별자치도 군산시 성산면 여방리 715-1,36.00450241,126.7885671,법 제38조제3항에 따른 폐수배출시설 및 방지시설의 운영에 관한 관리기록을 거짓으로 기록하거나 보존ㆍ비치하지 아니한 경우,000-0000-0000,박금옥,수질,2025-12-05,4671000,전북특별자치도 군산시
세정수산,전북특별자치도,군산시,전북특별자치도 군산시 신촌남길 19-27 (신관동),전북특별자치도 군산시 신관동 42-177,35.93532897,126.682619,법 제38조제3항에 따른 폐수배출시설 및 방지시설의 운영에 관한 관리기록을 거짓으로 기록하거나 보존ㆍ비치하지 아니한 경우,000-0000-0000,심석구,수질,2025-12-05,4671000,전북특별자치도 군산시
와이제이모터스,전북특별자치도,군산시,전북특별자치도 군산시 개정면 모갱이1길 56,전북특별자치도 군산시 개정면 아동리 699-5,35.983744,126.7656018,법 제37조제1항에 따른 가동개시 신고를 하고 조업 중인 폐수배출시설에서 배출되는 수질오염물질의 정도가 폐수배출시설 또는 방지시설의 결함ㆍ고장 또는 운전미숙 등으로 법 제32조에 ,000-0000-0000,조영준,수질,2025-12-05,4671000,전북특별자치도 군산시
(주)우리나운점,전북특별자치도,군산시,전북특별자치도 군산시 하나운로 72,전북특별자치도 군산시 나운동 100-14,35.96470896,126.7023957,법 제77조를 위반하여 환경기술인 등의 교육을 받게 하지 아니하였을 경우,000-0000-0000,,대기,2025-12-05,4671000,전북특별자치도 군산시
주식회사청림우드,전북특별자치도,군산시,전북특별자치도 군산시 성산면 송호로 156,전북특별자치도 군산시 성산면 고봉리 246-2,35.98317548,126.7869017,법 제31조제1항을 위반하여 다음과 같은 행위를 하는 경우-방지시설에 딸린 기계·기구류(예비용을 포함한다)의 고장 또는 훼손을 정당한 사유 없이 방치하는 행위,000-0000-0000,박연,대기,2025-12-05,4671000,전북특별자치도 군산시
주식회사청림우드,전북특별자치도,군산시,전북특별자치도 군산시 성산면 송호로 156,전북특별자치도 군산시 성산면 고봉리 246-2,35.98317548,126.7869017,법 제23조제2항 또는 법 제23조제3항을 위반하여 변경신고를 하지 아니한 경우,000-0000-0000,박연,대기,2025-12-05,4671000,전북특별자치도 군산시
(유)푸른들주유소,전북특별자치도,군산시,전북특별자치도 군산시 공항로 300 (산북동),전북특별자치도 군산시 산북동 1737,35.9632853,126.6613991,법 제37조제1항에 따른 가동개시 신고를 하고 조업 중인 폐수배출시설에서 배출되는 수질오염물질의 정도가 폐수배출시설 또는 방지시설의 결함ㆍ고장 또는 운전미숙 등으로 법 제32조에 ,000-0000-0000,전점수,수질,2025-12-05,4671000,전북특별자치도 군산시
군산수협위판장,전북특별자치도,군산시,전북특별자치도 군산시 비응동로 30 (비응도동),전북특별자치도 군산시 비응도동 105,35.93666432,126.5329224,법 제38조제3항에 따른 폐수배출시설 및 방지시설의 운영에 관한 관리기록을 거짓으로 기록하거나 보존ㆍ비치하지 아니한 경우,000-0000-0000,,수질,2025-12-05,4671000,전북특별자치도 군산시
(유)호식식품,전북특별자치도,군산시,전북특별자치도 군산시 서수면 용천로 334-9,전북특별자치도 군산시 서수면 마룡리 93-5,36.01217233,126.8816578,법 제37조제1항에 따른 가동개시 신고를 하고 조업 중인 폐수배출시설에서 배출되는 수질오염물질의 정도가 폐수배출시설 또는 방지시설의 결함ㆍ고장 또는 운전미숙 등으로 법 제32조에 ,000-0000-0000,이창희,수질,2025-12-05,4671000,전북특별자치도 군산시
유천미곡종합처리장,경상북도,청도군,경상북도 청도군 청도읍 유천길 27,,35.57004023,128.7747699,기타,054-373-4962,박두한,대기,2025-12-08,5190000,경상북도 청도군
청도양조,경상북도,청도군,경상북도 청도군 매전면 덕산1길 6-14,,35.69706328,128.8031083,기타,054-373-1533,김창수,수질,2025-12-08,5190000,경상북도 청도군
㈜삼남,경상북도,청도군,,경상북도 청도군 매전면 장연리 962,35.63380323,128.8322684,기타,000-0000-0000,엄대섭,수질,2025-12-08,5190000,경상북도 청도군
엔에프에스㈜,경상북도,청도군,경상북도 청도군 청도읍 청매로 172-36,,35.56938089,128.7871832,기타,054-373-8394,박세경,대기,2025-12-08,5190000,경상북도 청도군
㈜대주씨에스,경상북도,청도군,경상북도 청도군 풍각면 봉기1길 31-19,,35.63564494,128.6016846,기타,054-373-8710,이현주,대기,2025-12-08,5190000,경상북도 청도군
㈜산동개발,경상북도,청도군,경상북도 청도군 금천면 소천길 138,,35.71925175,128.8967738,비정상가동,054-371-2276,김호경,수질,2025-12-08,5190000,경상북도 청도군
주식회사 대국환경,경상북도,청도군,경상북도 청도군 풍각면 청려로 96-7,,35.62552466,128.5476768,비정상가동,054-371-8777,박수욱,수질,2025-12-08,5190000,경상북도 청도군
㈜이건프라스틱,경상북도,청도군,경상북도 청도군 풍각면 봉기1길 31-11,,35.63561382,128.6030211,기타,054-372-2468,박세광,대기,2025-12-08,5190000,경상북도 청도군
㈜에스앤비인터내셔널 각남공장,경상북도,청도군,경상북도 청도군 각남면 한재로 1346,,35.62725835,128.6469279,기준초과,054-370-1000,오동환,수질,2025-12-08,5190000,경상북도 청도군
㈜에스앤비인터내셔널 청도공장,경상북도,청도군,경상북도 청도군 청도읍 안송읍길 25-13,,35.65737309,128.7466148,기준초과,054-370-1000,오동환,수질,2025-12-08,5190000,경상북도 청도군
선경포장,부산광역시,금정구,부산광역시 금정구 공단로39번길 22 (금사동),부산광역시 금정구 금사동 73-14,35.2184,129.1118,법 제33조제2항 또는 제3항에 따른 폐수배출시설 변경신고를 하지 아니한 경우,051-521-0999,,수질,2025-12-08,3350000,부산광역시 금정구
에이플러스모터스,부산광역시,금정구,부산광역시 금정구 공단로 49 (금사동 -7),부산광역시 금정구 금사동 73-6,35.2185,129.1129693625,법 제77조를 위반하여 환경기술인 등의 교육을 받게 하지 아니하였을 경우,051-521-4972,,대기,2025-12-08,3350000,부산광역시 금정구
태영정비,부산광역시,금정구,부산광역시 금정구 공단서로8번길 80-11 (금사동),부산광역시 금정구 금사동 111-21,35.216238919,129.1158735676,법 제31조제2항에 따른 배출시설 및 방지시설의 운영에 관한 관리기록을 거짓으로 기재하였거나 보존·비치하지 아니한 경우,051-521-0366,,대기,2025-12-08,3350000,부산광역시 금정구
명성목재상사,부산광역시,금정구,,부산광역시 금정구 두구동 1324-7,35.2973509529,129.1021,법 제23조의 규정에 의하여 배출시설설치허가(변경허가를 포함한다)를 받지 아니하거나 신고를 하지아니하고 배출시설을 설치한 경우 당해 지역이 배출시설의 설치가 불가능한 지역일 경우,000-0000-0000,,대기,2025-12-08,3350000,부산광역시 금정구
건우초경(주),부산광역시,금정구,부산광역시 금정구 개좌로 129 (금사동),부산광역시 금정구 금사동 25-2,35.2240612691,129.1148388148,법 제38조제3항에 따른 폐수배출시설 및 방지시설의 운영에 관한 관리기록을 거짓으로 기록하거나 보존ㆍ비치하지 아니한 경우,051-524-6231,,수질,2025-12-08,3350000,부산광역시 금정구
남산주유소,부산광역시,금정구,부산광역시 금정구 중앙대로 2044 (남산동),부산광역시 금정구 남산동 251-4,35.2665845115,129.0931,법 제38조제3항에 따른 폐수배출시설 및 방지시설의 운영에 관한 관리기록을 거짓으로 기록하거나 보존ㆍ비치하지 아니한 경우,051-517-5149,,수질,2025-12-08,3350000,부산광역시 금정구
세광유리,경기도,과천시,경기도 과천시 추사로 83 (주암동),경기도 과천시 주암동 185,37.45321499,127.0282648,물환경보전법 제33조(배출시설의 설치허가 및 신고)제2항 또는 3항,02-503-6204,,수질,2025-12-09,3970000,경기도 과천시
수방사군수지원대대(1596부대),경기도,과천시,경기도 과천시 과천대로 641 (과천동),경기도 과천시 과천동 505,37.45084619,126.9907736,물환경보전법 제38조(배출시설 및 방지시설의 운영) 제3항,02-524-5915,,수질,2025-12-09,3970000,경기도 과천시
안국약품(주),경기도,과천시,경기도 과천시 과천대로7길 12,경기도 과천시 갈현동 산32,37.41417677,126.980613,물환경보전법 제33조(배출시설의 설치허가 및 신고)제2항 또는 3항,02-328-4347,,수질,2025-12-09,3970000,경기도 과천시
동해시건조인협회,강원특별자치도,동해시,강원특별자치도 동해시 일출로 92-60,,37.5470809,129.1173504,배출허용기준초과,000-0000-0000,,수질,2025-12-10,4211000,강원특별자치도 동해시
동해시수산업협동조합,강원특별자치도,동해시,강원특별자치도 동해시 일출로 68,,37.5573761,129.1152542,배출허용기준초과,000-0000-0000,,수질,2025-12-10,4211000,강원특별자치도 동해시
한국타이어동해점,강원특별자치도,동해시,강원특별자치도 동해시 동굴로 126,,37.5182533,129.1178134,점검 당시 배출시설의 멸실 및 폐업 확인,000-0000-0000,,수질,2025-12-10,4211000,강원특별자치도 동해시
㈜팰리즈,강원특별자치도,동해시,강원특별자치도 동해시 발한로 170,,37.546385,129.1052794,점검 당시 배출시설의 멸실 및 폐업 확인,000-0000-0000,,수질,2025-12-10,4211000,강원특별자치도 동해시
(합자)모아관광,강원특별자치도,동해시,강원특별자치도 동해시 효자로 640,,37.491538,129.1045488,배출시설 및 방지시설 운영일지 미작성 및 미보관,000-0000-0000,,수질,2025-12-10,4211000,강원특별자치도 동해시
㈜한호건설,강원특별자치도,동해시,강원특별자치도 동해시 발한로 42,,37.5363286,129.1066611,비산먼지 발생사업 변경신고 미이행,000-0000-0000,,대기,2025-12-10,4211000,강원특별자치도 동해시
해든건설 주식회사,강원특별자치도,동해시,강원특별자치도 동해시 대동로 167,,37.4864796,129.1240733,비산먼지 발생사업 변경신고 미이행,000-0000-0000,,대기,2025-12-10,4211000,강원특별자치도 동해시
㈜세이,강원특별자치도,동해시,강원특별자치도 동해시 동해대로 5411,,37.5258584,129.1037063,비산먼지 발생억제 조치 미흡,000-0000-0000,,대기,2025-12-10,4211000,강원특별자치도 동해시
㈜이레인하우스,강원특별자치도,동해시,강원특별자치도 동해시 평원로 110,,37.5334184,129.1139382,비산먼지 발생억제 조치 미흡,000-0000-0000,,대기,2025-12-10,4211000,강원특별자치도 동해시
㈜대련건설,강원특별자치도,동해시,,강원특별자치도 동해시 호현동 157-1,37.4664643,129.1214558,비산먼지 발생억제 조치 미흡,000-0000-0000,,대기,2025-12-10,4211000,강원특별자치도 동해시
주식회사 상보산업,강원특별자치도,동해시,강원특별자치도 동해시 동해대로 5219 (지흥동),,37.5092214,129.1015245,건설폐기물의 재활용촉진에 관한법 제23조의 규정에 위반하여 자신이 위탁받은 건설폐기물의 운반 또는 중간처리를 재위탁하거나 다른 건설폐기물처리업자로부터 재위탁을 받은 때,000-0000-0000,,수질,2025-12-10,4211000,강원특별자치도 동해시
동성흥업,강원특별자치도,동해시,강원특별자치도 동해시 감추5길 35-3 (천곡동),,37.5182285,129.1193956,건설폐기물의 재활용촉진에 관한법 제18조제3항의 규정에 위반하여 건설폐기물간이인계서를 보관하지 아니한 때,000-0000-0000,,수질,2025-12-10,4211000,강원특별자치도 동해시
그린환경엔지니어링,강원특별자치도,동해시,,강원특별자치도 동해시 이도동 296-12,37.48124885,129.1120228,변경신고를 하지 아니하고 영업을 한 경우,000-0000-0000,,수질,2025-12-10,4211000,강원특별자치도 동해시
그린환경엔지니어링,강원특별자치도,동해시,,강원특별자치도 동해시 이도동 296-12,37.48124885,129.1120228,변경신고사항을 임의로 변경한 때,000-0000-0000,,수질,2025-12-10,4211000,강원특별자치도 동해시
동해 바이오환경,강원특별자치도,동해시,,강원특별자치도 동해시 지흥동 119,37.49717386,129.0982173,제5조의 규정에 의한 오수처리시설 또는 분뇨처리시설(제35조제4항제2호의 규정에 의한 분뇨등처리업자가 설치한 경우에 한한다)의 방류수수질기준을 위반하여 방류한 자(오수처리시설의 경,000-0000-0000,,수질,2025-12-10,4211000,강원특별자치도 동해시
(주)윤호,강원특별자치도,동해시,"강원특별자치도 동해시 감추7길 22, 평남막국수 3층 (천곡동)",,37.51414789,129.1203956,제5조의 규정에 의한 오수처리시설 또는 분뇨처리시설(제35조제4항제2호의 규정에 의한 분뇨등처리업자가 설치한 경우에 한한다)의 방류수수질기준을 위반하여 방류한 자(오수처리시설의 경,000-0000-0000,,수질,2025-12-10,4211000,강원특별자치도 동해시
지엘엔텍(주),강원특별자치도,동해시,강원특별자치도 동해시 공단3로 47 (구호동),,37.47581367,129.1396075,제5조의 규정에 의한 오수처리시설 또는 분뇨처리시설(제35조제4항제2호의 규정에 의한 분뇨등처리업자가 설치한 경우에 한한다)의 방류수수질기준을 위반하여 방류한 자(오수처리시설의 경,000-0000-0000,,수질,2025-12-10,4211000,강원특별자치도 동해시
반석실업(주),강원특별자치도,동해시,강원특별자치도 동해시 동해대로 5835 (발한동),,37.51739038,129.1090868,기준을 초과하여 요금을 받은 때,000-0000-0000,,수질,2025-12-10,4211000,강원특별자치도 동해시
영성에코(주),강원특별자치도,동해시,강원특별자치도 동해시 전천로 217-6 (북평동),,37.4812606,129.1155507,법 제26조제4항의 규정에 의한 업종 구분과 영업내용의 범위를 벗어나는 영업을 한 때,000-0000-0000,,수질,2025-12-10,4211000,강원특별자치도 동해시
(주)임동,강원특별자치도,동해시,강원특별자치도 동해시 공단4로 36 (구호동),,37.47642442,129.1453941,법 제12조의 규정에 의한 폐기물의 수집.운반.보관.처리기준 및 방법을 위반한 때,000-0000-0000,,수질,2025-12-10,4211000,강원특별자치도 동해시
(주)한국포조텍산업,강원특별자치도,동해시,"강원특별자치도 동해시 공단2로 74 (구호동,북평산업공단)",,37.47586272,129.1373244,제12조의 규정에 위반하여 폐기물을 매립한 자,000-0000-0000,,수질,2025-12-10,4211000,강원특별자치도 동해시
주식회사 대영특수금속,강원특별자치도,동해시,강원특별자치도 동해시 공단2로 22 (구호동),,37.47317643,129.1421111,"폐기물관리법 제13조 또는 제24조의3제4항을 위반하여 폐기물을 수집, 운반·보관 또는 처리한 자(제65조제1호와 제66조제1호의 경우는 제외한다)",000-0000-0000,,수질,2025-12-10,4211000,강원특별자치도 동해시
(주)기흥종합건설,강원특별자치도,동해시,강원특별자치도 동해시 부곡5길22 (부곡동),,37.381532,128.664955,법 제43조에 따른 비산먼지 발생사업과 관련된 다음의 경우-비산먼지 발생사업의 신고 또는 변경신고를 하지 아니한 경우,000-0000-0000,,대기,2025-12-10,4211000,강원특별자치도 동해시
금호산업(주),강원특별자치도,동해시,강원특별자치도 동해시 항골길 65 (천곡동),,35.01647586,126.7133269,비산먼지 억제조치 미흡,000-0000-0000,,대기,2025-12-10,4211000,강원특별자치도 동해시
동진육운,강원특별자치도,동해시,강원특별자치도 동해시 효자로 707 (효가동),,37.49281267,129.111663,비산먼지발생사업 신고 미이행,000-0000-0000,,대기,2025-12-10,4211000,강원특별자치도 동해시
(합)현대산업,강원특별자치도,동해시,"강원특별자치도 동해시 대동로 161-4 (송정동, 현대산업)",,37.48611785,129.1230858,비산먼지 발생억제시설 미설치 및 조치미이행,000-0000-0000,,대기,2025-12-10,4211000,강원특별자치도 동해시
케이디건설(주),강원특별자치도,동해시,강원특별자치도 동해시 지리골끝길 499 (발한동),,37.31387144,126.8277133,비산먼지 발생억제 조치미흡            - 공사차량 세륜 후 내부 수송도로 이동시 수송도로 도로포장               미흡으로 인한 차량바퀴 오염,000-0000-0000,,대기,2025-12-10,4211000,강원특별자치도 동해시
케이디건설(주),강원특별자치도,동해시,강원특별자치도 동해시 지리골끝길 499 (발한동),,37.31387144,126.8277133,비산먼지 발생억제 조치미흡으로 공사장 외부로   토사유출 및 주변도로 오염 발생,000-0000-0000,,대기,2025-12-10,4211000,강원특별자치도 동해시
서경건설,강원특별자치도,동해시,,강원특별자치도 동해시 묵호진동 묵호항,37.43890641,129.1682127,비산먼지 발생사업 변경신고 미 이행,000-0000-0000,,대기,2025-12-10,4211000,강원특별자치도 동해시
지에스건설(주),강원특별자치도,동해시,강원특별자치도 동해시 공단1로 26 (추암동),,37.57095958,126.9814356,비산먼지 억제조치 미흡,000-0000-0000,,대기,2025-12-10,4211000,강원특별자치도 동해시
화인산업주식회사,강원특별자치도,동해시,,강원특별자치도 동해시 추암동 산 34-9,37.46689694,129.1485268,비산먼지억제조치 미흡,000-0000-0000,,대기,2025-12-10,4211000,강원특별자치도 동해시
(주)동명엔터프라이즈,강원특별자치도,동해시,,강원특별자치도 동해시 송정동 1419,37.49066113,127.0344299,비산먼지억제시설 조치 미이행,000-0000-0000,,대기,2025-12-10,4211000,강원특별자치도 동해시
(주)서도기업,강원특별자치도,동해시,강원특별자치도 동해시 대동로 265-1 (송정동),,37.49324284,129.1252169,비산먼지 억제시설부적정운영,000-0000-0000,,대기,2025-12-10,4211000,강원특별자치도 동해시
(주)울릉해양해운,강원특별자치도,동해시,강원특별자치도 동해시 공단4로 113 (구호동),,37.48328604,129.1374597,"비산먼지발생 억제시설 미설치, 조치 미이행",000-0000-0000,,대기,2025-12-10,4211000,강원특별자치도 동해시
씨제이대한통운(주),강원특별자치도,동해시,강원특별자치도 동해시 대동로 210 (송정동),,37.49428976,129.1435921,비산먼지발생 억제시설을 설치하지 아니하거나 필요한 조치 미이행,000-0000-0000,,대기,2025-12-10,4211000,강원특별자치도 동해시
STX중공업주식회사,강원특별자치도,동해시,강원특별자치도 동해시 공단2로 15-5 (구호동),,37.47193918,129.1414705,비산먼지발생 억제시설을 설치하지 아니하거나 필요한 조치 미이행,000-0000-0000,,대기,2025-12-10,4211000,강원특별자치도 동해시
STX중공업주식회사,강원특별자치도,동해시,강원특별자치도 동해시 공단2로 15-5 (구호동),,37.47193918,129.1414705,비산먼지억제시설 가동미흡,000-0000-0000,,대기,2025-12-10,4211000,강원특별자치도 동해시
STX중공업주식회사,강원특별자치도,동해시,강원특별자치도 동해시 공단2로 15-5 (구호동),,37.47193918,129.1414705,비산먼지억제조치시설 미흡,000-0000-0000,,대기,2025-12-10,4211000,강원특별자치도 동해시
(합)거륭산업,강원특별자치도,동해시,,강원특별자치도 동해시 단봉동 39,37.47769227,129.1193756,법 제43조제2항에 따른 시설이나 조치가 기준에 맞지 아니한 경우,000-0000-0000,,대기,2025-12-10,4211000,강원특별자치도 동해시
쌍용레미콘(주)동해사업소,강원특별자치도,동해시,,강원특별자치도 동해시 삼화동 298,37.48032966,129.046157,법 제43조에 따른 비산먼지 발생사업과 관련된 다음의 경우-법 제43조제1항에 따른 필요한 조치를 이행하지 아니한 경우,000-0000-0000,,대기,2025-12-10,4211000,강원특별자치도 동해시
(주)한진중공업,강원특별자치도,동해시,강원특별자치도 동해시 청운2길 42,,37.48436448,129.1074445,비산먼지발생 억제시설을 설치하지 아니하거나 필요한 조치 미이행,000-0000-0000,,대기,2025-12-10,4211000,강원특별자치도 동해시
(주)문장건설,강원특별자치도,동해시,"강원특별자치도 동해시 평원로 115 (평릉동,해안택지 1블럭)",,37.53349174,129.1119844,법 제43조제2항에 따른 시설이나 조치가 기준에 맞지 아니한 경우,000-0000-0000,,대기,2025-12-10,4211000,강원특별자치도 동해시
세방(주)강원지사,강원특별자치도,동해시,강원특별자치도 동해시 대동로 210 (송정동),,37.49428976,129.1435921,법 제43조에 따른 비산먼지 발생사업과 관련된 다음의 경우-법 제43조제1항에 따른 필요한 조치를 이행하지 아니한 경우,000-0000-0000,,대기,2025-12-10,4211000,강원특별자치도 동해시
대한통운(주)동해지사,강원특별자치도,동해시,강원특별자치도 동해시 용정로 171 (용정동),,37.50352962,129.1264911,법 제43조에 따른 비산먼지 발생사업과 관련된 다음의 경우-법 제43조제1항에 따른 필요한 조치를 이행하지 아니한 경우,000-0000-0000,,대기,2025-12-10,4211000,강원특별자치도 동해시
동원로엑스(주),강원특별자치도,동해시,"강원특별자치도 동해시 대동로 167, 2층 (송정동)",,37.48630744,129.1239933,법 제43조에 따른 비산먼지 발생사업과 관련된 다음의 경우-법 제43조제1항에 따른 필요한 조치를 이행하지 아니한 경우,000-0000-0000,,대기,2025-12-10,4211000,강원특별자치도 동해시
(주)서도기업,강원특별자치도,동해시,,강원특별자치도 동해시 묵호진동 15-85,37.55158884,129.1172558,법 제43조제2항에 따른 시설이나 조치가 기준에 맞지 아니한 경우,000-0000-0000,,대기,2025-12-10,4211000,강원특별자치도 동해시
(주)서도기업,강원특별자치도,동해시,,강원특별자치도 동해시 묵호진동 15-85,37.55158884,129.1172558,법 제43조에 따른 비산먼지 발생사업과 관련된 다음의 경우-법 제43조제1항에 따른 필요한 조치를 이행하지 아니한 경우,000-0000-0000,,대기,2025-12-10,4211000,강원특별자치도 동해시
(주)서도기업,강원특별자치도,동해시,,강원특별자치도 동해시 송정동 606-2,37.49428976,129.1435921,법 제43조에 따른 비산먼지 발생사업과 관련된 다음의 경우-법 제43조제1항에 따른 필요한 조치를 이행하지 아니한 경우,000-0000-0000,,대기,2025-12-10,4211000,강원특별자치도 동해시
(주)디비메탈(DB Metal) 동해공장,강원특별자치도,동해시,,강원특별자치도 동해시 용정동 188-2,37.50530381,129.1237468,비산먼지 억제조치 미흡,000-0000-0000,,대기,2025-12-10,4211000,강원특별자치도 동해시
(주)디비메탈(DB Metal) 동해공장,강원특별자치도,동해시,,강원특별자치도 동해시 용정동 188-2,37.50530381,129.1237468,법 제43조에 따른 비산먼지 발생사업과 관련된 다음의 경우-비산먼지 발생사업의 신고 또는 변경신고를 하지 아니한 경우,000-0000-0000,,대기,2025-12-10,4211000,강원특별자치도 동해시
(주)디비메탈(DB Metal) 동해공장,강원특별자치도,동해시,,강원특별자치도 동해시 용정동 188-2,37.50530381,129.1237468,법 제43조제2항에 따른 시설이나 조치가 기준에 맞지 아니한 경우,000-0000-0000,,대기,2025-12-10,4211000,강원특별자치도 동해시
제철공업사,대구광역시,달서구,대구광역시 달서구 성서공단북로 341 (갈산동),,35.8439274594,128.5099602419,"변경신고 미이행, 방지시설에 딸린 기계·기구류 훼손 방치",000-000-0000,,수질,2025-12-01,3470000,대구광역시 달서구
대신산업,강원특별자치도,동해시,강원특별자치도 동해시 대동로 161-7 (송정동),,37.48609205,129.1210614,법 제43조제2항에 따른 시설이나 조치가 기준에 맞지 아니한 경우,000-0000-0000,,대기,2025-12-10,4211000,강원특별자치도 동해시
영신육운(주),강원특별자치도,동해시,,강원특별자치도 동해시 송정동 606-2,37.49428976,129.1435921,비산먼지 발생을 억제하기 위한 시설의 설치 및 필요한 조치사항 미이행,000-0000-0000,,대기,2025-12-10,4211000,강원특별자치도 동해시
쌍용로지스틱스(주),강원특별자치도,동해시,"강원특별자치도 동해시 대동로 210 (송정동, 동해항)",,37.49428976,129.1435921,비산먼지 발생을 억제하기 위한 필요한 조치사항 미이행,000-0000-0000,,대기,2025-12-10,4211000,강원특별자치도 동해시
쌍용로지스틱스(주),강원특별자치도,동해시,"강원특별자치도 동해시 대동로 210 (송정동, 동해항)",,37.49428976,129.1435921,법 제43조에 따른 비산먼지 발생사업과 관련된 다음의 경우-법 제43조제1항에 따른 필요한 조치를 이행하지 아니한 경우,000-0000-0000,,대기,2025-12-10,4211000,강원특별자치도 동해시
쌍용씨앤이(주) 동해사업소,강원특별자치도,동해시,강원특별자치도 동해시 효자로 246 (삼화동),,37.47594705,129.0348965,비산먼지 발생억제시설 미설치,000-0000-0000,,대기,2025-12-10,4211000,강원특별자치도 동해시
쌍용씨앤이(주) 동해사업소,강원특별자치도,동해시,강원특별자치도 동해시 효자로 246 (삼화동),,37.47594705,129.0348965,비산먼지 발생억제조치 미흡,000-0000-0000,,대기,2025-12-10,4211000,강원특별자치도 동해시
쌍용씨앤이(주)동해공장,강원특별자치도,동해시,강원특별자치도 동해시 효자로 246 (삼화동),,37.47594705,129.0348965,비산먼지 발생억제조치 미흡,000-0000-0000,,대기,2025-12-10,4211000,강원특별자치도 동해시
쎄븐wash,강원특별자치도,동해시,강원특별자치도 동해시 느릅재길 64 (발한동),,37.5458053,129.0960683,법 제 67조의 규정을 위반하여 환경기술인등의 교육을 받게 하지 아니한 경우,000-0000-0000,,수질,2025-12-10,4211000,강원특별자치도 동해시
주식회사 자연과우리,강원특별자치도,동해시,강원특별자치도 동해시 효자로 436-1 (쇄운동),,37.48104561,129.0864443,법 제38조제3항에 따른 폐수배출시설 및 방지시설의 운영에 관한 관리기록을 거짓으로 기록하거나 보존ㆍ비치하지 아니한 경우,000-0000-0000,,수질,2025-12-10,4211000,강원특별자치도 동해시
세경주유소,강원특별자치도,동해시,"강원특별자치도 동해시 발한로 369, 대림주유소 (발한동)",,37.56091204,129.1022055,법 제 67조의 규정을 위반하여 환경기술인등의 교육을 받게 하지 아니한 경우,000-0000-0000,,수질,2025-12-10,4211000,강원특별자치도 동해시
서진산업(주),강원특별자치도,동해시,"강원특별자치도 동해시 설운길 240, 서진산업 (쇄운동)",,37.47269435,129.0615306,법 제38조제3항에 따른 폐수배출시설 및 방지시설의 운영에 관한 관리기록을 거짓으로 기록하거나 보존ㆍ비치하지 아니한 경우,000-0000-0000,,수질,2025-12-10,4211000,강원특별자치도 동해시
단봉대형차세차장,강원특별자치도,동해시,강원특별자치도 동해시 강원남부로 4607 (단봉동),,37.46186929,129.1146744,법 제 67조의 규정을 위반하여 환경기술인등의 교육을 받게 하지 아니한 경우,000-0000-0000,,수질,2025-12-10,4211000,강원특별자치도 동해시
천곡중앙세차장,강원특별자치도,동해시,강원특별자치도 동해시 중앙로 150 (천곡동),,37.51488107,129.1190944,법 제 67조의 규정을 위반하여 환경기술인등의 교육을 받게 하지 아니한 경우,000-0000-0000,,수질,2025-12-10,4211000,강원특별자치도 동해시
강릉건설(주),강원특별자치도,동해시,,강원특별자치도 동해시 구미동 433-4,37.48484792,129.1268095,법 제38조제1항 각 호의 어느 하나에 해당하는 행위를 한 경우-방지시설에 유입되는 수질오염물질을 최종방류구를 거치지 아니하고 배출하거나 최종방류구를 거치지 아니하고 배출할 수 있,000-0000-0000,,수질,2025-12-10,4211000,강원특별자치도 동해시
STX중공업(주),강원특별자치도,동해시,강원특별자치도 동해시 공단4로 36,,37.47642442,129.1453941,법 제38조제1항 각 호의 어느 하나에 해당하는 행위를 한 경우-그 밖에 폐수배출시설 및 방지시설을 정당한 사유 없이 정상적으로 가동하지 아니하여 배출허용기준을 초과한 수질오염물질,000-0000-0000,,수질,2025-12-10,4211000,강원특별자치도 동해시
STX중공업(주),강원특별자치도,동해시,강원특별자치도 동해시 공단4로 36,,37.47642442,129.1453941,법 제38조제1항 각 호의 어느 하나에 해당하는 행위를 한 경우-폐수배출시설에서 배출되는 수질오염물질을 방지시설에 유입하지 아니하고 배출한 경우,000-0000-0000,,수질,2025-12-10,4211000,강원특별자치도 동해시
동해레미콘,강원특별자치도,동해시,강원특별자치도 동해시 쉬눔길 8 (추암동),,37.4672019,129.150521,법 제38조제3항에 따른 폐수배출시설 및 방지시설의 운영에 관한 관리기록을 거짓으로 기록하거나 보존ㆍ비치하지 아니한 경우,000-0000-0000,,수질,2025-12-10,4211000,강원특별자치도 동해시
동해지방해양수산청(서부두 물류2창고),강원특별자치도,동해시,강원특별자치도 동해시 대동로 210 (서부두 물류2창고) (송정동),,37.49428976,129.1435921,법 제38조제3항에 따른 폐수배출시설 및 방지시설의 운영에 관한 관리기록을 거짓으로 기록하거나 보존ㆍ비치하지 아니한 경우,000-0000-0000,,수질,2025-12-10,4211000,강원특별자치도 동해시
씨제이대한통운(주),강원특별자치도,동해시,강원특별자치도 동해시 대동로 210 (송정동),,37.49428976,129.1435921,법 제 67조의 규정을 위반하여 환경기술인등의 교육을 받게 하지 아니한 경우,000-0000-0000,,수질,2025-12-10,4211000,강원특별자치도 동해시
씨제이대한통운(주),강원특별자치도,동해시,강원특별자치도 동해시 대동로 210 (송정동),,37.49428976,129.1435921,환경기술인 교육 미이수,000-0000-0000,,수질,2025-12-10,4211000,강원특별자치도 동해시
동해지방해양수산청(남부두 15선석),강원특별자치도,동해시,"강원특별자치도 동해시 대동로 210, 남부두 15선석 (송정동)",,37.49428976,129.1435921,법 제47조에 따른 환경기술인과 관련된 행정처분-환경기술인을 임명하지 아니한 경우,000-0000-0000,,수질,2025-12-10,4211000,강원특별자치도 동해시
동해지방해양수산청(중앙부두 30선석),강원특별자치도,동해시,강원특별자치도 동해시 대동로 210 (송정동),,37.49428976,129.1435921,법 제 67조의 규정을 위반하여 환경기술인등의 교육을 받게 하지 아니한 경우,000-0000-0000,,수질,2025-12-10,4211000,강원특별자치도 동해시
부곡카세차장,강원특별자치도,동해시,강원특별자치도 동해시 발한로 53 (부곡동),,37.53735706,129.1024014,법 제38조제3항에 따른 폐수배출시설 및 방지시설의 운영에 관한 관리기록을 거짓으로 기록하거나 보존ㆍ비치하지 아니한 경우,000-0000-0000,,수질,2025-12-10,4211000,강원특별자치도 동해시
동해지방해양수산청(북부두 23선석),강원특별자치도,동해시,"강원특별자치도 동해시 대동로 210, 북북두 23선석 배후 (송정동)",,37.49428976,129.1435921,법 제33조제2항 또는 제3항에 따른 폐수배출시설 변경신고를 하지 아니한 경우,000-0000-0000,,수질,2025-12-10,4211000,강원특별자치도 동해시
샤인스팀손세차장,강원특별자치도,동해시,강원특별자치도 동해시 나안1길 2-2 (나안동),,37.48420663,129.1089008,법 제38조제3항에 따른 폐수배출시설 및 방지시설의 운영에 관한 관리기록을 거짓으로 기록하거나 보존ㆍ비치하지 아니한 경우,000-0000-0000,,수질,2025-12-10,4211000,강원특별자치도 동해시
대신산업(주),강원특별자치도,동해시,강원특별자치도 동해시 대동로 161-7 (송정동),,37.48609205,129.1210614,법 제33조제2항 또는 제3항에 따른 폐수배출시설 변경신고를 하지 아니한 경우,000-0000-0000,,수질,2025-12-10,4211000,강원특별자치도 동해시
대신산업(주),강원특별자치도,동해시,강원특별자치도 동해시 대동로 161-7 (송정동),,37.48609205,129.1210614,법 제 67조의 규정을 위반하여 환경기술인등의 교육을 받게 하지 아니한 경우,000-0000-0000,,수질,2025-12-10,4211000,강원특별자치도 동해시
대성산업,강원특별자치도,동해시,강원특별자치도 동해시 쉬눔길 21 (추암동),,37.46827321,129.1506166,법 제33조제2항 또는 제3항에 따른 폐수배출시설 변경신고를 하지 아니한 경우,000-0000-0000,,수질,2025-12-10,4211000,강원특별자치도 동해시
관동주유소,강원특별자치도,동해시,강원특별자치도 동해시 강원남부로 4650 (단봉동),,37.4656901,129.1155903,법 제38조제3항에 따른 폐수배출시설 및 방지시설의 운영에 관한 관리기록을 거짓으로 기록하거나 보존ㆍ비치하지 아니한 경우,000-0000-0000,,수질,2025-12-10,4211000,강원특별자치도 동해시
세화산업 주식회사,강원특별자치도,동해시,강원특별자치도 동해시 느릅재길 196 (발한동),,37.55317751,129.0860885,법 제38조제3항에 따른 폐수배출시설 및 방지시설의 운영에 관한 관리기록을 거짓으로 기록하거나 보존ㆍ비치하지 아니한 경우,000-0000-0000,,수질,2025-12-10,4211000,강원특별자치도 동해시
(주)디비메탈 동해공장,강원특별자치도,동해시,강원특별자치도 동해시 숫골길 17 (송정동),,37.50158773,129.1241434,법 제38조제3항에 따른 폐수배출시설 및 방지시설의 운영에 관한 관리기록을 거짓으로 기록하거나 보존ㆍ비치하지 아니한 경우,000-0000-0000,,수질,2025-12-10,4211000,강원특별자치도 동해시
(주)동부한농 동해공장,강원특별자치도,동해시,강원특별자치도 동해시 숫골길 17 (송정동),,37.50158773,129.1241434,법 제38조제3항에 따른 폐수배출시설 및 방지시설의 운영에 관한 관리기록을 거짓으로 기록하거나 보존ㆍ비치하지 아니한 경우,000-0000-0000,,수질,2025-12-10,4211000,강원특별자치도 동해시
뉴동해항산업(주)효가제일,강원특별자치도,동해시,강원특별자치도 동해시 동해대로 4985 (효가동),,37.4908857,129.1105714,법 제38조제3항에 따른 폐수배출시설 및 방지시설의 운영에 관한 관리기록을 거짓으로 기록하거나 보존ㆍ비치하지 아니한 경우,000-0000-0000,,수질,2025-12-10,4211000,강원특별자치도 동해시
동해세차타운,강원특별자치도,동해시,강원특별자치도 동해시 효자로 710 (효가동),,37.49227009,129.1118698,법 제 67조의 규정을 위반하여 환경기술인등의 교육을 받게 하지 아니한 경우,000-0000-0000,,수질,2025-12-10,4211000,강원특별자치도 동해시
의료법인해솔의료재단 한마음병원,강원특별자치도,동해시,"강원특별자치도 동해시 중앙로 210 (천곡동, 한마음병원)",,37.51972281,129.1159088,법 제 67조의 규정을 위반하여 환경기술인등의 교육을 받게 하지 아니한 경우,000-0000-0000,,수질,2025-12-10,4211000,강원특별자치도 동해시
의료법인해솔의료재단 한마음병원,강원특별자치도,동해시,"강원특별자치도 동해시 중앙로 210 (천곡동, 한마음병원)",,37.51972281,129.1159088,법 제38조제3항에 따른 폐수배출시설 및 방지시설의 운영에 관한 관리기록을 거짓으로 기록하거나 보존ㆍ비치하지 아니한 경우,000-0000-0000,,수질,2025-12-10,4211000,강원특별자치도 동해시
씨제이대한통운(주),강원특별자치도,동해시,강원특별자치도 동해시 용정로 171 (용정동),,37.50352962,129.1264911,법 제47조에 따른 환경기술인과 관련된 행정처분-환경기술인을 임명하지 아니한 경우,000-0000-0000,,수질,2025-12-10,4211000,강원특별자치도 동해시
의료법인동해동인의료재단,강원특별자치도,동해시,강원특별자치도 동해시 하평로 26 (평릉동),,37.53059098,129.1071328,법 제33조제2항 또는 제3항에 따른 폐수배출시설 변경신고를 하지 아니한 경우,000-0000-0000,,수질,2025-12-10,4211000,강원특별자치도 동해시
(합)현대산업,강원특별자치도,동해시,강원특별자치도 동해시 대동로 161-4 (송정동),,37.48611785,129.1230858,법 제38조제3항에 따른 폐수배출시설 및 방지시설의 운영에 관한 관리기록을 거짓으로 기록하거나 보존ㆍ비치하지 아니한 경우,000-0000-0000,,수질,2025-12-10,4211000,강원특별자치도 동해시
(합)현대산업,강원특별자치도,동해시,강원특별자치도 동해시 대동로 161-4 (송정동),,37.48611785,129.1230858,법 제 67조의 규정을 위반하여 환경기술인등의 교육을 받게 하지 아니한 경우,000-0000-0000,,수질,2025-12-10,4211000,강원특별자치도 동해시
국신정비센타,강원특별자치도,동해시,강원특별자치도 동해시 임항로 48-1 (부곡동),,37.53823709,129.1075289,법 제 67조의 규정을 위반하여 환경기술인등의 교육을 받게 하지 아니한 경우,000-0000-0000,,수질,2025-12-10,4211000,강원특별자치도 동해시
의료법인 해람의료재단 해람병원,강원특별자치도,동해시,강원특별자치도 동해시 중앙로 218 (천곡동),,37.52033736,129.1157144,"음이온계면활성제(ABS) 배출허용기준 초과(기준 : 5mg/l, 수질검사결과 : 5.7mg/l)",000-0000-0000,,수질,2025-12-10,4211000,강원특별자치도 동해시
(주)덕수인터내셔널,강원특별자치도,동해시,"강원특별자치도 동해시 향로봉길 116 (부곡동, 덕수냉동)",,37.53777518,129.1125686,제37조제1항에 따른 가동개시 신고를 하고 조업중인 배출시설에서 배출되는 오염물질의 정도가 배출시설 또는 방지시설의 결함.고장 또는 운전미숙 등으로  법 제32조에 따른 배출허용기,000-0000-0000,,수질,2025-12-10,4211000,강원특별자치도 동해시
(주)덕수인터내셔널,강원특별자치도,동해시,"강원특별자치도 동해시 향로봉길 116 (부곡동, 덕수냉동)",,37.53777518,129.1125686,법 제37조제1항에 따른 가동개시 신고를 하고 조업 중인 폐수배출시설에서 배출되는 수질오염물질의 정도가 폐수배출시설 또는 방지시설의 결함ㆍ고장 또는 운전미숙 등으로 법 제32조에,000-0000-0000,,수질,2025-12-10,4211000,강원특별자치도 동해시
대경가스충전소(주),강원특별자치도,동해시,강원특별자치도 동해시 동해대로 5165 (효가동),,37.50442122,129.1046195,법 제38조제3항에 따른 폐수배출시설 및 방지시설의 운영에 관한 관리기록을 거짓으로 기록하거나 보존ㆍ비치하지 아니한 경우,000-0000-0000,,수질,2025-12-10,4211000,강원특별자치도 동해시
대경가스충전소(주),강원특별자치도,동해시,강원특별자치도 동해시 동해대로 5165 (효가동),,37.50442122,129.1046195,법 제 67조의 규정을 위반하여 환경기술인등의 교육을 받게 하지 아니한 경우,000-0000-0000,,수질,2025-12-10,4211000,강원특별자치도 동해시
(주)삼영엘피지충전소,강원특별자치도,동해시,"강원특별자치도 동해시 해안로 17 (용정동, 삼영엘피지충전소)",,37.50576561,129.1263438,폐수배출시설 운영일지 미작성,000-0000-0000,,수질,2025-12-10,4211000,강원특별자치도 동해시
(주)삼영엘피지충전소,강원특별자치도,동해시,"강원특별자치도 동해시 해안로 17 (용정동, 삼영엘피지충전소)",,37.50576561,129.1263438,배출시설 및 방지시설 운영일지 미작성,000-0000-0000,,수질,2025-12-10,4211000,강원특별자치도 동해시
북평두부,강원특별자치도,동해시,강원특별자치도 동해시 동해대로 4917 (나안동),,37.48498367,129.1115468,폐수배출허용기준초과,000-0000-0000,,수질,2025-12-10,4211000,강원특별자치도 동해시
쌍용로지스틱스(주),강원특별자치도,동해시,"강원특별자치도 동해시 대동로 210 (송정동, 묵호항(임항로 121))",,37.49428976,129.1435921,법 제 67조의 규정을 위반하여 환경기술인등의 교육을 받게 하지 아니한 경우,000-0000-0000,,수질,2025-12-10,4211000,강원특별자치도 동해시
진영세차장,강원특별자치도,동해시,"강원특별자치도 동해시 동굴1길 75 (천곡동, 매직카)",,37.51973701,129.1115424,배출허용기준초과,000-0000-0000,,수질,2025-12-10,4211000,강원특별자치도 동해시
코레일유통주식회사,강원특별자치도,동해시,"강원특별자치도 동해시 임항로 121 (발한동, 묵호항)",,37.54468295,129.1110012,법 제33조제2항 또는 제3항에 따른 폐수배출시설 변경신고를 하지 아니한 경우,000-0000-0000,,수질,2025-12-10,4211000,강원특별자치도 동해시
(합)성창레미콘,강원특별자치도,동해시,강원특별자치도 동해시 공단1로 6 (추암동),,37.4695104,129.1429144,법 제38조제3항에 따른 폐수배출시설 및 방지시설의 운영에 관한 관리기록을 거짓으로 기록하거나 보존ㆍ비치하지 아니한 경우,000-0000-0000,,수질,2025-12-10,4211000,강원특별자치도 동해시
묵호주유소,강원특별자치도,동해시,강원특별자치도 동해시 해안로 595 (발한동),,37.55299071,129.1042617,법 제 67조의 규정을 위반하여 환경기술인등의 교육을 받게 하지 아니한 경우,000-0000-0000,,수질,2025-12-10,4211000,강원특별자치도 동해시
근로복지공단동해병원,강원특별자치도,동해시,"강원특별자치도 동해시 하평로 11 (평릉동, 산재의료관리원동해병원)",,37.53225981,129.1059695,법 제38조제3항에 따른 폐수배출시설 및 방지시설의 운영에 관한 관리기록을 거짓으로 기록하거나 보존ㆍ비치하지 아니한 경우,000-0000-0000,,수질,2025-12-10,4211000,강원특별자치도 동해시
동해공업사,강원특별자치도,동해시,,강원특별자치도 동해시 송정동 1052,37.49306679,129.1238346,법 제33조제2항 또는 제3항에 따른 폐수배출시설 변경신고를 하지 아니한 경우,000-0000-0000,,수질,2025-12-10,4211000,강원특별자치도 동해시
(주)동양냉장,강원특별자치도,동해시,강원특별자치도 동해시 일출로 161 (묵호진동),,37.55724811,129.1209735,법 제33조제1항 내지 제3항에 따른 폐수배출시설 설치허가(변경허가를 포함한다)를 받지 아니하거나 신고를 하지 아니하고 폐수배출시설을 설치하거나 사용한 경우-그 지역이 폐수배출시설,000-0000-0000,,수질,2025-12-10,4211000,강원특별자치도 동해시
(주)동양냉장,강원특별자치도,동해시,강원특별자치도 동해시 일출로 161 (묵호진동),,37.55724811,129.1209735,법 제33조제2항 또는 제3항에 따른 폐수배출시설 변경신고를 하지 아니한 경우,000-0000-0000,,수질,2025-12-10,4211000,강원특별자치도 동해시
동해대형현대서비스 주식회사,강원특별자치도,동해시,강원특별자치도 동해시 강원남부로 4610 (단봉동),,37.46206786,129.1155929,법 제40조에 따른 환경기술인 임명 등을 위반한 다음과 같은 경우-환경관리인의 준수사항 및 관리사항을 이행하지 아니한 경우·,000-0000-0000,,대기,2025-12-10,4211000,강원특별자치도 동해시
삼원텍(주),강원특별자치도,동해시,"강원특별자치도 동해시 숫골길 17, 동부메탈 (용정동)",,37.50158773,129.1241434,법 제23조제2항 또는 법 제23조제3항을 위반하여 변경신고를 하지 아니한 경우,000-0000-0000,,대기,2025-12-10,4211000,강원특별자치도 동해시
서진산업(주),강원특별자치도,동해시,강원특별자치도 동해시 설운길 239 (쇄운동),,37.47242528,129.0631068,법 제40조에 따른 환경기술인 임명 등을 위반한 다음과 같은 경우-환경관리인의 준수사항 및 관리사항을 이행하지 아니한 경우·,000-0000-0000,,대기,2025-12-10,4211000,강원특별자치도 동해시
대성산업,강원특별자치도,동해시,강원특별자치도 동해시 쉬눔길 21 (추암동),,37.46827321,129.1506166,법 제39조제1항에 따른 자가측정을 위반한 다음과 같은 경우-자가측정을 하지 아니하거나 자가측정 횟수가 적정하지 아니한 경우,000-0000-0000,,대기,2025-12-10,4211000,강원특별자치도 동해시
현진레미콘(주),강원특별자치도,동해시,강원특별자치도 동해시 쉬눔길 55 (추암동),,37.47094767,129.151709,법 제31조제1항을 위반하여 다음과 같은 행위를 하는 경우-방지시설에 딸린 기계·기구류(예비용을 포함한다)의 고장 또는 훼손을 정당한 사유 없이 방치하는 행위,000-0000-0000,,대기,2025-12-10,4211000,강원특별자치도 동해시
현진레미콘(주),강원특별자치도,동해시,강원특별자치도 동해시 쉬눔길 55 (추암동),,37.47094767,129.151709,비산먼지 억제 조치 미이행,000-0000-0000,,대기,2025-12-10,4211000,강원특별자치도 동해시
(주)영동레미콘,강원특별자치도,동해시,강원특별자치도 동해시 대동로 161-5 (송정동),,37.48576985,129.1217803,법 제40조에 따른 환경기술인 임명 등을 위반한 다음과 같은 경우-환경관리인의 준수사항 및 관리사항을 이행하지 아니한 경우·,000-0000-0000,,대기,2025-12-10,4211000,강원특별자치도 동해시
(주)디에치에스,강원특별자치도,동해시,강원특별자치도 동해시 동해대로 4497 (대구동),,37.4664232,129.1472082,법 제77조를 위반하여 환경기술인 등의 교육을 받게 하지 아니하였을 경우,000-0000-0000,,대기,2025-12-10,4211000,강원특별자치도 동해시
(주)한동,강원특별자치도,동해시,"강원특별자치도 동해시 숫골길 17 (용정동, 동부메탈)",,37.50158773,129.1241434,법 제39조제1항에 따른 자가측정을 위반한 다음과 같은 경우-자가측정을 하지 아니하거나 자가측정 횟수가 적정하지 아니한 경우,000-0000-0000,,대기,2025-12-10,4211000,강원특별자치도 동해시
(주)동명레미콘,강원특별자치도,동해시,"강원특별자치도 동해시 동해대로 4468-7 (추암동, 동명레미콘)",,37.46937302,129.1524083,법 제40조에 따른 환경기술인 임명 등을 위반한 다음과 같은 경우-환경관리인의 준수사항 및 관리사항을 이행하지 아니한 경우·,000-0000-0000,,대기,2025-12-10,4211000,강원특별자치도 동해시
씨제이대한통운(주),강원특별자치도,동해시,강원특별자치도 동해시 대동로 210 (송정동),,37.49428976,129.1435921,법 제77조를 위반하여 환경기술인 등의 교육을 받게 하지 아니하였을 경우,000-0000-0000,,대기,2025-12-10,4211000,강원특별자치도 동해시
씨제이대한통운(주),강원특별자치도,동해시,강원특별자치도 동해시 대동로 210 (송정동),,37.49428976,129.1435921,법 제39조제2항을 위반하여 사업자가 측정대행업자에게 다음과 같은 행위를 하는 경우-정상적인 측정을 방해하는 행위,000-0000-0000,,대기,2025-12-10,4211000,강원특별자치도 동해시
쌍용레미콘(주)동해사업소,강원특별자치도,동해시,강원특별자치도 동해시 효자로 246 (삼화동),,37.47594705,129.0348965,법 제23조에 따라 배출시설설치허가(변경허가를 포함한다)를 받지 아니하거나 신고를 하지 아니하고 배출시설을 설치한 경우-해당지역이 배출시설의 설치가 가능한 지역인 경우,000-0000-0000,,대기,2025-12-10,4211000,강원특별자치도 동해시
해성메탈(주)동해공장,강원특별자치도,동해시,"강원특별자치도 동해시 효자로 246 (삼화동, 쌍용양회동해공장)",,37.47594705,129.0348965,법 제77조를 위반하여 환경기술인 등의 교육을 받게 하지 아니하였을 경우,000-0000-0000,,대기,2025-12-10,4211000,강원특별자치도 동해시
(합)현대산업,강원특별자치도,동해시,강원특별자치도 동해시 대동로 161-4 (송정동),,37.48611785,129.1230858,법 제23조에 따라 배출시설설치허가(변경허가를 포함한다)를 받지 아니하거나 신고를 하지 아니하고 배출시설을 설치한 경우-해당지역이 배출시설의 설치가 가능한 지역인 경우,000-0000-0000,,대기,2025-12-10,4211000,강원특별자치도 동해시
(합)현대산업,강원특별자치도,동해시,강원특별자치도 동해시 대동로 161-4 (송정동),,37.48611785,129.1230858,법 제30조에 따른 가동개시신고를 하고 가동 중인 배출시설에서 배출되는 대기오염물질의 정도가 배출시설 또는 방지시설의 결함·고장 또는 운전미숙 등으로 인하여 법 제16조에 따른 배,000-0000-0000,,대기,2025-12-10,4211000,강원특별자치도 동해시
(합)현대산업,강원특별자치도,동해시,강원특별자치도 동해시 대동로 161-4 (송정동),,37.48611785,129.1230858,비산먼지 억제 조치 미이행,000-0000-0000,,대기,2025-12-10,4211000,강원특별자치도 동해시
산림조합중앙회 목재유통센터 동해사업소,강원특별자치도,동해시,,강원특별자치도 동해시 망상동 47-1,37.58054447,129.1013631,법 제23조제2항 또는 법 제23조제3항을 위반하여 변경신고를 하지 아니한 경우,000-0000-0000,,대기,2025-12-10,4211000,강원특별자치도 동해시
주식회사 상보산업,강원특별자치도,동해시,"강원특별자치도 동해시 동해대로 5219 (지흥동, 상보산업)",,37.5092214,129.1015245,비산먼지발생 억제조치 미이행,000-0000-0000,,대기,2025-12-10,4211000,강원특별자치도 동해시
(합)성창레미콘,강원특별자치도,동해시,강원특별자치도 동해시 공단1로 6 (추암동),,37.4695104,129.1429144,법 제40조에 따른 환경기술인 임명 등을 위반한 다음과 같은 경우-환경관리인의 준수사항 및 관리사항을 이행하지 아니한 경우·,000-0000-0000,,대기,2025-12-10,4211000,강원특별자치도 동해시
(합)성창레미콘,강원특별자치도,동해시,강원특별자치도 동해시 공단1로 6 (추암동),,37.4695104,129.1429144,비산먼지 억제조치 미이행,000-0000-0000,,대기,2025-12-10,4211000,강원특별자치도 동해시
(합)성창레미콘,강원특별자치도,동해시,강원특별자치도 동해시 공단1로 6 (추암동),,37.4695104,129.1429144,법 제23조에 따라 배출시설설치허가(변경허가를 포함한다)를 받지 아니하거나 신고를 하지 아니하고 배출시설을 설치한 경우-해당지역이 배출시설의 설치가 가능한 지역인 경우,000-0000-0000,,대기,2025-12-10,4211000,강원특별자치도 동해시
세계공업사,강원특별자치도,동해시,강원특별자치도 동해시 동해대로 4845 (이도동),,37.47872158,129.1124828,법 제40조에 따른 환경기술인 임명 등을 위반한 다음과 같은 경우-환경관리인의 준수사항 및 관리사항을 이행하지 아니한 경우·,000-0000-0000,,대기,2025-12-10,4211000,강원특별자치도 동해시
한광자동차종합정비(주),강원특별자치도,동해시,"강원특별자치도 동해시 삼화로 58 (이로동, 한광종합정비)",,37.48427836,129.0639221,법 제40조에 따른 환경기술인 임명 등을 위반한 다음과 같은 경우-환경관리인의 준수사항 및 관리사항을 이행하지 아니한 경우·,000-0000-0000,,대기,2025-12-10,4211000,강원특별자치도 동해시
동해현대공업사,강원특별자치도,동해시,"강원특별자치도 동해시 발한로 256 (발한동, 동해현대공업사)",,37.55158198,129.1065156,법 제77조를 위반하여 환경기술인 등의 교육을 받게 하지 아니하였을 경우,000-0000-0000,,대기,2025-12-10,4211000,강원특별자치도 동해시
(주)쌍용양회 묵호공장,강원특별자치도,동해시,,강원특별자치도 동해시 발한동 43-4,37.54468295,129.1110012,환경기술인 미선임,000-0000-0000,,대기,2025-12-10,4211000,강원특별자치도 동해시
해운공업 동해 주식회사,강원특별자치도,동해시,"강원특별자치도 동해시 동해대로 4549 (대구동, 동해스카니아)",,37.46907471,129.1413816,법 제39조제2항을 위반하여 사업자가 측정대행업자에게 다음과 같은 행위를 하는 경우-정상적인 측정을 방해하는 행위,000-0000-0000,,대기,2025-12-10,4211000,강원특별자치도 동해시
해운공업 동해 주식회사,강원특별자치도,동해시,"강원특별자치도 동해시 동해대로 4549 (대구동, 동해스카니아)",,37.46907471,129.1413816,법 제77조를 위반하여 환경기술인 등의 교육을 받게 하지 아니하였을 경우,000-0000-0000,,대기,2025-12-10,4211000,강원특별자치도 동해시
쌍용씨앤이(주)쇄운사업소,강원특별자치도,동해시,"강원특별자치도 동해시 설운길 240 (쇄운동, 서진산업)",,37.47269435,129.0615306,법 제31조제1항을 위반하여 다음과 같은 행위를 하는 경우-방지시설에 딸린 기계·기구류(예비용을 포함한다)의 고장 또는 훼손을 정당한 사유 없이 방치하는 행위,000-0000-0000,,대기,2025-12-10,4211000,강원특별자치도 동해시
쌍용씨앤이(주)쇄운사업소,강원특별자치도,동해시,"강원특별자치도 동해시 설운길 240 (쇄운동, 서진산업)",,37.47269435,129.0615306,비산먼지 억제 조치 미이행,000-0000-0000,,대기,2025-12-10,4211000,강원특별자치도 동해시
(주)창원공업사,강원특별자치도,동해시,강원특별자치도 동해시 강원남부로 4692 (단봉동),,37.46948662,129.1152624,법 제40조에 따른 환경기술인 임명 등을 위반한 다음과 같은 경우-환경관리인의 준수사항 및 관리사항을 이행하지 아니한 경우·,000-0000-0000,,대기,2025-12-10,4211000,강원특별자치도 동해시
(주)창원공업사,강원특별자치도,동해시,강원특별자치도 동해시 강원남부로 4692 (단봉동),,37.46948662,129.1152624,법 제31조제2항에 따른 배출시설 및 방지시설의 운영에 관한 관리기록을 거짓으로 기재하였거나 보존·비치하지 아니한 경우,000-0000-0000,,대기,2025-12-10,4211000,강원특별자치도 동해시
송용산업,강원특별자치도,동해시,"강원특별자치도 동해시 해안로 1 (용정동, 쌍용자동차정비)",,37.50484112,129.125968,법 제31조제2항에 따른 배출시설 및 방지시설의 운영에 관한 관리기록을 거짓으로 기재하였거나 보존·비치하지 아니한 경우,000-0000-0000,,대기,2025-12-10,4211000,강원특별자치도 동해시
뉴동해항산업주식회사,강원특별자치도,동해시,강원특별자치도 동해시 대동로 261-8 (송정동),,37.49292991,129.1240565,법 제40조에 따른 환경기술인 임명 등을 위반한 다음과 같은 경우-환경관리인의 준수사항 및 관리사항을 이행하지 아니한 경우·,000-0000-0000,,대기,2025-12-10,4211000,강원특별자치도 동해시
㈜강성산업개발,전북특별자치도,진안군,전북특별자치도 진안군 부귀면 전진로 2091,,35.82642878,127.3517198,폐기물 수집운반업 교육 미이수,063-432-1150,,대기,2025-12-12,4731000,전북특별자치도 진안군
㈜강성산업개발,전북특별자치도,진안군,전북특별자치도 진안군 부귀면 전진로 2091,,35.82642878,127.3517198,사업장일반폐기물 보관기준 및 방법 위반,063-432-1150,,대기,2025-12-12,4731000,전북특별자치도 진안군
㈜우드사이로,전북특별자치도,진안군,전북특별자치도 진안군 마령면 관진로 1619,,35.76776165,127.3566907,폐기물 부적정 보관,063-433-6655,,대기,2025-12-12,4731000,전북특별자치도 진안군
진안산업,전북특별자치도,진안군,전북특별자치도 진안군 마령면 임진로 2539-52,,35.76255445,127.3585926,사업장에서 발생한 생활폐기물 불법 소각,063-433-5040,,대기,2025-12-12,4731000,전북특별자치도 진안군
㈜강성산업개발,전북특별자치도,진안군,전북특별자치도 진안군 부귀면 전진로 2091,,35.82642878,127.3517198,"장부의 비치, 기록 및 보존 위반",063-432-1150,,대기,2025-12-12,4731000,전북특별자치도 진안군
㈜강성산업개발,전북특별자치도,진안군,전북특별자치도 진안군 부귀면 전진로 2091,,35.82642878,127.3517198,건설폐기물 처리업자의 준수사항 위반,063-432-1150,,대기,2025-12-12,4731000,전북특별자치도 진안군
농업회사법인 유한회사 이삭,전북특별자치도,진안군,전북특별자치도 진안군 부귀면 오복1길 27-3,,35.82437267,127.3532522,음식물류폐기물 처리시설 정기검사 불합격,063-433-6567,,대기,2025-12-12,4731000,전북특별자치도 진안군
컴인워시E1인천서운점,인천광역시,계양구,인천광역시 계양구 아나지로 528,인천광역시 계양구 서운동 136,37.5254168652,126.7511902626,배출허용기준 초과,000-0000-0000,,수질,2025-11-20,3550000,인천광역시 계양구
정성카공업사,인천광역시,계양구,인천광역시 계양구 계양대로120번길 16,인천광역시 계양구 작전동 856-74,37.534385,126.724469,배출허용기준 초과,000-0000-0000,,수질,2025-11-20,3550000,인천광역시 계양구
계양카샤워,인천광역시,계양구,인천광역시 계양구 효서로 418,인천광역시 계양구 서운동 55-6,37.5269626196,126.742782,배출허용기준 초과,000-0000-0000,,수질,2025-11-20,3550000,인천광역시 계양구
테수라모터스,인천광역시,계양구,인천광역시 계양구 봉오대로 446,인천광역시 계양구 효성동 623-119,37.5268888824,126.6990318292,배출허용기준 초과,000-0000-0000,,수질,2025-11-20,3550000,인천광역시 계양구
TOP고압스팀세차장,인천광역시,계양구,인천광역시 계양구 봉오대로 549,인천광역시 계양구 효성동 147-8,37.5307978716,126.709279,배출허용기준 초과,000-0000-0000,,수질,2025-11-20,3550000,인천광역시 계양구
루페스빅풋디테일링센터 계양점,인천광역시,계양구,인천광역시 계양구 봉오대로 628번길 22,인천광역시 계양구 효성동 294-8,37.528340375,126.7175184428,운영일지 미기록,000-0000-0000,,수질,2025-11-20,3550000,인천광역시 계양구
그린셀프세차장,인천광역시,계양구,인천광역시 계양구 병방로 31,인천광역시 계양구 병방동 169,37.5463162953,126.7437983933,배출허용기준 초과,000-0000-0000,,수질,2025-11-20,3550000,인천광역시 계양구
㈜정우하이텍,인천광역시,계양구,인천광역시 계양구 계양대로16번길 93,인천광역시 계양구 작전동 738-6,37.524140949,126.7321942382,배출허용기준 초과,032-544-0624,,대기,2025-11-20,3550000,인천광역시 계양구
제이비애드,인천광역시,계양구,인천광역시 계양구 계양대로16번길 87,인천광역시 계양구 작전동 738-3,37.5242257596,126.7315312438,운영일지 미기록,032-544-7612,,대기,2025-11-20,3550000,인천광역시 계양구
㈜코코스팩,인천광역시,계양구,인천광역시 계양구 계양대로16번길 95,인천광역시 계양구 작전동 738-7,37.5246115669,126.732496,운영일지 미기록,032-553-3736,,대기,2025-11-20,3550000,인천광역시 계양구
태경모터스,인천광역시,계양구,인천광역시 계양구 장제로 654,인천광역시 계양구 작전동 161,37.526154,126.7335280977,미신고 대기배출시설 설치운영,032-553-0343,,대기,2025-11-20,3550000,인천광역시 계양구
㈜1급시온모터스,인천광역시,계양구,인천광역시 계양구 아나지로 260,인천광역시 계양구 작전동 473-8,37.5251469,126.7208513,미신고 대기배출시설 설치운영,000-0000-0000,,대기,2025-11-20,3550000,인천광역시 계양구
㈜트인건설,인천광역시,계양구,인천광역시 계양구 봉오대로 569번길 10,인천광역시 계양구 효성동 15-3,37.5319623568,126.71264,대기환경보전법 제43조제1항 위반,032-465-0459,,대기,2025-11-20,3550000,인천광역시 계양구
㈜에이플러스건설,인천광역시,계양구,인천광역시 계양구 안남로 573번길 18,인천광역시 계양구 효성동 33-2,37.5373325919,126.7089045808,대기환경보전법 제43조제1항 위반,031-966-7404,,대기,2025-11-20,3550000,인천광역시 계양구
(주)롯데건설,인천광역시,계양구,,인천광역시 계양구 효성동 123-30,37.5301233869,126.7029502635,대기환경보전법 제43조제1항 위반,000-0000-0000,,대기,2025-11-20,3550000,인천광역시 계양구
남양건설,인천광역시,계양구,,인천광역시 계양구 동양동 172,37.5605242265,126.76472,대기환경보전법 제43조제1항 위반,032-541-2003,,대기,2025-11-20,3550000,인천광역시 계양구
코오롱모터스㈜부산센터,부산광역시,수영구,부산광역시 수영구 광남로 135 (광안동),부산광역시 수영구 광안동 173-14,35.1537629,129.1167873,폐수배출시설 및 방지시설 운영일지 허위작성,051-327-7301,,수질,2025-09-03,3380000,부산광역시 수영구
빛날광택 샵,전라남도,장흥군,전라남도 장흥군 장흥읍 장흥로 76-10,,34.6838607,126.9116878,법 제 67조의 규정을 위반하여 환경기술인등의 교육을 받게 하지 아니한 경우,000-0000-0000,최승훈,수질,2025-06-23,5860000,전남광주통합특별시 장흥군
티오(TO) 세차장,전라남도,장흥군,전라남도 장흥군 장흥읍 장흥대로 3512-1,,34.67711678,126.906072,"방지시설의 결함, 가동요원의 기술미숙 등으로 처리한 폐수가 배출허용기준을 초과한 경우",000-0000-0000,손보라,수질,2025-06-23,5860000,전남광주통합특별시 장흥군
우리해양환경 유한회사,전라남도,장흥군,전라남도 장흥군 장평면 농공단지길 34,,34.8072191423,126.9308963037,법 제33조제2항 또는 제3항에 따른 폐수배출시설 변경신고를 하지 아니한 경우,000-0000-0000,김길호,수질,2025-06-23,5860000,전남광주통합특별시 장흥군
주식회사 제이바이오,전라남도,장흥군,전라남도 장흥군 관산읍 방촌1길 44-143,,34.54829953,126.9375347,법 제 67조의 규정을 위반하여 환경기술인등의 교육을 받게 하지 아니한 경우,061-867-8501,김재윤,수질,2025-06-23,5860000,전남광주통합특별시 장흥군
와이에프티 주식회사,전라남도,장흥군,전라남도 장흥군 장평면 피재로 465,,34.79792105,126.9226255,"방지시설의 결함, 가동요원의 기술미숙 등으로 처리한 폐수가 배출허용기준을 초과한 경우",000-0000-0000,여전화,수질,2025-06-23,5860000,전남광주통합특별시 장흥군
와이에프티 주식회사,전라남도,장흥군,전라남도 장흥군 장평면 피재로 465,,34.79792105,126.9226255,법 제4조의6제1항에 따른 조치명령 또는 법 제39조에 따른 개선명령을 받은 자가 이행기간(연장기간을 포함한다)내에 이행 보고를 하였으나 검사 결과 할당부하량등을 계속 초과하거나 ,000-0000-0000,여전화,수질,2025-06-23,5860000,전남광주통합특별시 장흥군
와이에프티 주식회사,전라남도,장흥군,전라남도 장흥군 장평면 피재로 465,,34.79792105,126.9226255,폐수배출허용기준 초과,000-0000-0000,여전화,수질,2025-06-23,5860000,전남광주통합특별시 장흥군
다오케이 리사이클링,전라남도,장흥군,전라남도 장흥군 장평면 농공단지길 17,,34.8085862021,126.9303844537,법 제38조제3항에 따른 폐수배출시설 및 방지시설의 운영에 관한 관리기록을 거짓으로 기록하거나 보존ㆍ비치하지 아니한 경우,061-862-0135,박영주,수질,2025-06-23,5860000,전남광주통합특별시 장흥군
(유)장흥교통,전라남도,장흥군,전라남도 장흥군 장흥읍 장강로 105,,34.67315326,126.8834044,법 제37조제1항에 따른 가동개시 신고를 하고 조업 중인 폐수배출시설에서 배출되는 수질오염물질의 정도가 폐수배출시설 또는 방지시설의 결함ㆍ고장 또는 운전미숙 등으로 법 제32조에 ,061-863-0636,조희필,수질,2025-06-23,5860000,전남광주통합특별시 장흥군
(주)현대푸드,전라남도,장흥군,전라남도 장흥군 장흥읍 산단1로 31-4,,34.68958522,126.9343577,법 제38조제3항에 따른 폐수배출시설 및 방지시설의 운영에 관한 관리기록을 거짓으로 기록하거나 보존ㆍ비치하지 아니한 경우,061-864-7701,강종채,수질,2025-06-23,5860000,전남광주통합특별시 장흥군
장흥산업(주),전라남도,장흥군,전라남도 장흥군 장흥읍 장강로 118,,34.6745799882,126.8829648758,법 제38조제3항에 따른 폐수배출시설 및 방지시설의 운영에 관한 관리기록을 거짓으로 기록하거나 보존ㆍ비치하지 아니한 경우,061-863-6131,김민숙,수질,2025-06-23,5860000,전남광주통합특별시 장흥군
정남진골프리조트(주),전라남도,장흥군,전라남도 장흥군 장평면 제산기동로 326,,34.80270494,126.9708001,법 제33조제2항 또는 제3항에 따른 폐수배출시설 변경신고를 하지 아니한 경우,061-860-9000,고동현,수질,2025-06-23,5860000,전남광주통합특별시 장흥군
정남진골프리조트(주),전라남도,장흥군,전라남도 장흥군 장평면 제산기동로 326,,34.80270494,126.9708001,"방지시설의 결함, 가동요원의 기술미숙 등으로 처리한 폐수가 배출허용기준을 초과한 경우",061-860-9000,고동현,수질,2025-06-23,5860000,전남광주통합특별시 장흥군
어업회사법인 바다채소 주식회사,전라남도,장흥군,전라남도 장흥군 회진면 노력도1길 278,,34.4604978183,126.9667730628,법 제33조제1항 내지 제3항에 따른 폐수배출시설 설치허가(변경허가를 포함한다)를 받지 아니하거나 신고를 하지 아니하고 폐수배출시설을 설치하거나 사용한 경우-그 지역이 폐수배출시설,061-863-0078,이미순,수질,2025-06-23,5860000,전남광주통합특별시 장흥군
(주)새롬,전라남도,장흥군,전라남도 장흥군 장동면 북교반산로 137,,34.74032554,127.0056765,법 제33조제1항에 따른 허가를 받거나 신고를 한 후 특별한 사유 없이 5년 이내에 배출시설 또는 방지시설을 설치하지 아니하거나 배출시설의 멸실 또는 폐업이 확인된 경우,061-864-1158,박종국,수질,2025-06-23,5860000,전남광주통합특별시 장흥군
장흥축협육가공공장,전라남도,장흥군,전라남도 장흥군 장흥읍 평화우산길 35-49,,34.67501725,126.912608,법 제 67조의 규정을 위반하여 환경기술인등의 교육을 받게 하지 아니한 경우,061-864-6482,김재은,수질,2025-06-23,5860000,전남광주통합특별시 장흥군
장흥축협경축순환자원화센터,전라남도,장흥군,전라남도 장흥군 장동면 흥성로 1720,,34.76105556,127.0078989,법 제38조제3항에 따른 폐수배출시설 및 방지시설의 운영에 관한 관리기록을 거짓으로 기록하거나 보존ㆍ비치하지 아니한 경우,061-864-3055,,수질,2025-06-23,5860000,전남광주통합특별시 장흥군
재단법인 전남바이오산업진흥원 천연자원연구센터,전라남도,장흥군,전라남도 장흥군 안양면 우드랜드길 288,,34.66765921,126.9446115,"방지시설의 결함, 가동요원의 기술미숙 등으로 처리한 폐수가 배출허용기준을 초과한 경우",061-860-2600,,수질,2025-06-23,5860000,전남광주통합특별시 장흥군
(주)옴니허브,전라남도,장흥군,전라남도 장흥군 장흥읍 장흥대로 3683,,34.6921657748,126.9022704069,법 제 67조의 규정을 위반하여 환경기술인등의 교육을 받게 하지 아니한 경우,061-863-1079,허담,수질,2025-06-23,5860000,전남광주통합특별시 장흥군
(주)옴니허브,전라남도,장흥군,전라남도 장흥군 장흥읍 장흥대로 3683,,34.6921657748,126.9022704069,폐수배출허용기준 초과,061-863-1079,허담,수질,2025-06-23,5860000,전남광주통합특별시 장흥군
한국수자원공사 전남서남권지사 덕정정수장,전라남도,장흥군,전라남도 장흥군 부산면 덕정길 135,,34.71692562,126.9229963,법 제37조제1항에 따른 가동개시 신고를 하고 조업 중인 폐수배출시설에서 배출되는 수질오염물질의 정도가 폐수배출시설 또는 방지시설의 결함ㆍ고장 또는 운전미숙 등으로 법 제32조에 ,061-860-3260,,수질,2025-06-23,5860000,전남광주통합특별시 장흥군
한국수자원공사 전남서남권지사 덕정정수장,전라남도,장흥군,전라남도 장흥군 부산면 덕정길 135,,34.71692562,126.9229963,배출허용기준초과(총대장균군),061-860-3260,,수질,2025-06-23,5860000,전남광주통합특별시 장흥군
하늘카세차장,전라남도,장흥군,"전라남도 장흥군 장흥읍 동교로 56, 하늘카센터",,34.685222943,126.9047452706,법 제38조제1항 각 호의 어느 하나에 해당하는 행위를 한 경우-그 밖에 폐수배출시설 및 방지시설을 정당한 사유 없이 정상적으로 가동하지 아니하여 배출허용기준을 초과한 수질오염물질,000-0000-0000,홍숙희,수질,2025-06-23,5860000,전남광주통합특별시 장흥군
형제부분정비공업사,전라남도,장흥군,,전라남도 장흥군 장흥읍 건산리 217-1,34.6774543451,126.9150128845,폐수배출허용기준 초과,061-860-3387,김형석,수질,2025-06-23,5860000,전남광주통합특별시 장흥군
미주카세차장,전라남도,장흥군,전라남도 장흥군 장흥읍 흥성로 163,,34.68357505,126.9169558,폐수배출허용기준 초과,000-0000-0000,김성환,수질,2025-06-23,5860000,전남광주통합특별시 장흥군
중앙세차장,전라남도,장흥군,전라남도 장흥군 관산읍 옥동2길 6-10,,34.56206143,126.938096,"방지시설의 결함, 가동요원의 기술미숙 등으로 처리한 폐수가 배출허용기준을 초과한 경우",061-867-4420,이경기,수질,2025-06-23,5860000,전남광주통합특별시 장흥군
장흥우리병원,전라남도,장흥군,전라남도 장흥군 장흥읍 흥성로 83,,34.6783815694,126.911112171,"방지시설의 결함, 가동요원의 기술미숙 등으로 처리한 폐수가 배출허용기준을 초과한 경우",061-862-6262,김규정,수질,2025-06-23,5860000,전남광주통합특별시 장흥군
장흥축산업협동조합,전라남도,장흥군,전라남도 장흥군 회진면 덕산2길 90,,34.4928403123,126.9479979614,법 제77조를 위반하여 환경기술인 등의 교육을 받게 하지 아니하였을 경우,061-863-8232,한계용,대기,2025-06-23,5860000,전남광주통합특별시 장흥군
쌍용석재산업(주),전라남도,장흥군,,전라남도 장흥군 회진면 회진리 산 192,34.4720456665,126.9313124968,법 제31조제2항에 따른 배출시설 및 방지시설의 운영에 관한 관리기록을 거짓으로 기재하였거나 보존·비치하지 아니한 경우,061-867-2323,선재규,대기,2025-06-23,5860000,전남광주통합특별시 장흥군
서남아스콘(주),전라남도,장흥군,전라남도 장흥군 장흥읍 장흥대로 3046-130,,34.64903823,126.8958705,법 제31조제2항에 따른 배출시설 및 방지시설의 운영에 관한 관리기록을 거짓으로 기재하였거나 보존·비치하지 아니한 경우,061-864-9800,신만식,대기,2025-06-23,5860000,전남광주통합특별시 장흥군
퍼스트산업(주),전라남도,장흥군,전라남도 장흥군 장평면 농공단지길 54,,34.8058122878,126.9326275788,법 제43조에 따른 비산먼지 발생사업과 관련된 다음의 경우-법 제43조제1항에 따른 필요한 조치를 이행하지 아니한 경우,061-863-3300,권학준,대기,2025-06-23,5860000,전남광주통합특별시 장흥군
퍼스트산업(주),전라남도,장흥군,전라남도 장흥군 장평면 농공단지길 54,,34.8058122878,126.9326275788,법 제23조제2항 또는 법 제23조제3항을 위반하여 변경신고를 하지 아니한 경우,061-863-3300,권학준,대기,2025-06-23,5860000,전남광주통합특별시 장흥군
퍼스트산업(주),전라남도,장흥군,전라남도 장흥군 장평면 농공단지길 54,,34.8058122878,126.9326275788,법 제31조제2항에 따른 배출시설 및 방지시설의 운영에 관한 관리기록을 거짓으로 기재하였거나 보존·비치하지 아니한 경우,061-863-3300,권학준,대기,2025-06-23,5860000,전남광주통합특별시 장흥군
장흥군한우협회영농조합법인,전라남도,장흥군,전라남도 장흥군 용산면 용안로 507,,34.63900245,126.9585378,[대기환경보전법]제23조제1항에 따른 허가를 받거나 신고를 한 후 특별한 사유 없이 5년 이내에 배출시설 또는 방지시설을 설치하지 아니하거나 배출시설의 멸실 또는 폐업이 확인된 경,061-864-3400,고재국,대기,2025-06-23,5860000,전남광주통합특별시 장흥군
장흥군한우협회영농조합법인,전라남도,장흥군,전라남도 장흥군 용산면 용안로 507,,34.63900245,126.9585378,법 제31조제2항에 따른 배출시설 및 방지시설의 운영에 관한 관리기록을 거짓으로 기재하였거나 보존·비치하지 아니한 경우,061-864-3400,고재국,대기,2025-06-23,5860000,전남광주통합특별시 장흥군
오광개발 주식회사,전라남도,장흥군,전라남도 장흥군 장동면 흥성로 1782,,34.75964578,127.013583,법 제43조에 따른 비산먼지 발생사업과 관련된 다음의 경우-법 제43조제1항에 따른 필요한 조치를 이행하지 아니한 경우,061-864-0036,김귀례,대기,2025-06-23,5860000,전남광주통합특별시 장흥군
중앙산업사,대구광역시,달서구,대구광역시 달서구 성서공단북로 341 (장동),,35.8439274594,128.5099602419,변경신고 미이행,000-000-0000,,수질,2025-12-01,3470000,대구광역시 달서구
흙고운 주식회사,전라남도,장흥군,전라남도 장흥군 장평면 평동로 587,,34.80859521,127.0104663,법 제77조를 위반하여 환경기술인 등의 교육을 받게 하지 아니하였을 경우,061-862-2080,김성민,대기,2025-06-23,5860000,전남광주통합특별시 장흥군
바위영어조합법인,전라남도,장흥군,전라남도 장흥군 회진면 신상5길 18,,34.49012959,126.9688919,법 제31조제2항에 따른 배출시설 및 방지시설의 운영에 관한 관리기록을 거짓으로 기재하였거나 보존·비치하지 아니한 경우,061-867-0055,신행석,대기,2025-06-23,5860000,전남광주통합특별시 장흥군
어업회사법인 주식회사 해다옴,전라남도,장흥군,전라남도 장흥군 회진면 노력도1길 392,,34.45130707,126.9649839,법 제31조제2항에 따른 배출시설 및 방지시설의 운영에 관한 관리기록을 거짓으로 기재하였거나 보존·비치하지 아니한 경우,000-0000-0000,강혜란,대기,2025-06-23,5860000,전남광주통합특별시 장흥군
어업회사법인 주식회사 해다옴,전라남도,장흥군,전라남도 장흥군 회진면 노력도1길 392,,34.45130707,126.9649839,법 제23조제2항 또는 법 제23조제3항을 위반하여 변경신고를 하지 아니한 경우,000-0000-0000,강혜란,대기,2025-06-23,5860000,전남광주통합특별시 장흥군
어업회사법인 바다채소 주식회사,전라남도,장흥군,전라남도 장흥군 회진면 노력도1길 278,,34.4604978183,126.9667730628,법 제31조제2항에 따른 배출시설 및 방지시설의 운영에 관한 관리기록을 거짓으로 기재하였거나 보존·비치하지 아니한 경우,061-867-6858,이미순,대기,2025-06-23,5860000,전남광주통합특별시 장흥군
용산농협 가공공장,전라남도,장흥군,전라남도 장흥군 용산면 장흥대로 2518-43,,34.61991463,126.913703,법 제31조제2항에 따른 배출시설 및 방지시설의 운영에 관한 관리기록을 거짓으로 기재하였거나 보존·비치하지 아니한 경우,061-862-5801,,대기,2025-06-23,5860000,전남광주통합특별시 장흥군
주식회사 그린산업개발,전라남도,장흥군,전라남도 장흥군 장평면 농공단지길 40,,34.80658305,126.9319169,법 제77조를 위반하여 환경기술인 등의 교육을 받게 하지 아니하였을 경우,061-862-8669,이재현,대기,2025-06-23,5860000,전남광주통합특별시 장흥군
(유)제이엔보강토,전라남도,장흥군,전라남도 장흥군 장평면 농공단지길 27,,34.80774941,126.9311508,대기배출시설 등 운영일지 미작성,061-901-5000,이양석,대기,2025-06-23,5860000,전남광주통합특별시 장흥군
선해원식품,전라남도,장흥군,,전라남도 장흥군 회진면 덕산리 2100-1,34.4604978183,126.9667730628,법 제23조에 따라 배출시설설치허가(변경허가를 포함한다)를 받지 아니하거나 신고를 하지 아니하고 배출시설을 설치한 경우-해당지역이 배출시설의 설치가 가능한 지역인 경우,000-0000-0000,이승호,대기,2025-06-23,5860000,전남광주통합특별시 장흥군
대성아스콘(주),전라남도,장흥군,전라남도 장흥군 장동면 흥성로 1442,,34.7423574954,126.9897475667,법 제23조제2항 또는 법 제23조제3항을 위반하여 변경신고를 하지 아니한 경우,061-862-0903,장성호,대기,2025-06-23,5860000,전남광주통합특별시 장흥군
대성아스콘(주),전라남도,장흥군,전라남도 장흥군 장동면 흥성로 1442,,34.7423574954,126.9897475667,법 제30조에 따른 가동개시신고를 하고 가동 중인 배출시설에서 배출되는 대기오염물질의 정도가 배출시설 또는 방지시설의 결함·고장 또는 운전미숙 등으로 인하여 법 제16조에 따른 배,061-862-0903,장성호,대기,2025-06-23,5860000,전남광주통합특별시 장흥군
진곡규석광업(주),전라남도,장흥군,,전라남도 장흥군 유치면 대천리 152,34.8622957302,126.8970456941,[대기환경보전법]제23조제1항에 따른 허가를 받거나 신고를 한 후 특별한 사유 없이 5년 이내에 배출시설 또는 방지시설을 설치하지 아니하거나 배출시설의 멸실 또는 폐업이 확인된 경,061-864-8913,김문영,대기,2025-06-23,5860000,전남광주통합특별시 장흥군
장흥축협경축순환자원화센터,전라남도,장흥군,전라남도 장흥군 장동면 흥성로 1720,,34.76105556,127.0078989,법 제23조에 따라 배출시설설치허가(변경허가를 포함한다)를 받지 아니하거나 신고를 하지 아니하고 배출시설을 설치한 경우-해당지역이 배출시설의 설치가 불가능한 지역인 경우,061-864-3055,,대기,2025-06-23,5860000,전남광주통합특별시 장흥군
장흥축협경축순환자원화센터,전라남도,장흥군,전라남도 장흥군 장동면 흥성로 1720,,34.76105556,127.0078989,법 제77조를 위반하여 환경기술인 등의 교육을 받게 하지 아니하였을 경우,061-864-3055,,대기,2025-06-23,5860000,전남광주통합특별시 장흥군
장흥축협경축순환자원화센터,전라남도,장흥군,전라남도 장흥군 장동면 흥성로 1720,,34.76105556,127.0078989,법 제31조제2항에 따른 배출시설 및 방지시설의 운영에 관한 관리기록을 거짓으로 기재하였거나 보존·비치하지 아니한 경우,061-864-3055,,대기,2025-06-23,5860000,전남광주통합특별시 장흥군
옥섬워터파크,전라남도,장흥군,전라남도 장흥군 안양면 수문용곡로 270,,34.6381363263,127.0428314505,법 제23조제2항 또는 법 제23조제3항을 위반하여 변경신고를 하지 아니한 경우,061-862-2100,김은숙,대기,2025-06-23,5860000,전남광주통합특별시 장흥군
주식회사 장흥레미콘,전라남도,장흥군,전라남도 장흥군 안양면 남부관광로 500-23,,34.66291526,126.953756,법 제23조제2항 또는 법 제23조제3항을 위반하여 변경신고를 하지 아니한 경우,061-862-8800,이미정,대기,2025-06-23,5860000,전남광주통합특별시 장흥군
주식회사 장흥레미콘,전라남도,장흥군,전라남도 장흥군 안양면 남부관광로 500-23,,34.66291526,126.953756,대기오염물질 자가측정 미이행,061-862-8800,이미정,대기,2025-06-23,5860000,전남광주통합특별시 장흥군
(주)푸른레미콘,전라남도,장흥군,전라남도 장흥군 안양면 남부관광로 446-31,,34.66731415,126.9516271,법 제31조제1항을 위반하여 다음과 같은 행위를 하는 경우-방지시설에 딸린 기계·기구류(예비용을 포함한다)의 고장 또는 훼손을 정당한 사유 없이 방치하는 행위,061-862-2222,서인숙,대기,2025-06-23,5860000,전남광주통합특별시 장흥군
창조콘크리트,전라남도,장흥군,전라남도 장흥군 장평면 농공단지길 33,,34.80744993,126.9314171,법 제31조제2항에 따른 배출시설 및 방지시설의 운영에 관한 관리기록을 거짓으로 기재하였거나 보존·비치하지 아니한 경우,061-862-9753,배순순,대기,2025-06-23,5860000,전남광주통합특별시 장흥군
영범제재소,전라남도,장흥군,,전라남도 장흥군 장동면 북교리 9-30,34.74862574,126.9944325,[대기환경보전법]제23조제1항에 따른 허가를 받거나 신고를 한 후 특별한 사유 없이 5년 이내에 배출시설 또는 방지시설을 설치하지 아니하거나 배출시설의 멸실 또는 폐업이 확인된 경,000-0000-0000,김병호,대기,2025-06-23,5860000,전남광주통합특별시 장흥군
보림1급자동차공업사,전라남도,장흥군,전라남도 장흥군 장흥읍 남부관광로 200,,34.6778988573,126.9313457658,법 제77조를 위반하여 환경기술인 등의 교육을 받게 하지 아니하였을 경우,061-863-6777,김서형,대기,2025-06-23,5860000,전남광주통합특별시 장흥군
대성산업(주),전라남도,장흥군,전라남도 장흥군 장동면 흥성로 1442,,34.7423574954,126.9897475667,법 제31조제1항을 위반하여 다음과 같은 행위를 하는 경우-방지시설에 딸린 기계·기구류(예비용을 포함한다)의 고장 또는 훼손을 정당한 사유 없이 방치하는 행위,061-862-0901,한정수,대기,2025-06-23,5860000,전남광주통합특별시 장흥군
용신양만장,전라남도,장흥군,전라남도 장흥군 용산면 장흥대로 2333,,34.604887665,126.920819464,법 제77조를 위반하여 환경기술인 등의 교육을 받게 하지 아니하였을 경우,000-0000-0000,주미자,대기,2025-06-23,5860000,전남광주통합특별시 장흥군
신흥테크,인천광역시,동구,"인천광역시 동구 염전로 25, W동 104호",,37.485573,126.6483481,물환경보전법 제38조제3항배출시설 및 방지시설 운영일지 일부 미작성,032-579-1088,장유정,수질,2025-06-23,3501000,인천광역시 제물포구
㈜네오이앤씨,인천광역시,동구,인천광역시 동구 샛골로 230-31,,37.4835159,126.6451496,대기환경보전법 제40조제2항환경기술인 준수사항 위반,032-764-3241,,대기,2025-06-23,3501000,인천광역시 제물포구
주식회사 효성알엔티,인천광역시,동구,인천광역시 동구 샛골로 230-36,,37.4833446,126.6458712,대기환경보전법 제23조제1항대기배출시설 미신고 사업장,032-812-7964,우형민,대기,2025-06-23,3501000,인천광역시 제물포구
㈜명성엔지니어링 인천지점,인천광역시,동구,"인천광역시 동구 송미로23번길 21, 101호",,37.4824633,126.6479331,물환경보전법 제38조제3항배출시설 및 방지시설 운영일지 일부 미작성,032-578-8765,,수질,2025-06-23,3501000,인천광역시 제물포구
㈜신성에스지,인천광역시,동구,인천광역시 동구 송미로 37,,37.483179,126.6500044,대기환경보전법 제39조제1항2024년 하반기 자가측정 미이행,032-583-0022,,대기,2025-06-23,3501000,인천광역시 제물포구
유연사,인천광역시,동구,인천광역시 동구 수문통로 19,,37.4782788,126.6326364,물환경보전법 제42조배출시설 등의 무단 멸실 또는 폐업,032-764-2318,유창옥,수질,2025-06-23,3501000,인천광역시 제물포구
영동바렐기업,인천광역시,동구,인천광역시 동구 염전로 16,,37.4854951,126.6464179,물환경보전법 제42조배출시설 등의 무단 멸실 또는 폐업,032-764-2318,박신원,수질,2025-06-23,3501000,인천광역시 제물포구
㈜프로셈,인천광역시,동구,인천광역시 동구 염전로 44,,37.4838209,126.6492411,물환경보전법 제42조배출시설 등의 무단 멸실 또는 폐업,032-715-7831,,수질,2025-06-23,3501000,인천광역시 제물포구
비원테크,인천광역시,동구,인천광역시 동구 방축로9번길 57-8,,37.4904281,126.6494222,물환경보전법 제42조배출시설 등의 무단 멸실 또는 폐업,032-861-1001,조성권,수질,2025-06-23,3501000,인천광역시 제물포구
튠아델,인천광역시,동구,인천광역시 동구 염전로 8,,37.4839056,126.6496816,대기환경보전법 제36조배출시설 등의 무단 멸실 또는 폐업,032-765-8879,김홍석,수질,2025-06-23,3501000,인천광역시 제물포구
RS모터스,인천광역시,동구,인천광역시 동구 방축로177번길7,,37.4805283,126.6641775,대기환경보전법 제39조제1항2024년 하반기 자가측정 미이행,032-575-4423,지창복,대기,2025-06-23,3501000,인천광역시 제물포구
RS모터스,인천광역시,동구,인천광역시 동구 방축로177번길7,,37.4805283,126.6641775,대기환경보전법 제23조제3항변경신고 미필,032-575-4423,지창복,대기,2025-06-23,3501000,인천광역시 제물포구
(합)세기자동차,인천광역시,미추홀구,인천광역시 미추홀구 아암대로253번길 35,,37.44109275,126.6354501,배출허용기준 초과,032-831-3301,,대기,2025-01-05,3510500,인천광역시 미추홀구
인하주유소,인천광역시,미추홀구,인천광역시 미추홀구 인하로 130,,37.4494002655,126.6625187521,운영일지 거짓작성,032-867-5101,,수질,2025-01-05,3510500,인천광역시 미추홀구
농업회사법인 주식회사 청정식품,인천광역시,미추홀구,인천광역시 미추홀구 한나루로357번길 116,,37.43863267,126.6552819,운영일지 거짓작성,032-0000-0000,,대기,2025-01-05,3510500,인천광역시 미추홀구
기아㈜인천서비스센터,인천광역시,미추홀구,인천광역시 미추홀구 경인로 309,,37.4602561052,126.675208,운영일지 미작성,032-540-8403,,대기,2025-01-05,3510500,인천광역시 미추홀구
워시블랑,인천광역시,미추홀구,인천광역시 미추홀구 매소홀로 272,,37.4443780393,126.652991,변경신고 미이행,032-862-6057,,수질,2025-01-05,3510500,인천광역시 미추홀구
고려세차장,인천광역시,미추홀구,인천광역시 미추홀구 아암대로227번길 70-9,,37.44225625,126.637302,운영일지 거짓작성,032-811-5774,,수질,2025-01-05,3510500,인천광역시 미추홀구
동명세차장,인천광역시,미추홀구,인천광역시 미추홀구 아암대로227번길 70-17,,37.4421283754,126.637336,운영일지 미작성,032-833-6624,,수질,2025-01-05,3510500,인천광역시 미추홀구
㈜뉴젠텍,전북특별자치도,익산시,전북특별자치도 익산시 목천로2길59,,35.92699669,126.9489656,환경기술인교육 미이수,063-841-2921,,수질,2024-11-30,4681000,전북특별자치도 익산시
백제가공,전북특별자치도,익산시,전북특별자치도 익산시 함열읍 미륵사지로 1098,,36.05966401,126.9804631,운영일지 미작성,063-862-1936,,수질,2024-11-30,4681000,전북특별자치도 익산시
(유)삼정농산푸드,전북특별자치도,익산시,전북특별자치도 익산시 금마면 무왕로33길 220,,35.9883122,127.0275252096,수질오염물질 배출허용기준 초과(pH:4.46),063-838-0035,,수질,2024-11-30,4681000,전북특별자치도 익산시
대형석재,전북특별자치도,익산시,전북특별자치도 익산시 황등면 황등리 55-3,,35.9994729,126.9520103,환경기술인교육 미이수,063-856-7651,,수질,2024-11-30,4681000,전북특별자치도 익산시
남성석재,전북특별자치도,익산시,전북특별자치도 익산시 황등면 황등리 1417-1,,35.9935017,126.9533289,환경기술인교육 미이수,063-856-5249,,수질,2024-11-30,4681000,전북특별자치도 익산시
(유)씨앤투영,전북특별자치도,익산시,전북특별자치도 익산시 성당면 성당로 180-3,,36.08836775,126.9373191,환경기술인교육 미이수,063-861-4435,,수질,2024-11-30,4681000,전북특별자치도 익산시
태봉푸드,전북특별자치도,익산시,전북특별자치도 익산시 낭산면 돈다메길 74-12,,36.06744784,127.0223606,"수질오염물질 배출허용기준 초과(T-N, T-P)",000-000-0000,,수질,2024-11-30,4681000,전북특별자치도 익산시
㈜베어포트리조트,전북특별자치도,익산시,전북특별자치도 익산시 웅포면 강변로 130,,36.06981539,126.8915145,폐수배출시설 변경신고 미이행,063-720-7777,,수질,2024-11-30,4681000,전북특별자치도 익산시
백조사,전북특별자치도,익산시,전북특별자치도 익산시 서동로38길 25-9,,35.93786861,126.9767422,대기오염물질 자가측정 미실시,063-841-5669,,대기,2024-11-30,4681000,전북특별자치도 익산시
(유)문광산업개발,전북특별자치도,익산시,전북특별자치도 익산시 낭산면 남천로 533,,36.0607595,127.0450869,변경신고 미이행,063-861-5341,,대기,2024-11-30,4681000,전북특별자치도 익산시
(유)문광산업개발,전북특별자치도,익산시,전북특별자치도 익산시 낭산면 남천로 533,,36.0607595,127.0450869,배출허용기준초과,063-861-5341,,대기,2024-11-30,4681000,전북특별자치도 익산시
진성자동차공업사,전북특별자치도,익산시,전북특별자치도 익산시 서동로46길 8,,35.94457561,127.0033238,대기배출시설 운영일지 거짓작성,063-832-5454,,대기,2024-11-30,4681000,전북특별자치도 익산시
신평산업㈜,전북특별자치도,익산시,전북특별자치도 익산시 왕궁면 제석사지로 335,,35.96744474,127.0799842,배출허용기준초과,063-840-7700,,대기,2024-11-30,4681000,전북특별자치도 익산시
(유)현대자동차 익산서비스,전북특별자치도,익산시,전북특별자치도 익산시 서동로 491(용제동),,35.94428112,127.0014292,배출허용기준초과,063-837-7111,,대기,2024-11-30,4681000,전북특별자치도 익산시
(유)진보산업,전북특별자치도,익산시,전북특별자치도 익산시 황등면 후정길 68,,36.01978215,126.9496813,대기오염물질 자가측정 미실시,063-835-4422,,대기,2024-11-30,4681000,전북특별자치도 익산시
㈜덕산,전북특별자치도,익산시,전북특별자치도 익산시 함열읍 미륵사지로 1156,,36.06217612,126.9766521,대기오염물질 자가측정 미실시,063-862-7114,,대기,2024-11-30,4681000,전북특별자치도 익산시
(유)명천,전북특별자치도,익산시,전북특별자치도 익산시 함라면 함라3길 31,,36.03717294,126.8889665,배출허용기준초과,070-4213-6980,,대기,2024-11-30,4681000,전북특별자치도 익산시
중신영농조합법인,전북특별자치도,익산시,전북특별자치도 익산시 망성면 여강로 639,,36.10331546,127.0485026,대기오염물질 자가측정 미실시,063-861-9798,,대기,2024-11-30,4681000,전북특별자치도 익산시
(유)씨앤투영,전북특별자치도,익산시,전북특별자치도 익산시 성당면 성당로 180-3,,36.08836775,126.9373191,환경기술인 교육 미이수,063-861-4435,,대기,2024-11-30,4681000,전북특별자치도 익산시
㈜베어포트리조트,전북특별자치도,익산시,전북특별자치도 익산시 웅포면 강변로 130,,36.06981539,126.8915145,대기배출시설 변경신고 미이행,063-720-7777,,대기,2024-11-30,4681000,전북특별자치도 익산시
현대요업㈜,전북특별자치도,익산시,전북특별자치도 익산시 여산면 가람로 530,,36.06991384,127.0873702,대기배출시설 운영일지 거짓작성,063-836-8335,,대기,2024-11-30,4681000,전북특별자치도 익산시
㈜해든,전북특별자치도,익산시,"전북특별자치도 익산시 여산면 여강로 347-16, 347-18",,36.0792003,127.0566221,대기배출시설 가동개시 신고 미이행,063-833-8182,,대기,2024-11-30,4681000,전북특별자치도 익산시
쏭덴트,인천광역시,미추홀구,인천광역시 미추홀구 경인로 491-1,,37.4599828271,126.6940724857,미신고 대기배출시설 운영,032-0000-0000,,대기,2025-01-05,3510500,인천광역시 미추홀구
제일상사,경상남도,하동군,경상남도 하동군 하동읍 군청로 163-60,,35.0619693013,127.7644859779,비산먼지 발생사업 신고 미이행,000-0000-0000,정삼수,대기,2024-12-10,5440000,경상남도 하동군
신라종합정비,경상남도,하동군,경상남도 하동군 고전면 재첩길 20,,34.9974197339,127.8026549483,대기환경보전법 제32조(측정기기의 부착 등)제1항 사물인터넷 측정기기 미부착,055-882-8289,천부식,대기,2024-12-10,5440000,경상남도 하동군
금오농업협동조합 진교지점,경상남도,하동군,경상남도 하동군 진교면 경충로 1065,,35.028594885,127.9048389853,배출시설 및 방지시설 운영 일지 미작성,055-883-5182,정영대,수질,2024-12-10,5440000,경상남도 하동군
남해주유소,경상남도,하동군,경상남도 하동군 진교면 민다리안길 9,,35.0343892381,127.9039202098,유증기회수설비 유증기 회수율 검사 결과 부적합(기준미달 2기),055-884-0197,강용호,대기,2024-12-10,5440000,경상남도 하동군
하동포구주유소,경상남도,하동군,경상남도 하동군 하동읍 섬진강대로 1824,,35.0552681489,127.7709796142,수질오염물질 배출허용기준 초과[총유기탄소 초과],000-0000-0000,정혜순,수질,2024-12-10,5440000,경상남도 하동군
동림건업,경상남도,하동군,경상남도 하동군 청암면 청학로 2317,,35.2339114946,127.7274126941,"수질오염물질 배출허용기준 초과[노말헥산, 생태속성 초과]",000-0000-0000,"최문학, 최봉균",수질,2024-12-10,5440000,경상남도 하동군
주영기초소재㈜,경상남도,하동군,경상남도 하동군 고전면 농공단지길 16,,35.0117954968,127.8137492675,대기환경보전법 제23조제3항 대기오염물질 배출시설 변경신고 미이행,000-0000-0000,손현옥,대기,2024-12-10,5440000,경상남도 하동군
정다운㈜하동공장,경상남도,하동군,경상남도 하동군 북천면 가리골길 49-19,,35.1139523301,127.896432291,수질오염물질 배출허용기준 초과,055-883-5249,이지훈,수질,2024-12-10,5440000,경상남도 하동군
㈜노량산업,경상남도,하동군,경상남도 하동군 금남면 제먼당길 107,,34.9490310518,127.8608917637,대기환경보전법 제23조제3항 대기오염물질 배출시설 변경신고 미이행 (신고한 대기배출시설외 시설 증설),055-882-0027,신종현,대기,2024-12-10,5440000,경상남도 하동군
주식회사 성산산업개발,경상남도,하동군,경상남도 하동군 금성면 산업로 560,,34.9635895112,127.7823593046,비산먼지 발생 억제시설 설치 및 필요한 조치 미이행,000-0000-0000,손영숙,대기,2024-12-10,5440000,경상남도 하동군
티에스에이(주),경상남도,하동군,,경상남도 하동군 금남면 계천리 32-17,34.99485314,127.8187213806,비산먼지 발생 억제시설 설치 및 필요한 조치 미이행,055-582-8070,윤지우,대기,2024-12-10,5440000,경상남도 하동군
이누스㈜하동공장,경상남도,하동군,,경상남도 하동군 옥종면 정수리 290-1,35.1476717062,127.8794054447,「대기환경보전법」제23조제1항 대기오염물질 배출시설 허가 미이행,055-883-9490,"홍승렬, 이승호",대기,2024-12-10,5440000,경상남도 하동군
이누스㈜하동공장,경상남도,하동군,,경상남도 하동군 옥종면 정수리 290-1,35.1476717062,127.8794054447,대기환경보전법 제23조제3항 대기오염물질 배출시설 변경신고 미이행,055-883-9490,"홍승렬, 이승호",대기,2024-12-10,5440000,경상남도 하동군
이누스㈜하동공장,경상남도,하동군,,경상남도 하동군 옥종면 정수리 290-1,35.1476717062,127.8794054447,대기환경보전법 제31조제1항제4호 대기오염물질 방지시설 훼손 및 방치,055-883-9490,"홍승렬, 이승호",대기,2024-12-10,5440000,경상남도 하동군
유워시 미추홀센터,인천광역시,미추홀구,인천광역시 미추홀구 장고개로42번길 57,,37.4699459097,126.669966,운영일지 미작성,032-0000-0000,,수질,2025-01-05,3510500,인천광역시 미추홀구
유일자동차공업사,인천광역시,미추홀구,인천광역시 미추홀구 한나루로 603,,37.4597782395,126.6719483163,운영일지 미작성,032-863-1622,,대기,2025-01-05,3510500,인천광역시 미추홀구
㈜제일자동차공업사,인천광역시,미추홀구,인천광역시 미추홀구 아암대로 253번길 31,,37.44106475,126.6344947,변경신고 미이행,032-833-7000,,대기,2025-01-05,3510500,인천광역시 미추홀구
나라자동차정비공업사,인천광역시,미추홀구,인천광역시 미추홀구 매소홀로 280,,37.44403037,126.653589,변경신고 미이행,032-583-6277,,대기,2025-01-05,3510500,인천광역시 미추홀구
대신교통㈜,인천광역시,미추홀구,인천광역시 미추홀구 염창로 16-1,,37.46577847,126.6756566,운영일지 미작성,032-888-2255,,수질,2025-01-05,3510500,인천광역시 미추홀구
㈜강원아스콘,인천광역시,미추홀구,인천광역시 미추홀구 노적산로 11,,37.4430782038,126.6514852496,배출허용기준 초과,032-865-8562,,대기,2025-01-05,3510500,인천광역시 미추홀구
